2025-07-01 00:30:00,"1,0","0,5","0,0","18,8","64,5","918,3"
2025-07-01 01:30:00,"0,5","1,6","0,0","18,4","65,3","918,2"
2025-07-01 02:30:00,"0,9","1,5","0,0","18,2","64,0","918,1"
2025-07-01 03:30:00,"1,1","0,1","0,0","17,9","65,1","918,1"
2025-07-01 04:30:00,"0,8","2,1","0,0","16,5","69,0","918,2"
2025-07-01 05:30:00,"0,5","5,8","0,0","16,7","69,7","918,2"
2025-07-01 06:30:00,"0,6","5,6","0,0","17,3","68,0","918,4"
2025-07-01 07:30:00,"1,4","0,0","0,0","19,8","62,9","918,5"
2025-07-01 08:30:00,"2,4","0,0","0,0","20,4","63,6","918,7"
2025-07-01 09:30:00,"3,5","1,0","0,0","20,5","65,0","918,8"
2025-07-01 10:30:00,"2,9","1,7","0,0","21,5","64,3","918,9"
2025-07-01 11:30:00,"2,6","2,2","0,0","22,5","61,4","918,8"
2025-07-01 12:30:00,"1,8","5,1","0,0","23,5","58,5","918,6"
2025-07-01 13:30:00,"1,5","4,4","0,0","24,0","56,5","918,4"
2025-07-01 14:30:00,"1,8","1,9","0,0","24,7","54,6","918,2"
2025-07-01 15:30:00,"1,6","1,1","0,0","23,9","56,8","918,2"
2025-07-01 16:30:00,"1,5","0,9","0,0","23,1","57,7","918,2"
2025-07-01 17:30:00,"1,5","0,1","0,0","21,0","59,4","918,4"
2025-07-01 18:30:00,"1,5","0,4","0,0","20,0","63,4","918,5"
2025-07-01 19:30:00,"1,6","0,2","0,0","19,5","66,7","918,6"
2025-07-01 20:30:00,"1,1","2,1","0,0","18,8","67,2","918,7"
2025-07-01 21:30:00,"0,5","3,7","0,0","17,9","68,5","918,8"
2025-07-01 22:30:00,"0,8","1,0","0,0","17,9","68,3","918,8"
2025-07-01 23:30:00,"1,0","0,8","0,0","18,1","66,1","918,8"
2025-07-02 00:30:00,"1,2","12,2","0,0","16,4","73,1","918,8"
2025-07-02 01:30:00,"1,3","28,5","0,0","16,1","74,1","918,8"
2025-07-02 02:30:00,"1,1","31,4","0,0","15,9","75,8","918,7"
2025-07-02 03:30:00,"0,9","86,2","0,0","15,2","82,1","918,7"
2025-07-02 04:30:00,"1,0","148,9","0,0","14,9","85,5","918,8"
2025-07-02 05:30:00,"1,1","142,6","0,0","14,8","89,2","918,9"
2025-07-02 06:30:00,"1,0","156,3","0,0","15,0","89,8","919,0"
2025-07-02 07:30:00,"1,0","145,2","0,0","16,0","88,4","919,2"
2025-07-02 08:30:00,"1,3","62,7","0,0","18,2","81,1","919,4"
2025-07-02 09:30:00,"1,2","7,0","0,0","20,0","74,0","919,5"
2025-07-02 10:30:00,"1,5","5,7","0,0","20,0","73,0","919,5"
2025-07-02 11:30:00,"1,3","5,3","0,0","20,2","69,5","919,3"
2025-07-02 12:30:00,"1,6","2,9","0,0","21,9","61,5","919,0"
2025-07-02 13:30:00,"1,5","2,1","0,0","22,0","57,6","918,8"
2025-07-02 14:30:00,"1,6","0,4","0,0","23,2","53,4","918,6"
2025-07-02 15:30:00,"1,6","0,6","0,0","22,6","54,4","918,6"
2025-07-02 16:30:00,"1,3","0,9","0,0","22,0","56,5","918,6"
2025-07-02 17:30:00,"1,1","3,6","0,0","19,9","65,9","918,8"
2025-07-02 18:30:00,"0,7","4,4","0,0","19,0","70,2","918,9"
2025-07-02 19:30:00,"1,1","19,7","0,0","18,2","73,0","919,0"
2025-07-02 20:30:00,"1,2","16,5","0,0","18,1","71,2","919,1"
2025-07-02 21:30:00,"1,4","30,8","0,0","17,4","74,2","919,2"
2025-07-02 22:30:00,"1,6","80,6","0,0","16,2","81,5","919,3"
2025-07-02 23:30:00,"2,2","103,9","0,0","16,1","84,2","919,3"
2025-07-03 00:30:00,"2,1","139,5","0,0","15,3","88,2","919,3"
2025-07-03 01:30:00,"2,1","176,0","0,0","15,2","90,0","919,2"
2025-07-03 02:30:00,"1,9","168,2","0,0","15,2","90,7","919,0"
2025-07-03 03:30:00,"1,8","161,8","0,0","15,0","91,2","919,0"
2025-07-03 04:30:00,"1,3","163,9","0,0","15,0","91,3","919,0"
2025-07-03 05:30:00,"0,9","164,4","0,0","14,9","91,7","919,1"
2025-07-03 06:30:00,"1,1","164,8","0,0","14,8","91,9","919,3"
2025-07-03 07:30:00,"0,9","176,5","0,0","15,1","91,1","919,4"
2025-07-03 08:30:00,"1,4","68,8","0,0","16,8","83,9","919,5"
2025-07-03 09:30:00,"1,3","39,9","0,0","17,9","79,6","919,6"
2025-07-03 10:30:00,"1,6","15,6","0,0","19,3","74,4","919,5"
2025-07-03 11:30:00,"1,7","3,6","0,0","19,8","71,5","919,3"
2025-07-03 12:30:00,"1,4","3,3","0,0","19,8","70,6","919,1"
2025-07-03 13:30:00,"1,5","355,8","0,0","20,0","70,6","918,8"
2025-07-03 14:30:00,"1,1","0,0","0,0","18,6","80,3","918,7"
2025-07-03 15:30:00,"1,4","0,0","0,0","18,5","79,5","918,7"
2025-07-03 16:30:00,"1,7","179,2","0,2","17,6","82,6","918,7"
2025-07-03 17:30:00,"1,5","258,4","0,0","16,3","90,1","918,8"
2025-07-03 18:30:00,"1,7","224,8","0,0","15,7","92,8","919,0"
2025-07-03 19:30:00,"1,4","208,2","0,0","15,2","95,2","919,0"
2025-07-03 20:30:00,"1,3","191,3","0,0","15,1","96,5","919,1"
2025-07-03 21:30:00,"1,5","133,8","0,0","14,9","97,0","919,2"
2025-07-03 22:30:00,"1,4","253,9","0,6","14,9","96,9","919,2"
2025-07-03 23:30:00,"1,6","236,6","0,4","14,8","97,7","919,2"
2025-07-04 00:30:00,"1,2","271,1","0,0","14,8","98,0","919,1"
2025-07-04 01:30:00,"0,5","264,6","0,0","14,8","98,1","919,0"
2025-07-04 02:30:00,"0,6","269,3","0,0","14,6","98,2","918,8"
2025-07-04 03:30:00,"0,8","258,9","0,0","14,4","98,1","918,8"
2025-07-04 04:30:00,"1,0","260,8","0,0","14,4","98,2","918,8"
2025-07-04 05:30:00,"1,1","278,4","0,0","14,4","98,1","918,8"
2025-07-04 06:30:00,"1,3","285,1","0,0","14,2","97,9","919,0"
2025-07-04 07:30:00,"1,3","298,7","0,0","14,5","96,9","919,2"
2025-07-04 08:30:00,"1,6","136,9","0,0","15,4","93,8","919,3"
2025-07-04 09:30:00,"1,9","39,2","0,0","16,0","91,8","919,5"
2025-07-04 10:30:00,"1,5","0,0","0,0","15,6","92,6","919,5"
2025-07-04 11:30:00,"1,6","0,0","0,0","16,0","90,8","919,4"
2025-07-04 12:30:00,"1,8","80,2","0,2","17,9","83,6","919,1"
2025-07-04 13:30:00,"2,1","124,1","0,0","18,4","80,1","918,8"
2025-07-04 14:30:00,"2,5","61,6","0,2","16,2","91,6","918,7"
2025-07-04 15:30:00,"2,0","156,9","0,0","15,9","95,0","918,8"
2025-07-04 16:30:00,"2,1","155,4","0,2","15,7","95,4","918,8"
2025-07-04 17:30:00,"1,7","218,2","0,0","15,2","96,2","918,9"
2025-07-04 18:30:00,"1,2","220,0","0,0","14,8","95,1","918,9"
2025-07-04 19:30:00,"0,9","163,7","0,0","14,7","92,6","919,0"
2025-07-04 20:30:00,"0,7","175,5","0,0","14,2","93,5","919,0"
2025-07-04 21:30:00,"1,0","171,2","0,0","13,8","95,6","919,1"
2025-07-04 22:30:00,"1,3","104,8","0,0","13,4","94,8","919,1"
2025-07-04 23:30:00,"0,8","111,5","0,0","13,0","94,8","919,1"
2025-07-05 00:30:00,"1,9","176,8","0,0","12,5","96,3","919,0"
2025-07-05 01:30:00,"0,6","243,2","0,0","12,1","97,3","918,9"
2025-07-05 02:30:00,"0,5","221,2","0,0","11,9","97,7","918,8"
2025-07-05 03:30:00,"0,5","179,8","0,0","12,0","98,0","918,7"
2025-07-05 04:30:00,"1,0","186,8","0,0","12,0","98,1","918,6"
2025-07-05 05:30:00,"1,0","180,1","0,0","11,8","98,4","918,8"
2025-07-05 06:30:00,"0,5","168,8","0,0","11,7","98,4","919,0"
2025-07-05 07:30:00,"0,7","173,2","0,0","11,8","98,1","919,2"
2025-07-05 08:30:00,"0,6","344,3","0,0","13,3","91,0","919,4"
2025-07-05 09:30:00,"0,7","19,2","0,0","16,7","76,9","919,6"
2025-07-05 10:30:00,"0,6","32,9","0,0","17,6","73,5","919,5"
2025-07-05 11:30:00,"0,6","41,0","0,0","19,0","67,5","919,2"
2025-07-05 12:30:00,"0,6","49,1","0,0","20,4","61,0","918,8"
2025-07-05 13:30:00,"0,9","55,9","0,0","20,5","59,4","918,5"
2025-07-05 14:30:00,"0,6","64,0","0,0","20,5","57,3","918,3"
2025-07-05 15:30:00,"0,6","67,3","0,0","22,1","53,5","918,1"
2025-07-05 16:30:00,"0,6","65,8","0,0","20,2","59,4","918,1"
2025-07-05 17:30:00,"0,5","61,9","0,0","18,5","65,1","918,2"
2025-07-05 18:30:00,"0,5","208,6","0,0","17,7","67,5","918,3"
2025-07-05 19:30:00,"0,5","203,7","0,0","16,8","71,5","918,5"
2025-07-05 20:30:00,"0,5","193,7","0,0","15,9","75,6","918,6"
2025-07-05 21:30:00,"0,5","186,3","0,0","15,8","76,2","918,6"
2025-07-05 22:30:00,"0,5","183,9","0,0","15,5","77,4","918,6"
2025-07-05 23:30:00,"0,5","179,2","0,0","15,5","76,8","918,6"
2025-07-06 00:30:00,"0,5","172,6","0,0","15,7","76,0","918,5"
2025-07-06 01:30:00,"0,5","161,8","0,0","15,2","78,7","918,3"
2025-07-06 02:30:00,"0,5","145,7","0,0","14,6","80,6","918,1"
2025-07-06 03:30:00,"0,5","114,7","0,0","14,1","85,7","918,0"
2025-07-06 04:30:00,"0,5","91,9","0,0","13,3","88,8","918,0"
2025-07-06 05:30:00,"0,5","65,7","0,0","13,0","91,3","918,0"
2025-07-06 06:30:00,"0,5","64,2","0,0","13,2","90,8","918,2"
2025-07-06 07:30:00,"0,5","63,0","0,0","15,3","83,7","918,4"
2025-07-06 08:30:00,"0,5","186,5","0,0","16,9","77,5","918,6"
2025-07-06 09:30:00,"1,5","190,2","0,0","17,2","78,2","918,7"
2025-07-06 10:30:00,"3,2","168,0","0,0","18,4","74,3","918,7"
2025-07-06 11:30:00,"2,1","198,1","0,0","20,1","67,0","918,5"
2025-07-06 12:30:00,"2,1","289,9","0,0","20,5","65,0","918,2"
2025-07-06 13:30:00,"1,6","333,5","0,0","21,2","61,2","917,9"
2025-07-06 14:30:00,"1,4","13,6","0,0","21,2","59,9","917,7"
2025-07-06 15:30:00,"0,9","12,5","0,0","21,8","56,8","917,7"
2025-07-06 16:30:00,"0,9","17,2","0,0","22,7","54,0","917,7"
2025-07-06 17:30:00,"0,7","16,8","0,0","20,1","62,3","917,9"
2025-07-06 18:30:00,"0,8","29,7","0,0","18,1","70,2","918,1"
2025-07-06 19:30:00,"1,2","28,1","0,0","16,6","80,9","918,3"
2025-07-06 20:30:00,"0,7","28,1","0,0","16,1","83,4","918,5"
2025-07-06 21:30:00,"0,5","27,4","0,0","16,1","83,4","918,6"
2025-07-06 22:30:00,"0,5","50,7","0,0","16,2","78,9","918,6"
2025-07-06 23:30:00,"0,8","72,3","0,0","16,6","75,4","918,6"
2025-07-07 00:30:00,"0,8","32,9","0,0","14,3","87,5","918,6"
2025-07-07 01:30:00,"0,5","37,1","0,0","14,6","85,1","918,5"
2025-07-07 02:30:00,"0,6","39,3","0,0","13,9","87,6","918,4"
2025-07-07 03:30:00,"0,6","38,8","0,0","13,6","86,9","918,4"
2025-07-07 04:30:00,"0,6","43,0","0,0","13,1","87,7","918,4"
2025-07-07 05:30:00,"0,5","19,1","0,0","12,8","89,7","918,6"
2025-07-07 06:30:00,"0,5","41,2","0,0","12,4","91,5","918,8"
2025-07-07 07:30:00,"0,5","37,5","0,0","12,8","91,7","919,1"
2025-07-07 08:30:00,"0,5","29,0","0,0","13,9","87,3","919,4"
2025-07-07 09:30:00,"0,6","59,9","0,0","15,4","81,9","919,5"
2025-07-07 10:30:00,"0,9","44,2","0,0","16,9","75,9","919,4"
2025-07-07 11:30:00,"1,3","31,8","0,0","19,1","66,8","919,2"
2025-07-07 12:30:00,"1,2","13,7","0,0","21,1","59,6","918,9"
2025-07-07 13:30:00,"0,7","16,3","0,0","19,0","63,1","918,7"
2025-07-07 14:30:00,"1,3","22,1","0,0","21,4","57,3","918,5"
2025-07-07 15:30:00,"1,0","5,6","0,0","19,8","60,0","918,4"
2025-07-07 16:30:00,"1,4","5,3","0,0","19,3","62,4","918,5"
2025-07-07 17:30:00,"1,0","15,8","0,0","17,8","68,2","918,6"
2025-07-07 18:30:00,"0,6","25,8","0,0","16,6","72,7","918,8"
2025-07-07 19:30:00,"0,5","40,0","0,0","16,0","74,3","918,9"
2025-07-07 20:30:00,"0,5","40,8","0,0","15,7","74,5","919,1"
2025-07-07 21:30:00,"0,5","27,1","0,0","15,2","77,8","919,2"
2025-07-07 22:30:00,"0,5","28,7","0,0","15,6","73,1","919,2"
2025-07-07 23:30:00,"0,5","30,8","0,0","15,2","74,1","919,1"
2025-07-08 00:30:00,"0,6","31,6","0,0","14,2","79,6","919,0"
2025-07-08 01:30:00,"0,5","57,0","0,0","13,3","84,1","918,9"
2025-07-08 02:30:00,"0,5","58,1","0,0","13,3","83,0","918,8"
2025-07-08 03:30:00,"0,5","65,9","0,0","13,4","81,8","918,7"
2025-07-08 04:30:00,"0,5","59,5","0,0","12,9","83,5","918,6"
2025-07-08 05:30:00,"0,5","53,5","0,0","12,7","83,5","918,7"
2025-07-08 06:30:00,"0,5","43,5","0,0","12,9","83,0","918,8"
2025-07-08 07:30:00,"0,6","26,5","0,0","15,0","76,9","918,9"
2025-07-08 08:30:00,"2,0","15,7","0,0","15,7","74,0","919,1"
2025-07-08 09:30:00,"2,0","6,4","0,0","17,4","68,7","919,2"
2025-07-08 10:30:00,"1,6","8,1","0,0","19,4","59,4","919,1"
2025-07-08 11:30:00,"2,1","9,6","0,0","20,1","50,2","918,9"
2025-07-08 12:30:00,"2,3","11,2","0,0","21,4","49,4","918,6"
2025-07-08 13:30:00,"2,6","9,7","0,0","21,6","49,9","918,3"
2025-07-08 14:30:00,"2,2","11,0","0,0","22,0","49,4","918,0"
2025-07-08 15:30:00,"1,7","9,9","0,0","22,3","48,7","917,9"
2025-07-08 16:30:00,"1,5","17,5","0,0","21,8","50,3","918,0"
2025-07-08 17:30:00,"1,2","24,2","0,0","19,5","56,4","918,2"
2025-07-08 18:30:00,"0,6","18,0","0,0","18,4","59,5","918,3"
2025-07-08 19:30:00,"0,6","65,4","0,0","16,7","70,4","918,4"
2025-07-08 20:30:00,"0,5","83,9","0,0","16,1","73,5","918,6"
2025-07-08 21:30:00,"0,5","82,9","0,0","16,0","73,2","918,7"
2025-07-08 22:30:00,"0,7","42,2","0,0","16,0","70,4","918,7"
2025-07-08 23:30:00,"1,8","29,8","0,0","16,3","67,7","918,6"
2025-07-09 00:30:00,"1,6","21,8","0,0","15,9","69,0","918,6"
2025-07-09 01:30:00,"1,9","13,6","0,0","15,7","69,5","918,4"
2025-07-09 02:30:00,"0,7","15,0","0,0","14,8","73,0","918,3"
2025-07-09 03:30:00,"0,5","81,6","0,0","13,1","82,6","918,2"
2025-07-09 04:30:00,"0,5","118,9","0,0","12,4","85,6","918,3"
2025-07-09 05:30:00,"0,5","147,6","0,0","12,2","85,9","918,3"
2025-07-09 06:30:00,"0,5","144,4","0,0","13,0","81,7","918,5"
2025-07-09 07:30:00,"0,5","78,4","0,0","16,6","69,8","918,7"
2025-07-09 08:30:00,"0,6","41,5","0,0","18,7","64,5","918,9"
2025-07-09 09:30:00,"0,8","26,2","0,0","19,6","63,3","919,1"
2025-07-09 10:30:00,"0,9","19,0","0,0","19,9","62,1","919,1"
2025-07-09 11:30:00,"1,1","9,9","0,0","21,7","57,4","918,9"
2025-07-09 12:30:00,"1,5","5,6","0,0","20,4","59,9","918,8"
2025-07-09 13:30:00,"1,5","10,8","0,0","20,4","60,0","918,6"
2025-07-09 14:30:00,"1,1","7,5","0,0","20,8","57,9","918,5"
2025-07-09 15:30:00,"1,2","4,4","0,0","20,7","58,0","918,5"
2025-07-09 16:30:00,"1,5","3,8","0,0","20,4","58,4","918,5"
2025-07-09 17:30:00,"1,2","12,8","0,0","19,3","62,0","918,6"
2025-07-09 18:30:00,"1,1","33,6","0,0","18,4","65,0","918,8"
2025-07-09 19:30:00,"0,6","69,4","0,0","17,6","68,1","919,0"
2025-07-09 20:30:00,"0,5","75,9","0,0","17,4","68,8","919,1"
2025-07-09 21:30:00,"0,5","69,5","0,0","17,7","68,0","919,2"
2025-07-09 22:30:00,"0,5","89,3","0,0","17,0","71,5","919,3"
2025-07-09 23:30:00,"0,6","110,9","0,0","16,6","74,8","919,4"
2025-07-10 00:30:00,"0,7","120,2","0,0","16,4","76,2","919,4"
2025-07-10 01:30:00,"0,9","135,5","0,0","16,1","78,6","919,3"
2025-07-10 02:30:00,"0,8","164,1","0,0","15,7","82,3","919,1"
2025-07-10 03:30:00,"0,5","204,6","0,0","15,4","85,0","919,1"
2025-07-10 04:30:00,"0,5","209,9","0,0","15,4","85,2","919,1"
2025-07-10 05:30:00,"0,5","227,6","0,0","15,1","87,2","919,2"
2025-07-10 06:30:00,"0,6","230,0","0,0","14,9","88,5","919,3"
2025-07-10 07:30:00,"0,6","214,3","0,0","15,3","87,5","919,4"
2025-07-10 08:30:00,"0,7","136,3","0,0","17,7","79,7","919,6"
2025-07-10 09:30:00,"1,7","82,6","0,0","18,2","74,8","919,7"
2025-07-10 10:30:00,"1,1","79,6","0,0","19,0","70,4","919,7"
2025-07-10 11:30:00,"1,5","55,8","0,0","21,0","64,4","919,6"
2025-07-10 12:30:00,"1,2","41,3","0,0","19,9","66,7","919,5"
2025-07-10 13:30:00,"1,0","46,4","0,0","20,0","65,7","919,3"
2025-07-10 14:30:00,"1,1","45,4","0,0","19,7","66,9","919,1"
2025-07-10 15:30:00,"1,2","44,4","0,0","20,0","66,3","919,0"
2025-07-10 16:30:00,"0,8","50,8","0,0","19,7","67,5","919,1"
2025-07-10 17:30:00,"0,9","86,5","0,0","18,8","71,9","919,2"
2025-07-10 18:30:00,"1,4","110,8","0,0","18,0","75,9","919,3"
2025-07-10 19:30:00,"1,0","137,2","0,0","17,7","77,4","919,4"
2025-07-10 20:30:00,"1,1","162,4","0,0","17,4","78,6","919,5"
2025-07-10 21:30:00,"1,5","198,2","0,0","16,6","82,1","919,6"
2025-07-10 22:30:00,"0,6","238,7","0,0","15,9","85,7","919,6"
2025-07-10 23:30:00,"0,8","266,9","0,0","15,4","87,1","919,6"
2025-07-11 00:30:00,"0,6","259,7","0,0","15,3","86,9","919,6"
2025-07-11 01:30:00,"0,6","273,4","0,0","14,9","88,0","919,5"
2025-07-11 02:30:00,"0,6","280,9","0,0","14,6","89,0","919,4"
2025-07-11 03:30:00,"0,5","301,2","0,0","14,2","89,7","919,3"
2025-07-11 04:30:00,"0,5","302,0","0,0","13,9","90,0","919,3"
2025-07-11 05:30:00,"0,6","283,4","0,0","13,9","90,6","919,4"
2025-07-11 06:30:00,"0,6","280,3","0,0","13,4","94,3","919,5"
2025-07-11 07:30:00,"0,5","280,2","0,0","13,8","94,7","919,7"
2025-07-11 08:30:00,"0,8","280,6","0,0","14,7","91,2","920,0"
2025-07-11 09:30:00,"1,1","250,4","0,0","15,3","89,1","920,2"
2025-07-11 10:30:00,"1,4","206,1","0,0","16,5","84,4","920,1"
2025-07-11 11:30:00,"1,2","175,1","0,0","17,2","82,0","919,9"
2025-07-11 12:30:00,"1,0","221,9","0,0","17,2","84,8","919,6"
2025-07-11 13:30:00,"1,4","203,5","0,0","18,1","80,5","919,4"
2025-07-11 14:30:00,"1,8","170,4","0,0","18,9","77,1","919,2"
2025-07-11 15:30:00,"1,7","173,3","0,0","19,1","76,2","919,1"
2025-07-11 16:30:00,"1,0","200,2","0,0","18,3","80,4","919,2"
2025-07-11 17:30:00,"1,5","249,9","0,0","17,2","86,7","919,2"
2025-07-11 18:30:00,"1,1","276,6","0,0","16,5","90,0","919,3"
2025-07-11 19:30:00,"1,4","294,6","0,0","16,2","91,1","919,4"
2025-07-11 20:30:00,"1,0","294,5","0,0","16,1","91,5","919,5"
2025-07-11 21:30:00,"1,0","285,7","0,0","15,9","91,6","919,6"
2025-07-11 22:30:00,"0,8","283,6","0,0","15,5","93,7","919,6"
2025-07-11 23:30:00,"0,9","277,3","0,0","15,4","94,4","919,5"
2025-07-12 00:30:00,"0,6","261,8","0,0","15,2","95,5","919,5"
2025-07-12 01:30:00,"1,0","272,5","0,2","14,8","97,4","919,3"
2025-07-12 02:30:00,"0,7","297,8","0,0","14,6","97,8","919,2"
2025-07-12 03:30:00,"0,7","309,1","0,2","14,5","97,9","919,1"
2025-07-12 04:30:00,"0,7","314,3","0,2","14,3","98,2","919,1"
2025-07-12 05:30:00,"0,6","319,4","0,0","14,3","98,4","919,1"
2025-07-12 06:30:00,"0,6","321,9","0,0","14,2","98,4","919,2"
2025-07-12 07:30:00,"0,5","327,3","0,0","14,4","97,8","919,4"
2025-07-12 08:30:00,"0,6","322,1","0,0","14,7","96,7","919,6"
2025-07-12 09:30:00,"0,6","0,0","0,0","15,5","95,3","919,8"
2025-07-12 10:30:00,"0,7","88,5","0,0","16,0","92,7","919,8"
2025-07-12 11:30:00,"0,8","36,6","0,0","16,5","89,4","919,7"
2025-07-12 12:30:00,"1,4","0,0","0,0","17,4","83,5","919,5"
2025-07-12 13:30:00,"0,7","44,3","0,0","17,6","83,8","919,3"
2025-07-12 14:30:00,"1,0","21,6","0,0","19,0","75,9","919,1"
2025-07-12 15:30:00,"1,0","30,2","0,0","19,3","74,3","918,9"
2025-07-12 16:30:00,"0,6","36,8","0,0","18,9","75,0","919,0"
2025-07-12 17:30:00,"0,6","39,3","0,0","17,8","79,8","919,0"
2025-07-12 18:30:00,"0,5","42,1","0,0","17,2","83,7","919,0"
2025-07-12 19:30:00,"0,5","39,2","0,0","16,7","85,8","919,1"
2025-07-12 20:30:00,"0,5","40,9","0,0","16,7","85,5","919,2"
2025-07-12 21:30:00,"0,5","38,8","0,0","16,7","85,8","919,3"
2025-07-12 22:30:00,"0,5","37,9","0,0","16,6","86,0","919,3"
2025-07-12 23:30:00,"0,5","35,0","0,0","16,7","84,4","919,3"
2025-07-13 00:30:00,"0,5","38,5","0,0","16,3","86,7","919,3"
2025-07-13 01:30:00,"0,5","37,6","0,0","15,7","89,9","919,2"
2025-07-13 02:30:00,"0,5","48,9","0,0","15,0","94,6","919,1"
2025-07-13 03:30:00,"0,5","62,7","0,0","14,8","95,1","919,0"
2025-07-13 04:30:00,"0,6","69,7","0,0","14,5","96,0","919,0"
2025-07-13 05:30:00,"0,6","68,0","0,0","14,4","96,3","919,1"
2025-07-13 06:30:00,"0,5","57,5","0,0","14,2","94,9","919,2"
2025-07-13 07:30:00,"0,5","42,9","0,0","14,4","89,9","919,4"
2025-07-13 08:30:00,"0,5","41,7","0,0","15,2","82,3","919,7"
2025-07-13 09:30:00,"0,8","41,1","0,0","16,9","69,4","919,9"
2025-07-13 10:30:00,"1,1","41,9","0,0","17,8","64,1","919,9"
2025-07-13 11:30:00,"0,7","44,1","0,0","19,1","58,3","919,8"
2025-07-13 12:30:00,"0,7","40,9","0,0","19,7","55,6","919,5"
2025-07-13 13:30:00,"0,8","47,4","0,0","19,9","53,8","919,3"
2025-07-13 14:30:00,"0,8","43,2","0,0","20,4","52,0","919,1"
2025-07-13 15:30:00,"0,8","129,8","0,0","19,5","54,1","918,9"
2025-07-13 16:30:00,"0,7","161,5","0,0","18,8","55,9","919,0"
2025-07-13 17:30:00,"0,8","159,0","0,0","17,9","59,1","919,0"
2025-07-13 18:30:00,"1,4","162,3","0,0","17,1","64,0","919,0"
2025-07-13 19:30:00,"0,5","169,9","0,0","16,2","68,4","919,2"
2025-07-13 20:30:00,"0,5","163,7","0,0","15,7","68,7","919,3"
2025-07-13 21:30:00,"0,5","147,8","0,0","14,7","74,0","919,4"
2025-07-13 22:30:00,"0,5","137,8","0,0","14,7","72,5","919,5"
2025-07-13 23:30:00,"0,5","160,7","0,0","14,7","70,4","919,4"
2025-07-14 00:30:00,"0,5","163,2","0,0","14,3","71,2","919,3"
2025-07-14 01:30:00,"0,5","158,3","0,0","14,1","71,9","919,3"
2025-07-14 02:30:00,"0,5","150,0","0,0","13,5","74,9","919,2"
2025-07-14 03:30:00,"0,5","138,8","0,0","13,2","75,6","919,1"
2025-07-14 04:30:00,"0,5","131,9","0,0","13,5","74,5","919,1"
2025-07-14 05:30:00,"0,5","124,3","0,0","13,1","76,8","919,1"
2025-07-14 06:30:00,"0,8","115,4","0,0","13,8","76,1","919,2"
2025-07-14 07:30:00,"1,2","134,7","0,0","14,8","75,4","919,4"
2025-07-14 08:30:00,"1,4","147,3","0,0","16,1","74,2","919,6"
2025-07-14 09:30:00,"2,0","148,3","0,0","17,1","72,0","919,7"
2025-07-14 10:30:00,"2,0","28,0","0,0","18,7","67,8","919,7"
2025-07-14 11:30:00,"1,7","65,8","0,0","20,2","62,7","919,5"
2025-07-14 12:30:00,"1,6","24,8","0,0","21,2","57,8","919,2"
2025-07-14 13:30:00,"0,8","36,4","0,0","20,3","55,6","919,0"
2025-07-14 14:30:00,"0,8","39,5","0,0","20,3","51,9","918,8"
2025-07-14 15:30:00,"1,4","26,5","0,0","20,0","55,6","918,8"
2025-07-14 16:30:00,"1,0","45,7","0,0","19,5","57,9","918,8"
2025-07-14 17:30:00,"0,5","36,8","0,0","18,9","57,7","918,8"
2025-07-14 18:30:00,"0,5","25,4","0,0","18,3","57,2","918,8"
2025-07-14 19:30:00,"0,5","42,0","0,0","17,6","62,5","918,9"
2025-07-14 20:30:00,"0,5","54,0","0,0","17,2","66,1","919,1"
2025-07-14 21:30:00,"0,5","45,5","0,0","17,4","65,0","919,1"
2025-07-14 22:30:00,"0,5","53,7","0,0","16,5","66,8","919,2"
2025-07-14 23:30:00,"0,5","58,0","0,0","16,2","69,9","919,1"
2025-07-15 00:30:00,"0,5","52,5","0,0","16,3","69,2","918,9"
2025-07-15 01:30:00,"0,5","54,6","0,0","15,9","69,6","918,7"
2025-07-15 02:30:00,"0,5","52,8","0,0","15,6","67,5","918,6"
2025-07-15 03:30:00,"0,5","58,5","0,0","15,4","65,1","918,5"
2025-07-15 04:30:00,"0,7","39,3","0,0","13,3","81,2","918,5"
2025-07-15 05:30:00,"0,5","80,8","0,0","14,5","73,0","918,5"
2025-07-15 06:30:00,"1,3","56,5","0,0","13,3","77,9","918,6"
2025-07-15 07:30:00,"1,5","24,3","0,0","16,0","68,9","918,8"
2025-07-15 08:30:00,"1,7","9,7","0,0","17,2","67,1","919,0"
2025-07-15 09:30:00,"2,2","10,3","0,0","18,9","60,5","919,1"
2025-07-15 10:30:00,"2,3","15,3","0,0","20,4","54,4","919,1"
2025-07-15 11:30:00,"2,0","18,9","0,0","21,6","50,7","918,8"
2025-07-15 12:30:00,"2,0","8,9","0,0","21,6","46,1","918,5"
2025-07-15 13:30:00,"1,9","1,7","0,0","22,4","43,5","918,3"
2025-07-15 14:30:00,"1,4","3,0","0,0","21,8","46,0","918,1"
2025-07-15 15:30:00,"1,4","1,1","0,0","21,0","50,4","918,0"
2025-07-15 16:30:00,"1,2","0,4","0,0","20,6","52,4","918,0"
2025-07-15 17:30:00,"1,0","0,5","0,0","19,4","55,3","918,0"
2025-07-15 18:30:00,"0,5","7,5","0,0","18,3","60,1","918,1"
2025-07-15 19:30:00,"0,5","23,3","0,0","17,3","63,9","918,2"
2025-07-15 20:30:00,"0,6","30,2","0,0","16,8","65,2","918,3"
2025-07-15 21:30:00,"0,7","14,1","0,0","16,7","61,9","918,3"
2025-07-15 22:30:00,"0,5","25,2","0,0","16,4","61,7","918,3"
2025-07-15 23:30:00,"0,5","1,3","0,0","17,2","55,2","918,2"
2025-07-16 00:30:00,"0,9","16,1","0,0","17,0","54,5","918,2"
2025-07-16 01:30:00,"0,7","15,2","0,0","16,9","56,1","918,0"
2025-07-16 02:30:00,"0,5","4,6","0,0","15,7","59,4","917,9"
2025-07-16 03:30:00,"0,9","4,7","0,0","14,6","64,9","917,9"
2025-07-16 04:30:00,"0,8","14,2","0,0","14,2","66,8","917,9"
2025-07-16 05:30:00,"1,0","22,9","0,0","13,6","69,2","918,0"
2025-07-16 06:30:00,"0,8","32,0","0,0","13,5","70,1","918,2"
2025-07-16 07:30:00,"0,9","5,5","0,0","16,4","62,8","918,4"
2025-07-16 08:30:00,"1,2","1,7","0,0","17,4","60,9","918,6"
2025-07-16 09:30:00,"1,6","4,6","0,0","19,2","59,5","918,8"
2025-07-16 10:30:00,"2,2","2,1","0,0","20,1","57,8","918,7"
2025-07-16 11:30:00,"2,2","4,0","0,0","21,7","50,6","918,5"
2025-07-16 12:30:00,"1,6","2,8","0,0","21,7","46,5","918,4"
2025-07-16 13:30:00,"2,0","4,7","0,0","22,6","46,0","918,0"
2025-07-16 14:30:00,"2,2","2,8","0,0","22,7","47,1","917,9"
2025-07-16 15:30:00,"1,9","0,8","0,0","21,5","50,9","917,9"
2025-07-16 16:30:00,"1,6","0,7","0,0","21,3","49,5","918,0"
2025-07-16 17:30:00,"2,0","0,0","0,0","19,5","55,5","918,1"
2025-07-16 18:30:00,"0,7","1,3","0,0","18,5","59,3","918,1"
2025-07-16 19:30:00,"0,7","7,4","0,0","17,5","62,6","918,3"
2025-07-16 20:30:00,"0,8","7,6","0,0","17,2","63,7","918,4"
2025-07-16 21:30:00,"1,1","2,4","0,0","17,4","62,7","918,4"
2025-07-16 22:30:00,"1,0","0,2","0,0","17,0","62,3","918,5"
2025-07-16 23:30:00,"1,1","0,2","0,0","17,0","59,4","918,4"
2025-07-17 00:30:00,"0,8","0,0","0,0","16,3","61,1","918,3"
2025-07-17 01:30:00,"1,3","0,6","0,0","16,3","60,3","918,2"
2025-07-17 02:30:00,"1,4","0,1","0,0","16,5","59,5","918,0"
2025-07-17 03:30:00,"0,9","0,2","0,0","15,8","62,3","917,9"
2025-07-17 04:30:00,"0,7","1,2","0,0","14,7","67,5","917,9"
2025-07-17 05:30:00,"1,0","5,3","0,0","13,5","73,8","918,0"
2025-07-17 06:30:00,"0,5","4,2","0,0","14,0","70,5","918,1"
2025-07-17 07:30:00,"0,9","0,0","0,0","16,1","65,6","918,3"
2025-07-17 08:30:00,"1,9","0,0","0,0","17,4","63,4","918,4"
2025-07-17 09:30:00,"2,7","0,9","0,0","18,5","61,9","918,5"
2025-07-17 10:30:00,"2,2","4,5","0,0","19,6","61,6","918,5"
2025-07-17 11:30:00,"2,6","10,2","0,0","19,8","57,4","918,3"
2025-07-17 12:30:00,"2,4","11,1","0,0","21,3","51,5","918,0"
2025-07-17 13:30:00,"2,3","14,3","0,0","23,1","46,9","917,6"
2025-07-17 14:30:00,"2,1","7,8","0,0","22,8","46,9","917,4"
2025-07-17 15:30:00,"2,2","12,3","0,0","22,6","47,3","917,4"
2025-07-17 16:30:00,"2,6","0,0","0,0","21,5","51,3","917,5"
2025-07-17 17:30:00,"2,1","0,4","0,0","20,0","56,0","917,7"
2025-07-17 18:30:00,"2,9","2,7","0,0","19,1","58,9","917,7"
2025-07-17 19:30:00,"3,0","11,6","0,0","17,7","65,4","917,8"
2025-07-17 20:30:00,"3,2","40,5","0,0","17,0","69,9","917,9"
2025-07-17 21:30:00,"3,6","64,8","0,0","16,5","72,4","918,0"
2025-07-17 22:30:00,"3,7","56,4","0,0","16,4","70,3","918,0"
2025-07-17 23:30:00,"3,2","59,2","0,0","16,0","70,8","918,0"
2025-07-18 00:30:00,"2,6","67,2","0,0","15,5","72,0","918,0"
2025-07-18 01:30:00,"3,4","70,0","0,0","15,3","72,4","917,8"
2025-07-18 02:30:00,"3,9","72,9","0,0","15,4","71,3","917,6"
2025-07-18 03:30:00,"4,3","70,0","0,0","14,9","73,3","917,4"
2025-07-18 04:30:00,"4,3","78,5","0,0","15,0","72,0","917,4"
2025-07-18 05:30:00,"3,9","77,3","0,0","15,2","71,2","917,6"
2025-07-18 06:30:00,"3,5","71,1","0,0","15,0","72,0","917,7"
2025-07-18 07:30:00,"3,1","33,6","0,0","16,3","68,6","917,8"
2025-07-18 08:30:00,"3,3","27,8","0,0","16,8","68,7","918,0"
2025-07-18 09:30:00,"4,0","24,2","0,0","18,8","62,8","918,1"
2025-07-18 10:30:00,"3,6","26,9","0,0","20,6","56,7","918,1"
2025-07-18 11:30:00,"3,5","21,2","0,0","22,0","50,5","917,9"
2025-07-18 12:30:00,"2,2","10,4","0,0","23,2","46,9","917,7"
2025-07-18 13:30:00,"2,0","11,2","0,0","24,1","45,7","917,4"
2025-07-18 14:30:00,"1,9","11,9","0,0","24,7","45,0","917,3"
2025-07-18 15:30:00,"2,2","5,4","0,0","24,3","46,3","917,2"
2025-07-18 16:30:00,"2,0","14,3","0,0","24,0","47,4","917,2"
2025-07-18 17:30:00,"2,4","3,8","0,0","21,8","53,1","917,3"
2025-07-18 18:30:00,"2,4","19,5","0,0","20,9","54,3","917,5"
2025-07-18 19:30:00,"2,7","22,1","0,0","21,0","53,8","917,6"
2025-07-18 20:30:00,"2,8","33,7","0,0","21,2","54,2","917,7"
2025-07-18 21:30:00,"2,5","33,4","0,0","20,8","54,8","917,8"
2025-07-18 22:30:00,"1,9","13,3","0,0","19,5","58,4","917,9"
2025-07-18 23:30:00,"2,5","7,3","0,0","18,8","60,8","917,8"
2025-07-19 00:30:00,"2,7","26,4","0,0","18,6","64,1","917,8"
2025-07-19 01:30:00,"2,4","50,5","0,0","18,7","64,9","917,8"
2025-07-19 02:30:00,"2,4","57,3","0,0","18,5","65,3","917,7"
2025-07-19 03:30:00,"2,3","27,2","0,0","18,0","67,5","917,6"
2025-07-19 04:30:00,"2,1","51,4","0,0","17,5","69,3","917,7"
2025-07-19 05:30:00,"2,2","56,0","0,0","17,1","70,3","917,8"
2025-07-19 06:30:00,"2,0","51,0","0,0","17,2","70,3","917,8"
2025-07-19 07:30:00,"2,0","31,0","0,0","17,4","70,4","918,0"
2025-07-19 08:30:00,"2,1","7,6","0,0","19,6","65,5","918,2"
2025-07-19 09:30:00,"2,4","20,0","0,0","21,6","59,9","918,3"
2025-07-19 10:30:00,"2,9","16,0","0,0","22,7","56,2","918,3"
2025-07-19 11:30:00,"2,8","20,9","0,0","23,6","53,6","918,1"
2025-07-19 12:30:00,"1,9","11,8","0,0","24,9","48,4","917,8"
2025-07-19 13:30:00,"1,9","3,6","0,0","25,2","45,0","917,6"
2025-07-19 14:30:00,"1,3","0,6","0,0","24,7","45,4","917,4"
2025-07-19 15:30:00,"1,0","1,0","0,0","24,3","46,6","917,4"
2025-07-19 16:30:00,"0,9","0,7","0,0","25,0","44,4","917,4"
2025-07-19 17:30:00,"1,2","0,5","0,0","23,1","50,7","917,5"
2025-07-19 18:30:00,"1,2","6,0","0,0","21,4","58,3","917,6"
2025-07-19 19:30:00,"1,2","38,4","0,0","19,9","66,6","917,8"
2025-07-19 20:30:00,"0,6","66,3","0,0","19,4","68,4","918,0"
2025-07-19 21:30:00,"0,5","74,1","0,0","19,3","67,3","918,0"
2025-07-19 22:30:00,"0,5","78,6","0,0","19,1","69,2","917,9"
2025-07-19 23:30:00,"0,6","104,3","0,0","18,4","70,6","917,9"
2025-07-20 00:30:00,"0,7","193,5","0,0","16,7","78,5","918,0"
2025-07-20 01:30:00,"0,6","187,1","0,0","16,7","77,6","918,0"
2025-07-20 02:30:00,"0,5","237,8","0,0","15,6","83,2","917,9"
2025-07-20 03:30:00,"0,5","237,8","0,0","15,7","84,2","918,0"
2025-07-20 04:30:00,"0,5","241,2","0,0","15,8","84,7","918,0"
2025-07-20 05:30:00,"0,5","263,2","0,0","15,5","86,6","918,1"
2025-07-20 06:30:00,"0,5","289,5","0,0","15,2","88,5","918,2"
2025-07-20 07:30:00,"0,5","280,9","0,0","15,7","87,5","918,4"
2025-07-20 08:30:00,"0,6","218,4","0,0","16,6","85,4","918,5"
2025-07-20 09:30:00,"0,6","200,5","0,0","17,7","82,0","918,7"
2025-07-20 10:30:00,"0,8","151,1","0,0","19,3","76,6","918,6"
2025-07-20 11:30:00,"1,5","78,0","0,0","21,3","67,7","918,5"
2025-07-20 12:30:00,"1,2","32,9","0,0","22,5","60,9","918,2"
2025-07-20 13:30:00,"1,0","49,1","0,0","21,7","64,2","917,9"
2025-07-20 14:30:00,"0,7","45,3","0,0","22,4","61,6","917,7"
2025-07-20 15:30:00,"0,8","26,5","0,0","22,2","61,0","917,6"
2025-07-20 16:30:00,"0,6","50,5","0,0","21,2","65,0","917,6"
2025-07-20 17:30:00,"0,7","63,4","0,0","20,4","66,9","917,7"
2025-07-20 18:30:00,"0,5","94,9","0,0","19,6","71,1","917,8"
2025-07-20 19:30:00,"0,5","137,2","0,0","18,9","73,3","917,9"
2025-07-20 20:30:00,"0,5","203,0","0,0","18,1","77,1","918,0"
2025-07-20 21:30:00,"0,6","191,9","0,0","17,8","77,7","918,1"
2025-07-20 22:30:00,"0,5","214,3","0,0","17,4","78,1","918,1"
2025-07-20 23:30:00,"0,5","244,1","0,0","16,7","81,1","918,0"
2025-07-21 00:30:00,"0,5","254,7","0,0","16,6","81,1","917,9"
2025-07-21 01:30:00,"0,5","244,2","0,0","16,6","81,9","917,8"
2025-07-21 02:30:00,"0,6","281,5","0,0","15,5","86,4","917,7"
2025-07-21 03:30:00,"0,5","321,3","0,0","14,7","90,5","917,7"
2025-07-21 04:30:00,"0,5","326,7","0,0","14,8","89,7","917,7"
2025-07-21 05:30:00,"0,7","301,9","0,0","15,1","89,2","917,8"
2025-07-21 06:30:00,"1,7","292,6","0,0","15,2","89,5","917,9"
2025-07-21 07:30:00,"2,4","257,8","0,0","15,4","89,6","918,1"
2025-07-21 08:30:00,"2,9","260,2","0,0","15,4","90,6","918,3"
2025-07-21 09:30:00,"3,0","176,2","0,0","17,4","83,1","918,4"
2025-07-21 10:30:00,"3,2","98,9","0,0","19,2","72,5","918,3"
2025-07-21 11:30:00,"2,8","64,4","0,0","20,2","66,8","918,2"
2025-07-21 12:30:00,"2,5","48,9","0,0","21,3","62,5","917,9"
2025-07-21 13:30:00,"1,9","33,5","0,0","22,5","57,5","917,6"
2025-07-21 14:30:00,"1,6","21,6","0,0","22,8","55,0","917,4"
2025-07-21 15:30:00,"1,7","25,5","0,0","23,3","54,0","917,3"
2025-07-21 16:30:00,"1,6","13,7","0,0","23,0","54,5","917,4"
2025-07-21 17:30:00,"2,1","21,6","0,0","20,8","61,9","917,5"
2025-07-21 18:30:00,"2,4","55,1","0,0","19,5","67,0","917,5"
2025-07-21 19:30:00,"1,4","71,7","0,0","18,7","69,0","917,7"
2025-07-21 20:30:00,"0,9","101,3","0,0","18,0","72,3","917,8"
2025-07-21 21:30:00,"1,6","123,5","0,0","17,5","75,6","917,8"
2025-07-21 22:30:00,"2,9","128,1","0,0","17,4","76,4","917,8"
2025-07-21 23:30:00,"3,0","137,8","0,0","17,2","77,1","917,8"
2025-07-22 00:30:00,"2,3","141,0","0,0","17,0","78,0","917,7"
2025-07-22 01:30:00,"2,7","151,5","0,0","16,6","79,4","917,6"
2025-07-22 02:30:00,"3,1","177,0","0,0","16,2","81,9","917,4"
2025-07-22 03:30:00,"2,5","207,4","0,0","15,4","85,2","917,3"
2025-07-22 04:30:00,"3,1","242,2","0,0","15,4","84,1","917,3"
2025-07-22 05:30:00,"3,7","251,8","0,0","15,5","83,1","917,4"
2025-07-22 06:30:00,"3,6","220,5","0,0","15,2","84,6","917,5"
2025-07-22 07:30:00,"3,7","160,3","0,0","16,0","82,2","917,7"
2025-07-22 08:30:00,"3,3","105,9","0,0","17,4","78,8","918,0"
2025-07-22 09:30:00,"3,6","64,1","0,0","18,8","73,7","918,2"
2025-07-22 10:30:00,"3,3","60,8","0,0","20,4","67,4","918,2"
2025-07-22 11:30:00,"2,7","36,3","0,0","22,1","61,4","918,0"
2025-07-22 12:30:00,"2,6","31,7","0,0","22,9","58,6","917,7"
2025-07-22 13:30:00,"2,3","33,8","0,0","24,1","55,0","917,4"
2025-07-22 14:30:00,"1,9","22,3","0,0","24,9","52,0","917,2"
2025-07-22 15:30:00,"1,8","17,5","0,0","24,8","51,9","917,2"
2025-07-22 16:30:00,"2,3","15,2","0,0","23,7","55,0","917,3"
2025-07-22 17:30:00,"2,1","25,0","0,0","22,1","60,5","917,4"
2025-07-22 18:30:00,"1,7","44,0","0,0","21,2","63,6","917,6"
2025-07-22 19:30:00,"1,4","31,4","0,0","20,5","65,2","917,7"
2025-07-22 20:30:00,"1,5","33,8","0,0","19,9","66,4","917,9"
2025-07-22 21:30:00,"1,9","37,4","0,0","19,6","68,0","918,0"
2025-07-22 22:30:00,"3,0","47,8","0,0","19,1","70,1","918,0"
2025-07-22 23:30:00,"3,7","44,7","0,0","18,6","72,3","918,0"
2025-07-23 00:30:00,"3,2","59,8","0,0","18,3","72,0","917,9"
2025-07-23 01:30:00,"2,7","65,7","0,0","17,9","73,3","917,8"
2025-07-23 02:30:00,"2,2","79,5","0,0","17,6","74,5","917,7"
2025-07-23 03:30:00,"1,5","95,9","0,0","17,1","76,7","917,8"
2025-07-23 04:30:00,"2,0","133,2","0,0","16,4","79,1","917,8"
2025-07-23 05:30:00,"2,3","120,2","0,0","16,7","78,9","917,8"
2025-07-23 06:30:00,"3,3","126,9","0,0","17,3","75,3","917,9"
2025-07-23 07:30:00,"3,4","59,5","0,0","18,3","72,2","918,1"
2025-07-23 08:30:00,"3,6","42,8","0,0","19,2","70,6","918,3"
2025-07-23 09:30:00,"4,2","35,4","0,0","20,4","66,6","918,4"
2025-07-23 10:30:00,"3,1","34,6","0,0","22,4","60,9","918,3"
2025-07-23 11:30:00,"2,5","24,9","0,0","24,0","55,0","918,2"
2025-07-23 12:30:00,"1,7","24,4","0,0","25,5","50,7","918,0"
2025-07-23 13:30:00,"1,7","15,1","0,0","26,4","47,3","917,7"
2025-07-23 14:30:00,"1,3","15,0","0,0","26,3","44,8","917,5"
2025-07-23 15:30:00,"1,5","11,6","0,0","27,0","42,7","917,5"
2025-07-23 16:30:00,"1,5","12,5","0,0","25,6","45,8","917,5"
2025-07-23 17:30:00,"1,5","8,7","0,0","23,9","50,2","917,6"
2025-07-23 18:30:00,"1,9","14,9","0,0","22,4","57,1","917,7"
2025-07-23 19:30:00,"1,9","18,4","0,0","21,5","59,9","917,8"
2025-07-23 20:30:00,"1,3","18,8","0,0","20,9","62,4","918,0"
2025-07-23 21:30:00,"0,5","30,1","0,0","20,4","61,3","918,1"
2025-07-23 22:30:00,"1,3","27,2","0,0","20,6","56,4","918,1"
2025-07-23 23:30:00,"2,6","37,6","0,0","20,1","62,9","918,1"
2025-07-24 00:30:00,"2,6","41,1","0,0","19,9","63,7","918,0"
2025-07-24 01:30:00,"1,9","33,2","0,0","19,3","66,8","917,9"
2025-07-24 02:30:00,"0,9","43,2","0,0","17,8","72,2","917,8"
2025-07-24 03:30:00,"0,9","131,9","0,0","16,4","78,0","917,9"
2025-07-24 04:30:00,"1,0","140,6","0,0","16,8","74,4","918,0"
2025-07-24 05:30:00,"1,0","150,8","0,0","15,8","78,0","918,1"
2025-07-24 06:30:00,"1,0","177,5","0,0","15,4","80,7","918,2"
2025-07-24 07:30:00,"0,8","61,5","0,0","17,0","76,6","918,3"
2025-07-24 15:30:00,"3,1","33,3","0,0","23,5","56,6","917,4"
2025-07-24 16:30:00,"2,9","2,2","0,0","23,2","58,4","917,5"
2025-07-24 17:30:00,"2,7","10,8","0,0","21,5","63,9","917,6"
2025-07-24 18:30:00,"2,9","25,2","0,0","20,2","67,3","917,6"
2025-07-24 19:30:00,"2,5","39,1","0,0","19,6","69,0","917,7"
2025-07-24 20:30:00,"1,6","45,5","0,0","19,1","69,5","917,9"
2025-07-24 21:30:00,"2,2","51,8","0,0","18,9","69,9","918,0"
2025-07-24 22:30:00,"2,2","54,5","0,0","18,7","70,8","918,0"
2025-07-24 23:30:00,"2,1","64,1","0,0","18,3","72,4","917,9"
2025-07-25 00:30:00,"2,1","79,9","0,0","17,9","74,3","917,9"
2025-07-25 01:30:00,"2,7","97,1","0,0","17,3","77,1","917,8"
2025-07-25 02:30:00,"3,1","116,6","0,0","16,8","79,5","917,7"
2025-07-25 03:30:00,"2,4","147,9","0,0","16,0","82,9","917,6"
2025-07-25 04:30:00,"2,7","185,0","0,0","15,5","85,5","917,7"
2025-07-25 05:30:00,"2,8","214,5","0,0","14,9","88,5","917,7"
2025-07-25 06:30:00,"2,5","256,8","0,0","14,6","91,7","917,9"
2025-07-25 07:30:00,"2,4","255,5","0,0","14,7","92,6","918,1"
2025-07-25 08:30:00,"3,0","251,0","0,0","14,9","91,7","918,3"
2025-07-25 09:30:00,"3,0","215,1","0,0","15,8","87,0","918,4"
2025-07-25 10:30:00,"3,1","126,4","0,0","17,9","76,2","918,3"
2025-07-25 11:30:00,"2,7","79,5","0,0","20,0","68,3","918,2"
2025-07-25 12:30:00,"2,3","49,4","0,0","21,7","62,9","918,0"
2025-07-25 13:30:00,"3,0","23,9","0,0","22,8","56,4","917,7"
2025-07-25 14:30:00,"3,2","1,6","0,0","22,9","54,0","917,4"
2025-07-25 15:30:00,"3,1","5,1","0,0","23,2","52,7","917,2"
2025-07-25 16:30:00,"3,5","2,9","0,0","22,2","56,5","917,1"
2025-07-25 17:30:00,"2,7","14,5","0,0","20,8","61,8","917,2"
2025-07-25 18:30:00,"2,9","31,1","0,0","20,0","65,5","917,1"
2025-07-25 19:30:00,"2,2","53,3","0,0","19,2","69,0","917,3"
2025-07-25 20:30:00,"2,4","80,7","0,0","18,6","72,2","917,5"
2025-07-25 21:30:00,"1,3","90,5","0,0","18,2","73,9","917,7"
2025-07-25 22:30:00,"2,3","126,5","0,0","17,6","77,6","918,1"
2025-07-25 23:30:00,"2,7","0,0","3,6","16,4","87,6","918,1"
2025-07-26 00:30:00,"1,2","0,0","0,4","15,5","94,8","917,8"
2025-07-26 01:30:00,"1,5","0,0","0,0","15,3","95,5","917,8"
2025-07-26 02:30:00,"1,5","0,0","0,0","15,8","88,8","917,4"
2025-07-26 03:30:00,"0,6","0,0","0,0","14,6","95,0","917,4"
2025-07-26 04:30:00,"0,5","355,0","0,0","14,5","96,9","917,5"
2025-07-26 05:30:00,"0,8","0,0","0,0","14,8","95,6","917,6"
2025-07-26 06:30:00,"1,2","0,0","0,0","14,9","93,6","917,7"
2025-07-26 07:30:00,"1,8","41,0","0,0","15,8","91,2","917,9"
2025-07-26 08:30:00,"2,2","38,3","0,0","17,6","83,3","918,1"
2025-07-26 09:30:00,"2,2","46,9","0,0","19,2","78,8","918,3"
2025-07-26 10:30:00,"2,4","59,7","0,0","20,4","73,3","918,3"
2025-07-26 11:30:00,"2,4","78,9","0,0","22,0","64,5","918,1"
2025-07-26 12:30:00,"2,2","164,4","0,0","23,5","58,4","917,8"
2025-07-26 13:30:00,"1,9","183,1","0,0","24,3","53,9","917,5"
2025-07-26 14:30:00,"1,5","193,1","0,0","24,9","50,9","917,3"
2025-07-26 15:30:00,"1,3","206,3","0,0","25,3","51,0","917,2"
2025-07-26 16:30:00,"1,4","210,8","0,0","24,6","52,4","917,2"
2025-07-26 17:30:00,"1,2","221,6","0,0","22,8","58,0","917,3"
2025-07-26 18:30:00,"1,1","212,9","0,0","20,2","74,4","917,5"
2025-07-26 19:30:00,"0,9","191,3","0,0","18,5","80,8","917,6"
2025-07-26 20:30:00,"0,8","173,6","0,0","17,8","83,4","917,8"
2025-07-26 21:30:00,"0,6","162,3","0,0","18,1","81,4","918,0"
2025-07-26 22:30:00,"1,6","165,9","0,0","18,5","78,6","918,0"
2025-07-26 23:30:00,"1,9","182,5","0,0","18,2","77,4","918,0"
2025-07-27 00:30:00,"2,2","189,9","0,0","17,9","76,7","917,9"
2025-07-27 01:30:00,"2,5","177,7","0,0","17,5","78,4","917,8"
2025-07-27 02:30:00,"2,3","150,2","0,0","17,1","80,2","917,7"
2025-07-27 03:30:00,"2,0","151,1","0,0","16,2","84,2","917,6"
2025-07-27 04:30:00,"1,9","151,0","0,0","16,3","83,5","917,6"
2025-07-27 05:30:00,"2,8","146,2","0,0","16,0","84,1","917,8"
2025-07-27 06:30:00,"4,2","138,9","0,0","15,8","85,9","917,9"
2025-07-27 07:30:00,"4,3","141,4","0,0","16,3","87,6","918,0"
2025-07-27 08:30:00,"3,5","152,5","0,0","16,7","86,8","918,3"
2025-07-27 09:30:00,"3,8","176,0","0,0","17,5","83,2","918,4"
2025-07-27 10:30:00,"2,9","188,1","0,0","18,5","79,0","918,4"
2025-07-27 11:30:00,"3,1","180,7","0,0","18,8","77,6","918,2"
2025-07-27 12:30:00,"3,5","198,0","0,0","21,2","67,1","917,9"
2025-07-27 13:30:00,"2,7","62,2","0,0","22,5","62,2","917,6"
2025-07-27 14:30:00,"2,3","39,1","0,0","23,5","57,7","917,3"
2025-07-27 15:30:00,"2,3","35,7","0,0","23,4","56,5","917,2"
2025-07-27 16:30:00,"2,0","34,1","0,0","23,4","55,7","917,2"
2025-07-27 17:30:00,"2,1","37,8","0,0","21,8","58,4","917,3"
2025-07-27 18:30:00,"1,8","48,1","0,0","20,8","62,2","917,3"
2025-07-27 19:30:00,"1,2","43,3","0,0","20,0","65,4","917,4"
2025-07-27 20:30:00,"2,6","58,6","0,0","19,3","68,7","917,5"
2025-07-27 21:30:00,"2,8","52,6","0,0","18,7","71,4","917,5"
2025-07-27 22:30:00,"3,1","38,8","0,0","18,6","70,4","917,5"
2025-07-27 23:30:00,"2,8","38,9","0,0","18,5","69,7","917,6"
2025-07-28 00:30:00,"3,5","60,8","0,0","18,2","70,7","917,5"
2025-07-28 01:30:00,"3,7","48,5","0,0","17,8","74,0","917,4"
2025-07-28 02:30:00,"3,1","56,6","0,0","17,0","78,0","917,4"
2025-07-28 03:30:00,"4,2","67,8","0,0","16,9","77,8","917,4"
2025-07-28 04:30:00,"4,2","67,2","0,0","16,5","79,3","917,3"
2025-07-28 05:30:00,"4,3","75,0","0,0","16,2","80,3","917,4"
2025-07-28 06:30:00,"4,1","77,0","0,0","15,8","83,0","917,5"
2025-07-28 07:30:00,"4,6","69,5","0,0","16,3","82,1","917,5"
2025-07-28 08:30:00,"3,8","49,7","0,0","17,8","78,7","917,7"
2025-07-28 09:30:00,"4,1","39,1","0,0","19,3","73,7","917,9"
2025-07-28 10:30:00,"3,4","40,0","0,0","21,1","67,8","917,8"
2025-07-28 11:30:00,"4,7","34,8","0,0","22,1","62,7","917,5"
2025-07-28 12:30:00,"4,4","31,7","0,0","23,1","57,9","917,3"
2025-07-28 13:30:00,"3,2","36,4","0,0","24,1","55,4","917,0"
2025-07-28 14:30:00,"2,8","23,8","0,0","25,2","51,7","916,8"
2025-07-28 15:30:00,"2,3","15,6","0,0","25,5","52,1","916,7"
2025-07-28 16:30:00,"2,1","12,1","0,0","25,2","52,7","916,7"
2025-07-28 17:30:00,"2,4","8,6","0,0","23,6","57,2","916,9"
2025-07-28 18:30:00,"3,2","17,0","0,0","23,0","58,7","917,0"
2025-07-28 19:30:00,"3,1","10,1","0,0","22,6","61,0","917,1"
2025-07-28 20:30:00,"2,2","36,7","0,0","21,2","68,1","917,3"
2025-07-28 21:30:00,"1,7","90,4","0,0","20,0","73,1","917,5"
2025-07-28 22:30:00,"1,6","91,0","0,0","19,5","76,3","917,6"
2025-07-28 23:30:00,"1,0","134,5","0,0","19,2","78,4","917,3"
2025-07-29 00:30:00,"1,3","179,3","0,0","19,1","80,4","917,1"
2025-07-29 01:30:00,"1,3","96,7","0,0","18,3","82,9","916,9"
2025-07-29 02:30:00,"2,4","72,3","0,0","19,1","77,7","916,7"
2025-07-29 03:30:00,"1,5","177,5","0,0","18,8","75,2","916,7"
2025-07-29 04:30:00,"1,5","168,8","0,0","19,0","72,3","916,7"
2025-07-29 05:30:00,"1,5","105,0","0,0","18,5","74,1","916,6"
2025-07-29 06:30:00,"1,6","126,7","0,0","18,7","71,8","916,8"
2025-07-29 07:30:00,"1,5","105,5","0,0","19,2","70,3","917,0"
2025-07-29 09:30:00,"3,5","37,9","0,0","21,3","64,3","917,1"
2025-07-29 10:30:00,"3,6","25,8","0,0","22,2","62,4","917,1"
2025-07-29 11:30:00,"3,5","29,2","0,0","23,1","61,0","917,0"
2025-07-29 12:30:00,"3,3","21,4","0,0","23,2","60,8","916,8"
2025-07-29 13:30:00,"3,5","9,3","0,0","24,3","57,0","916,6"
2025-07-29 14:30:00,"2,6","1,9","0,0","24,2","55,7","916,5"
2025-07-29 15:30:00,"2,7","0,7","0,0","23,9","54,7","916,4"
2025-07-29 16:30:00,"2,9","0,0","0,0","23,7","46,9","916,5"
2025-07-29 17:30:00,"2,6","0,0","0,0","22,7","47,4","916,6"
2025-07-29 18:30:00,"2,7","0,0","0,0","21,7","49,4","916,7"
2025-07-29 19:30:00,"3,0","0,0","0,0","21,4","49,0","916,9"
2025-07-29 20:30:00,"2,2","0,0","0,0","20,3","52,1","917,0"
2025-07-29 21:30:00,"1,9","0,4","0,0","19,4","54,1","917,2"
2025-07-29 22:30:00,"1,8","0,0","0,0","19,1","52,6","917,2"
2025-07-29 23:30:00,"1,4","0,5","0,0","18,5","51,8","917,2"
2025-07-30 00:30:00,"0,9","1,6","0,0","18,2","50,9","917,3"
2025-07-30 01:30:00,"1,2","1,6","0,0","16,5","58,7","917,2"
2025-07-30 02:30:00,"1,4","20,7","0,0","15,1","64,5","917,2"
2025-07-30 03:30:00,"1,7","34,0","0,0","13,8","70,0","917,2"
2025-07-30 04:30:00,"2,1","55,7","0,0","12,9","77,6","917,2"
2025-07-30 05:30:00,"2,1","122,1","0,0","11,7","85,6","917,4"
2025-07-30 06:30:00,"1,9","155,4","0,0","10,9","90,8","917,7"
2025-07-30 07:30:00,"2,1","182,6","0,0","10,4","93,4","918,0"
2025-07-30 08:30:00,"1,7","158,0","0,0","11,5","88,7","918,3"
2025-07-30 09:30:00,"1,7","38,1","0,0","14,3","77,3","918,4"
2025-07-30 10:30:00,"1,7","18,1","0,0","17,3","67,0","918,4"
2025-07-30 11:30:00,"1,7","15,8","0,0","19,2","59,2","918,2"
2025-07-30 12:30:00,"1,7","19,1","0,0","20,5","53,2","917,9"
2025-07-30 13:30:00,"1,7","14,2","0,0","22,1","49,2","917,6"
2025-07-30 14:30:00,"1,8","0,4","0,0","23,1","46,9","917,4"
2025-07-30 15:30:00,"1,4","3,4","0,0","23,1","46,4","917,3"
2025-07-30 18:30:00,"2,1","10,5","0,0","18,1","61,3","917,9"
2025-07-30 19:30:00,"1,8","8,8","0,0","16,9","64,4","918,1"
2025-07-30 20:30:00,"1,4","15,9","0,0","16,0","66,3","918,3"
2025-07-30 21:30:00,"1,5","12,1","0,0","15,7","64,2","918,4"
2025-07-30 22:30:00,"1,6","7,9","0,0","15,3","63,1","918,5"
2025-07-30 23:30:00,"1,5","6,4","0,0","14,7","62,0","918,5"
2025-07-31 00:30:00,"1,7","4,8","0,0","13,9","62,9","918,5"
2025-07-31 01:30:00,"1,5","4,4","0,0","13,4","65,4","918,5"
2025-07-31 02:30:00,"1,1","2,6","0,0","13,2","62,6","918,5"
2025-07-31 03:30:00,"1,1","6,1","0,0","12,5","64,5","918,5"
2025-07-31 04:30:00,"1,2","4,7","0,0","12,5","64,0","918,5"
2025-07-31 05:30:00,"1,3","2,2","0,0","12,1","66,5","918,7"
2025-07-31 06:30:00,"1,4","2,9","0,0","11,9","68,7","918,9"
2025-07-31 07:30:00,"1,0","5,3","0,0","12,2","69,5","919,1"
2025-07-31 08:30:00,"1,2","3,7","0,0","13,4","67,8","919,3"
2025-07-31 09:30:00,"1,4","1,5","0,0","15,0","64,4","919,5"
