Data de Medição,VALE - ITABIRA,n,n,n,n,n,n,n,n,n,n,n,n,n,n,n,n,n,n,n,n,n,n,n,n,n,n,n,n,n,n,n,n,n,n,n,n,n,n,n,n,n,n,n,n,n,n,n
n,EAMA11,n,n,n,n,n,n,n,n,n,n,n,EAMA21,n,n,n,n,n,n,n,n,n,n,n,EAMA31,n,n,n,n,n,n,n,n,n,n,n,EAMA41,n,n,n,n,n,n,n,n,n,n,n
n,Qualidade do Ar,n,n,n,n,n,n,n,n,n,n,n,Qualidade do Ar,n,n,n,n,n,n,n,n,n,n,n,Qualidade do Ar,n,n,n,n,n,n,n,n,n,n,n,Qualidade do Ar,n,n,n,n,n,n,n,n,n,n,n
n,Ar Ambiente,n,n,n,n,n,n,n,n,n,n,n,Ar Ambiente,n,n,n,n,n,n,n,n,n,n,n,Ar Ambiente,n,n,n,n,n,n,n,n,n,n,n,Ar Ambiente,n,n,n,n,n,n,n,n,n,n,n
n,Partículas Totais em Suspensão,n,n,n,Partículas Inaláveis (<10µm),n,n,n,Partículas Inaláveis <2.5µm,n,n,n,Partículas Totais em Suspensão,n,n,n,Partículas Inaláveis (<10µm),n,n,n,Partículas Inaláveis <2.5µm,n,n,n,Partículas Totais em Suspensão,n,n,n,Partículas Inaláveis (<10µm),n,n,n,Partículas Inaláveis <2.5µm,n,n,n,Partículas Totais em Suspensão,n,n,n,Partículas Inaláveis (<10µm),n,n,n,Partículas Inaláveis <2.5µm,n,n,n
n,"//3,0 m",n,Médias de  Simples,n,"//3,0 m",n,Médias de  Simples,n,"//3,0 m",n,Médias de  Simples,n,"//3,0 m",n,Médias de  Simples,n,"//3,0 m",n,Médias de  Simples,n,"//3,0 m",n,Médias de  Simples,n,"//3,0 m",n,Médias de  Simples,n,"//3,0 m",n,Médias de  Simples,n,"//3,0 m",n,Médias de  Simples,n,"//3,0 m",n,Médias de  Simples,n,"//3,0 m",n,Médias de  Simples,n,"//3,0 m",n,Médias de  Simples,n
n,Rotina,n,Rotina,n,Rotina,n,Rotina,n,Rotina,n,Rotina,n,Rotina,n,Rotina,n,Rotina,n,Rotina,n,Rotina,n,Rotina,n,Rotina,n,Rotina,n,Rotina,n,Rotina,n,Rotina,n,Rotina,n,Rotina,n,Rotina,n,Rotina,n,Rotina,n,Rotina,n,Rotina,n
Data,Valor [µg/m3],Flag,Valor [µg/m3],Flag,Valor [µg/m3],Flag,Valor [µg/m3],Flag,Valor [µg/m3],Flag,Valor [µg/m3],Flag,Valor [µg/m3],Flag,Valor [µg/m3],Flag,Valor [µg/m3],Flag,Valor [µg/m3],Flag,Valor [µg/m3],Flag,Valor [µg/m3],Flag,Valor [µg/m3],Flag,Valor [µg/m3],Flag,Valor [µg/m3],Flag,Valor [µg/m3],Flag,Valor [µg/m3],Flag,Valor [µg/m3],Flag,Valor [µg/m3],Flag,Valor [µg/m3],Flag,Valor [µg/m3],Flag,Valor [µg/m3],Flag,Valor [µg/m3],Flag,Valor [µg/m3],Flag
2025-07-01 00:30:00,137,n,n,n,66,n,n,n,14,n,n,n,n,n,n,n,40,n,n,n,23,n,n,n,47,n,n,n,30,n,n,n,24,n,n,n,66,n,n,n,41,n,n,n,24,n,n,n
2025-07-01 01:30:00,116,n,n,n,57,n,n,n,16,n,n,n,82,n,n,n,45,n,n,n,20,n,n,n,46,n,n,n,31,n,n,n,16,n,n,n,57,n,n,n,36,n,n,n,22,n,n,n
2025-07-01 02:30:00,131,n,n,n,61,n,n,n,13,n,n,n,72,n,n,n,40,n,n,n,23,n,n,n,38,n,n,n,27,n,n,n,12,n,n,n,59,n,n,n,29,n,n,n,9,n,n,n
2025-07-01 03:30:00,86,n,n,n,49,n,n,n,17,n,n,n,82,n,n,n,38,n,n,n,23,n,n,n,40,n,n,n,31,n,n,n,16,n,n,n,52,n,n,n,27,n,n,n,11,n,n,n
2025-07-01 04:30:00,153,n,n,n,70,n,n,n,16,n,n,n,86,n,n,n,46,n,n,n,19,n,n,n,36,n,n,n,25,n,n,n,17,n,n,n,61,n,n,n,30,n,n,n,13,n,n,n
2025-07-01 05:30:00,179,n,n,n,119,n,n,n,83,n,n,n,97,n,n,n,45,n,n,n,27,n,n,n,47,n,n,n,34,n,n,n,15,n,n,n,57,n,n,n,23,n,n,n,11,n,n,n
2025-07-01 06:30:00,148,n,n,n,90,n,n,n,46,n,n,n,133,n,n,n,58,n,n,n,23,n,n,n,80,n,n,n,n,n,n,n,n,n,n,n,73,n,n,n,30,n,n,n,17,n,n,n
2025-07-01 07:30:00,159,n,n,n,79,n,n,n,33,n,n,n,172,n,n,n,72,n,n,n,29,n,n,n,84,n,n,n,48,n,n,n,19,n,n,n,92,n,n,n,46,n,n,n,18,n,n,n
2025-07-01 08:30:00,149,n,n,n,76,n,n,n,22,n,n,n,153,n,n,n,73,n,n,n,20,n,n,n,96,n,n,n,74,n,n,n,21,n,n,n,125,n,n,n,66,n,n,n,23,n,n,n
2025-07-01 09:30:00,127,n,n,n,59,n,n,n,18,n,n,n,98,n,n,n,38,n,n,n,16,n,n,n,75,n,n,n,50,n,n,n,17,n,n,n,55,n,n,n,28,n,n,n,13,n,n,n
2025-07-01 10:30:00,78,n,n,n,33,n,n,n,13,n,n,n,75,n,n,n,28,n,n,n,8,n,n,n,n,n,n,n,n,n,n,n,n,n,n,n,48,n,n,n,27,n,n,n,12,n,n,n
2025-07-01 11:30:00,61,n,n,n,30,n,n,n,14,n,n,n,82,n,n,n,27,n,n,n,11,n,n,n,40,n,n,n,23,n,n,n,4,n,n,n,30,n,n,n,13,n,n,n,8,n,n,n
2025-07-01 12:00:00,n,n,113.1,VM,n,n,56.1,VM,n,n,19.5,VM,n,n,92.4,VM,n,n,42.3,VM,n,n,18.4,VM,n,n,55.3,VM,n,n,35.7,VM,n,n,15.8,VM,n,n,54.9,VM,n,n,28.4,VM,n,n,14.4,VM
2025-07-01 12:30:00,37,n,n,n,23,n,n,n,11,n,n,n,62,n,n,n,19,n,n,n,14,n,n,n,28,n,n,n,17,n,n,n,6,n,n,n,20,n,n,n,12,n,n,n,6,n,n,n
2025-07-01 13:30:00,35,n,n,n,16,n,n,n,5,n,n,n,49,n,n,n,19,n,n,n,13,n,n,n,27,n,n,n,17,n,n,n,10,n,n,n,30,n,n,n,17,n,n,n,9,n,n,n
2025-07-01 14:30:00,65,n,n,n,25,n,n,n,9,n,n,n,42,n,n,n,20,n,n,n,8,n,n,n,70,n,n,n,20,n,n,n,8,n,n,n,33,n,n,n,18,n,n,n,9,n,n,n
2025-07-01 15:30:00,41,n,n,n,24,n,n,n,12,n,n,n,85,n,n,n,38,n,n,n,13,n,n,n,36,n,n,n,n,n,n,n,10,n,n,n,40,n,n,n,20,n,n,n,13,n,n,n
2025-07-01 16:30:00,55,n,n,n,26,n,n,n,18,n,n,n,58,n,n,n,25,n,n,n,14,n,n,n,n,n,n,n,33,n,n,n,n,n,n,n,39,n,n,n,22,n,n,n,9,n,n,n
2025-07-01 17:30:00,121,n,n,n,55,n,n,n,12,n,n,n,98,n,n,n,50,n,n,n,19,n,n,n,94,n,n,n,56,n,n,n,15,n,n,n,63,n,n,n,22,n,n,n,14,n,n,n
2025-07-01 18:30:00,154,n,n,n,75,n,n,n,17,n,n,n,98,n,n,n,51,n,n,n,18,n,n,n,n,n,n,n,n,n,n,n,n,n,n,n,40,n,n,n,18,n,n,n,8,n,n,n
2025-07-01 19:30:00,128,n,n,n,61,n,n,n,19,n,n,n,107,n,n,n,48,n,n,n,16,n,n,n,56,n,n,n,42,n,n,n,18,n,n,n,86,n,n,n,42,n,n,n,23,n,n,n
2025-07-01 20:30:00,159,n,n,n,66,n,n,n,14,n,n,n,109,n,n,n,51,n,n,n,23,n,n,n,60,n,n,n,40,n,n,n,24,n,n,n,61,n,n,n,38,n,n,n,24,n,n,n
2025-07-01 21:30:00,164,n,n,n,76,n,n,n,18,n,n,n,108,n,n,n,53,n,n,n,23,n,n,n,59,n,n,n,41,n,n,n,20,n,n,n,48,n,n,n,29,n,n,n,17,n,n,n
2025-07-01 22:30:00,151,n,n,n,69,n,n,n,17,n,n,n,99,n,n,n,46,n,n,n,20,n,n,n,61,n,n,n,41,n,n,n,23,n,n,n,34,n,n,n,17,n,n,n,14,n,n,n
2025-07-01 23:30:00,80,n,n,n,42,n,n,n,12,n,n,n,78,n,n,n,46,n,n,n,n,n,n,n,41,n,n,n,34,n,n,n,22,n,n,n,48,n,n,n,30,n,n,n,19,n,n,n
2025-07-02 00:30:00,109,n,n,n,52,n,n,n,18,n,n,n,76,n,n,n,n,n,n,n,24,n,n,n,47,n,n,n,33,n,n,n,19,n,n,n,48,n,n,n,22,n,n,n,18,n,n,n
2025-07-02 01:30:00,109,n,n,n,56,n,n,n,13,n,n,n,86,n,n,n,n,n,n,n,20,n,n,n,39,n,n,n,29,n,n,n,19,n,n,n,59,n,n,n,30,n,n,n,13,n,n,n
2025-07-02 02:30:00,83,n,n,n,47,n,n,n,13,n,n,n,75,n,n,n,n,n,n,n,19,n,n,n,36,n,n,n,30,n,n,n,17,n,n,n,52,n,n,n,28,n,n,n,19,n,n,n
2025-07-02 03:30:00,83,n,n,n,54,n,n,n,17,n,n,n,92,n,n,n,n,n,n,n,19,n,n,n,35,n,n,n,29,n,n,n,15,n,n,n,40,n,n,n,25,n,n,n,17,n,n,n
2025-07-02 04:30:00,59,n,n,n,41,n,n,n,19,n,n,n,65,n,n,n,n,n,n,n,16,n,n,n,38,n,n,n,31,n,n,n,19,n,n,n,36,n,n,n,17,n,n,n,17,n,n,n
2025-07-02 05:30:00,48,n,n,n,30,n,n,n,11,n,n,n,63,n,n,n,n,n,n,n,22,n,n,n,36,n,n,n,30,n,n,n,14,n,n,n,41,n,n,n,23,n,n,n,14,n,n,n
2025-07-02 06:30:00,75,n,n,n,42,n,n,n,11,n,n,n,108,n,n,n,n,n,n,n,18,n,n,n,55,n,n,n,39,n,n,n,21,n,n,n,53,n,n,n,29,n,n,n,18,n,n,n
2025-07-02 07:30:00,90,n,n,n,47,n,n,n,17,n,n,n,138,n,n,n,n,n,n,n,24,n,n,n,79,n,n,n,57,n,n,n,18,n,n,n,112,n,n,n,57,n,n,n,17,n,n,n
2025-07-02 08:30:00,71,n,n,n,43,n,n,n,22,n,n,n,112,n,n,n,n,n,n,n,22,n,n,n,106,n,n,n,72,n,n,n,33,n,n,n,n,n,n,n,n,n,n,n,n,n,n,n
2025-07-02 09:30:00,36,n,n,n,32,n,n,n,19,n,n,n,64,n,n,n,n,n,n,n,12,n,n,n,55,n,n,n,35,n,n,n,16,n,n,n,31,n,n,n,18,n,n,n,9,n,n,n
2025-07-02 10:30:00,30,n,n,n,25,n,n,n,11,n,n,n,40,n,n,n,20,n,n,n,13,n,n,n,29,n,n,n,24,n,n,n,13,n,n,n,24,n,n,n,11,n,n,n,13,n,n,n
2025-07-02 11:30:00,39,n,n,n,23,n,n,n,8,n,n,n,86,n,n,n,34,n,n,n,14,n,n,n,39,n,n,n,27,n,n,n,13,n,n,n,52,n,n,n,28,n,n,n,17,n,n,n
2025-07-02 12:00:00,n,n,68.2,VM,n,n,38.9,VM,n,n,14,VM,n,n,75.8,VM,n,n,n,n,n,n,18.4,VM,n,n,53,VM,n,n,36.5,VM,n,n,16.5,VM,n,n,51.3,VM,n,n,26.3,VM,n,n,15.2,VM
2025-07-02 12:30:00,37,n,n,n,22,n,n,n,12,n,n,n,51,n,n,n,27,n,n,n,18,n,n,n,39,n,n,n,20,n,n,n,10,n,n,n,33,n,n,n,13,n,n,n,13,n,n,n
2025-07-02 13:30:00,79,n,n,n,36,n,n,n,18,n,n,n,51,n,n,n,23,n,n,n,14,n,n,n,43,n,n,n,n,n,n,n,n,n,n,n,38,n,n,n,20,n,n,n,11,n,n,n
2025-07-02 14:30:00,46,n,n,n,24,n,n,n,8,n,n,n,54,n,n,n,18,n,n,n,16,n,n,n,31,n,n,n,23,n,n,n,7,n,n,n,29,n,n,n,16,n,n,n,14,n,n,n
2025-07-02 15:30:00,41,n,n,n,19,n,n,n,12,n,n,n,52,n,n,n,24,n,n,n,20,n,n,n,29,n,n,n,24,n,n,n,9,n,n,n,27,n,n,n,14,n,n,n,17,n,n,n
2025-07-02 16:30:00,57,n,n,n,31,n,n,n,13,n,n,n,48,n,n,n,24,n,n,n,12,n,n,n,64,n,n,n,40,n,n,n,10,n,n,n,33,n,n,n,12,n,n,n,2,n,n,n
2025-07-02 17:30:00,76,n,n,n,31,n,n,n,8,n,n,n,75,n,n,n,31,n,n,n,12,n,n,n,107,n,n,n,50,n,n,n,17,n,n,n,52,n,n,n,24,n,n,n,8,n,n,n
2025-07-02 18:30:00,79,n,n,n,52,n,n,n,16,n,n,n,95,n,n,n,41,n,n,n,19,n,n,n,83,n,n,n,53,n,n,n,19,n,n,n,56,n,n,n,23,n,n,n,14,n,n,n
2025-07-02 19:30:00,83,n,n,n,47,n,n,n,9,n,n,n,72,n,n,n,39,n,n,n,19,n,n,n,82,n,n,n,50,n,n,n,23,n,n,n,73,n,n,n,35,n,n,n,18,n,n,n
2025-07-02 20:30:00,94,n,n,n,52,n,n,n,12,n,n,n,87,n,n,n,42,n,n,n,24,n,n,n,58,n,n,n,41,n,n,n,16,n,n,n,96,n,n,n,53,n,n,n,23,n,n,n
2025-07-02 21:30:00,97,n,n,n,56,n,n,n,18,n,n,n,99,n,n,n,51,n,n,n,22,n,n,n,51,n,n,n,34,n,n,n,19,n,n,n,74,n,n,n,41,n,n,n,18,n,n,n
2025-07-02 22:30:00,59,n,n,n,35,n,n,n,14,n,n,n,76,n,n,n,35,n,n,n,22,n,n,n,46,n,n,n,31,n,n,n,18,n,n,n,63,n,n,n,35,n,n,n,20,n,n,n
2025-07-02 23:30:00,58,n,n,n,36,n,n,n,18,n,n,n,55,n,n,n,31,n,n,n,20,n,n,n,45,n,n,n,38,n,n,n,15,n,n,n,57,n,n,n,30,n,n,n,19,n,n,n
2025-07-03 00:30:00,54,n,n,n,24,n,n,n,16,n,n,n,33,n,n,n,12,n,n,n,13,n,n,n,41,n,n,n,30,n,n,n,16,n,n,n,33,n,n,n,16,n,n,n,9,n,n,n
2025-07-03 01:30:00,32,n,n,n,23,n,n,n,13,n,n,n,23,n,n,n,14,n,n,n,11,n,n,n,35,n,n,n,23,n,n,n,12,n,n,n,25,n,n,n,12,n,n,n,9,n,n,n
2025-07-03 02:30:00,27,n,n,n,14,n,n,n,8,n,n,n,24,n,n,n,11,n,n,n,11,n,n,n,23,n,n,n,18,n,n,n,10,n,n,n,28,n,n,n,12,n,n,n,11,n,n,n
2025-07-03 03:30:00,30,n,n,n,18,n,n,n,11,n,n,n,23,n,n,n,11,n,n,n,9,n,n,n,19,n,n,n,11,n,n,n,16,n,n,n,29,n,n,n,16,n,n,n,12,n,n,n
2025-07-03 04:30:00,24,n,n,n,15,n,n,n,8,n,n,n,23,n,n,n,11,n,n,n,9,n,n,n,21,n,n,n,18,n,n,n,12,n,n,n,23,n,n,n,6,n,n,n,8,n,n,n
2025-07-03 05:30:00,28,n,n,n,17,n,n,n,7,n,n,n,37,n,n,n,16,n,n,n,9,n,n,n,26,n,n,n,17,n,n,n,16,n,n,n,28,n,n,n,7,n,n,n,9,n,n,n
2025-07-03 06:30:00,40,n,n,n,18,n,n,n,11,n,n,n,56,n,n,n,19,n,n,n,18,n,n,n,44,n,n,n,28,n,n,n,14,n,n,n,28,n,n,n,14,n,n,n,8,n,n,n
2025-07-03 07:30:00,45,n,n,n,27,n,n,n,12,n,n,n,79,n,n,n,30,n,n,n,14,n,n,n,67,n,n,n,46,n,n,n,20,n,n,n,38,n,n,n,16,n,n,n,13,n,n,n
2025-07-03 08:30:00,28,n,n,n,18,n,n,n,11,n,n,n,60,n,n,n,25,n,n,n,16,n,n,n,63,n,n,n,40,n,n,n,13,n,n,n,50,n,n,n,22,n,n,n,11,n,n,n
2025-07-03 09:30:00,35,n,n,n,22,n,n,n,13,n,n,n,47,n,n,n,20,n,n,n,16,n,n,n,29,n,n,n,24,n,n,n,10,n,n,n,n,n,n,n,n,n,n,n,n,n,n,n
2025-07-03 10:30:00,31,n,n,n,16,n,n,n,13,n,n,n,47,n,n,n,17,n,n,n,13,n,n,n,28,n,n,n,19,n,n,n,13,n,n,n,33,n,n,n,8,n,n,n,5,n,n,n
2025-07-03 11:30:00,31,n,n,n,21,n,n,n,11,n,n,n,161,n,n,n,50,n,n,n,13,n,n,n,38,n,n,n,n,n,n,n,7,n,n,n,22,n,n,n,7,n,n,n,7,n,n,n
2025-07-03 12:00:00,n,n,29.9,VM,n,n,17.2,VM,n,n,9.7,VM,n,n,49.5,VM,n,n,19.7,VM,n,n,12.5,VM,n,n,35.9,VM,n,n,24.7,VM,n,n,12.1,VM,n,n,29,VM,n,n,11.2,VM,n,n,8.8,VM
2025-07-03 12:30:00,30,n,n,n,16,n,n,n,7,n,n,n,109,n,n,n,39,n,n,n,14,n,n,n,33,n,n,n,19,n,n,n,8,n,n,n,36,n,n,n,14,n,n,n,7,n,n,n
2025-07-03 13:30:00,31,n,n,n,15,n,n,n,6,n,n,n,48,n,n,n,16,n,n,n,13,n,n,n,57,n,n,n,28,n,n,n,7,n,n,n,33,n,n,n,12,n,n,n,9,n,n,n
2025-07-03 14:30:00,34,n,n,n,19,n,n,n,12,n,n,n,62,n,n,n,30,n,n,n,13,n,n,n,52,n,n,n,31,n,n,n,11,n,n,n,34,n,n,n,12,n,n,n,9,n,n,n
2025-07-03 15:30:00,36,n,n,n,19,n,n,n,7,n,n,n,53,n,n,n,n,n,n,n,13,n,n,n,48,n,n,n,33,n,n,n,12,n,n,n,24,n,n,n,11,n,n,n,7,n,n,n
2025-07-03 16:30:00,36,n,n,n,17,n,n,n,12,n,n,n,55,n,n,n,22,n,n,n,12,n,n,n,n,n,n,n,n,n,n,n,n,n,n,n,31,n,n,n,12,n,n,n,14,n,n,n
2025-07-03 17:30:00,29,n,n,n,14,n,n,n,7,n,n,n,28,n,n,n,12,n,n,n,13,n,n,n,31,n,n,n,24,n,n,n,10,n,n,n,27,n,n,n,8,n,n,n,11,n,n,n
2025-07-03 18:30:00,23,n,n,n,10,n,n,n,7,n,n,n,59,n,n,n,29,n,n,n,17,n,n,n,47,n,n,n,29,n,n,n,17,n,n,n,n,n,n,n,n,n,n,n,n,n,n,n
2025-07-03 19:30:00,20,n,n,n,16,n,n,n,7,n,n,n,35,n,n,n,13,n,n,n,8,n,n,n,n,n,n,n,n,n,n,n,n,n,n,n,n,n,n,n,n,n,n,n,n,n,n,n
2025-07-03 20:30:00,20,n,n,n,15,n,n,n,7,n,n,n,33,n,n,n,13,n,n,n,14,n,n,n,12,n,n,n,23,n,n,n,9,n,n,n,17,n,n,n,7,n,n,n,1,n,n,n
2025-07-03 21:30:00,16,n,n,n,14,n,n,n,9,n,n,n,33,n,n,n,17,n,n,n,12,n,n,n,n,n,n,n,n,n,n,n,n,n,n,n,18,n,n,n,7,n,n,n,5,n,n,n
2025-07-03 22:30:00,19,n,n,n,13,n,n,n,9,n,n,n,35,n,n,n,16,n,n,n,8,n,n,n,26,n,n,n,19,n,n,n,12,n,n,n,24,n,n,n,5,n,n,n,8,n,n,n
2025-07-03 23:30:00,19,n,n,n,12,n,n,n,8,n,n,n,26,n,n,n,11,n,n,n,12,n,n,n,13,n,n,n,14,n,n,n,9,n,n,n,27,n,n,n,12,n,n,n,12,n,n,n
2025-07-04 00:30:00,25,n,n,n,22,n,n,n,9,n,n,n,23,n,n,n,7,n,n,n,13,n,n,n,17,n,n,n,20,n,n,n,11,n,n,n,30,n,n,n,9,n,n,n,6,n,n,n
2025-07-04 01:30:00,26,n,n,n,17,n,n,n,9,n,n,n,23,n,n,n,12,n,n,n,11,n,n,n,9,n,n,n,8,n,n,n,9,n,n,n,22,n,n,n,9,n,n,n,16,n,n,n
2025-07-04 02:30:00,19,n,n,n,6,n,n,n,7,n,n,n,23,n,n,n,11,n,n,n,8,n,n,n,13,n,n,n,12,n,n,n,11,n,n,n,12,n,n,n,7,n,n,n,6,n,n,n
2025-07-04 03:30:00,8,n,n,n,5,n,n,n,3,n,n,n,21,n,n,n,7,n,n,n,9,n,n,n,11,n,n,n,9,n,n,n,10,n,n,n,20,n,n,n,14,n,n,n,7,n,n,n
2025-07-04 04:30:00,13,n,n,n,10,n,n,n,5,n,n,n,25,n,n,n,5,n,n,n,12,n,n,n,11,n,n,n,11,n,n,n,10,n,n,n,11,n,n,n,2,n,n,n,6,n,n,n
2025-07-04 05:30:00,13,n,n,n,16,n,n,n,5,n,n,n,34,n,n,n,6,n,n,n,12,n,n,n,32,n,n,n,22,n,n,n,9,n,n,n,23,n,n,n,5,n,n,n,9,n,n,n
2025-07-04 06:30:00,24,n,n,n,15,n,n,n,8,n,n,n,46,n,n,n,19,n,n,n,13,n,n,n,46,n,n,n,34,n,n,n,13,n,n,n,24,n,n,n,11,n,n,n,6,n,n,n
2025-07-04 07:30:00,21,n,n,n,17,n,n,n,11,n,n,n,50,n,n,n,57,n,n,n,9,n,n,n,31,n,n,n,25,n,n,n,10,n,n,n,19,n,n,n,6,n,n,n,7,n,n,n
2025-07-04 08:30:00,19,n,n,n,9,n,n,n,9,n,n,n,57,n,n,n,23,n,n,n,12,n,n,n,35,n,n,n,25,n,n,n,8,n,n,n,27,n,n,n,5,n,n,n,9,n,n,n
2025-07-04 09:30:00,24,n,n,n,11,n,n,n,9,n,n,n,131,n,n,n,33,n,n,n,8,n,n,n,20,n,n,n,9,n,n,n,10,n,n,n,17,n,n,n,8,n,n,n,7,n,n,n
2025-07-04 10:30:00,18,n,n,n,12,n,n,n,7,n,n,n,61,n,n,n,17,n,n,n,11,n,n,n,31,n,n,n,18,n,n,n,10,n,n,n,22,n,n,n,11,n,n,n,8,n,n,n
2025-07-04 11:30:00,23,n,n,n,16,n,n,n,11,n,n,n,105,n,n,n,28,n,n,n,11,n,n,n,22,n,n,n,17,n,n,n,12,n,n,n,23,n,n,n,6,n,n,n,8,n,n,n
2025-07-04 12:00:00,n,n,21.7,VM,n,n,14.6,VM,n,n,8,VM,n,n,45.2,VM,n,n,17.9,VM,n,n,11.2,VM,n,n,33.8,VM,n,n,22.5,VM,n,n,12.1,VM,n,n,23.8,VM,n,n,10.6,VM,n,n,10.1,VM
2025-07-04 12:30:00,29,n,n,n,16,n,n,n,11,n,n,n,58,n,n,n,24,n,n,n,17,n,n,n,44,n,n,n,28,n,n,n,11,n,n,n,22,n,n,n,8,n,n,n,17,n,n,n
2025-07-04 13:30:00,27,n,n,n,15,n,n,n,6,n,n,n,46,n,n,n,20,n,n,n,11,n,n,n,54,n,n,n,34,n,n,n,14,n,n,n,22,n,n,n,11,n,n,n,8,n,n,n
2025-07-04 14:30:00,10,n,n,n,6,n,n,n,3,n,n,n,26,n,n,n,11,n,n,n,9,n,n,n,33,n,n,n,23,n,n,n,10,n,n,n,23,n,n,n,18,n,n,n,16,n,n,n
2025-07-04 15:30:00,8,n,n,n,11,n,n,n,3,n,n,n,25,n,n,n,11,n,n,n,9,n,n,n,16,n,n,n,16,n,n,n,11,n,n,n,12,n,n,n,8,n,n,n,11,n,n,n
2025-07-04 16:30:00,9,n,n,n,13,n,n,n,6,n,n,n,13,n,n,n,7,n,n,n,11,n,n,n,14,n,n,n,13,n,n,n,10,n,n,n,22,n,n,n,16,n,n,n,8,n,n,n
2025-07-04 17:30:00,16,n,n,n,8,n,n,n,8,n,n,n,59,n,n,n,24,n,n,n,11,n,n,n,44,n,n,n,34,n,n,n,21,n,n,n,11,n,n,n,6,n,n,n,9,n,n,n
2025-07-04 18:30:00,29,n,n,n,18,n,n,n,11,n,n,n,63,n,n,n,24,n,n,n,12,n,n,n,67,n,n,n,29,n,n,n,17,n,n,n,25,n,n,n,8,n,n,n,9,n,n,n
2025-07-04 19:30:00,35,n,n,n,20,n,n,n,9,n,n,n,70,n,n,n,28,n,n,n,16,n,n,n,64,n,n,n,35,n,n,n,19,n,n,n,23,n,n,n,11,n,n,n,8,n,n,n
2025-07-04 20:30:00,36,n,n,n,26,n,n,n,8,n,n,n,50,n,n,n,24,n,n,n,12,n,n,n,68,n,n,n,42,n,n,n,13,n,n,n,30,n,n,n,14,n,n,n,9,n,n,n
2025-07-04 21:30:00,40,n,n,n,28,n,n,n,12,n,n,n,23,n,n,n,9,n,n,n,13,n,n,n,62,n,n,n,28,n,n,n,15,n,n,n,63,n,n,n,30,n,n,n,22,n,n,n
2025-07-04 22:30:00,22,n,n,n,17,n,n,n,12,n,n,n,24,n,n,n,13,n,n,n,9,n,n,n,38,n,n,n,28,n,n,n,13,n,n,n,29,n,n,n,13,n,n,n,17,n,n,n
2025-07-04 23:30:00,27,n,n,n,17,n,n,n,9,n,n,n,29,n,n,n,9,n,n,n,11,n,n,n,29,n,n,n,19,n,n,n,13,n,n,n,38,n,n,n,18,n,n,n,13,n,n,n
2025-07-05 00:30:00,32,n,n,n,23,n,n,n,8,n,n,n,21,n,n,n,9,n,n,n,9,n,n,n,20,n,n,n,17,n,n,n,14,n,n,n,30,n,n,n,14,n,n,n,13,n,n,n
2025-07-05 01:30:00,25,n,n,n,21,n,n,n,9,n,n,n,35,n,n,n,6,n,n,n,11,n,n,n,12,n,n,n,16,n,n,n,9,n,n,n,20,n,n,n,7,n,n,n,11,n,n,n
2025-07-05 02:30:00,16,n,n,n,5,n,n,n,6,n,n,n,32,n,n,n,11,n,n,n,11,n,n,n,13,n,n,n,13,n,n,n,8,n,n,n,20,n,n,n,6,n,n,n,11,n,n,n
2025-07-05 03:30:00,25,n,n,n,16,n,n,n,3,n,n,n,32,n,n,n,14,n,n,n,11,n,n,n,18,n,n,n,16,n,n,n,11,n,n,n,20,n,n,n,8,n,n,n,8,n,n,n
2025-07-05 04:30:00,22,n,n,n,14,n,n,n,9,n,n,n,25,n,n,n,11,n,n,n,13,n,n,n,16,n,n,n,17,n,n,n,12,n,n,n,17,n,n,n,11,n,n,n,5,n,n,n
2025-07-05 05:30:00,25,n,n,n,14,n,n,n,9,n,n,n,27,n,n,n,12,n,n,n,14,n,n,n,20,n,n,n,14,n,n,n,13,n,n,n,22,n,n,n,12,n,n,n,12,n,n,n
2025-07-05 06:30:00,25,n,n,n,16,n,n,n,9,n,n,n,108,n,n,n,40,n,n,n,12,n,n,n,27,n,n,n,29,n,n,n,11,n,n,n,28,n,n,n,12,n,n,n,9,n,n,n
2025-07-05 07:30:00,29,n,n,n,17,n,n,n,13,n,n,n,48,n,n,n,23,n,n,n,14,n,n,n,44,n,n,n,20,n,n,n,10,n,n,n,19,n,n,n,13,n,n,n,7,n,n,n
2025-07-05 08:30:00,18,n,n,n,20,n,n,n,11,n,n,n,43,n,n,n,18,n,n,n,17,n,n,n,32,n,n,n,22,n,n,n,17,n,n,n,22,n,n,n,9,n,n,n,9,n,n,n
2025-07-05 09:30:00,27,n,n,n,21,n,n,n,11,n,n,n,46,n,n,n,19,n,n,n,13,n,n,n,42,n,n,n,28,n,n,n,18,n,n,n,23,n,n,n,6,n,n,n,11,n,n,n
2025-07-05 10:30:00,31,n,n,n,18,n,n,n,11,n,n,n,48,n,n,n,17,n,n,n,13,n,n,n,40,n,n,n,25,n,n,n,14,n,n,n,28,n,n,n,8,n,n,n,8,n,n,n
2025-07-05 11:30:00,25,n,n,n,13,n,n,n,12,n,n,n,43,n,n,n,13,n,n,n,13,n,n,n,38,n,n,n,18,n,n,n,17,n,n,n,22,n,n,n,8,n,n,n,13,n,n,n
2025-07-05 12:00:00,n,n,40.6,VM,n,n,21.2,VM,n,n,9.2,VM,n,n,49.5,VM,n,n,18.6,VM,n,n,12.8,VM,n,n,34,VM,n,n,23.2,VM,n,n,13.4,VM,n,n,23.3,VM,n,n,10.3,VM,n,n,10.3,VM
2025-07-05 12:30:00,28,n,n,n,14,n,n,n,8,n,n,n,39,n,n,n,9,n,n,n,n,n,n,n,33,n,n,n,14,n,n,n,7,n,n,n,7,n,n,n,7,n,n,n,9,n,n,n
2025-07-05 13:30:00,39,n,n,n,17,n,n,n,7,n,n,n,28,n,n,n,8,n,n,n,9,n,n,n,17,n,n,n,16,n,n,n,5,n,n,n,12,n,n,n,5,n,n,n,7,n,n,n
2025-07-05 14:30:00,34,n,n,n,13,n,n,n,8,n,n,n,35,n,n,n,9,n,n,n,6,n,n,n,16,n,n,n,12,n,n,n,9,n,n,n,18,n,n,n,7,n,n,n,8,n,n,n
2025-07-05 15:30:00,45,n,n,n,11,n,n,n,7,n,n,n,43,n,n,n,7,n,n,n,8,n,n,n,19,n,n,n,12,n,n,n,11,n,n,n,12,n,n,n,7,n,n,n,7,n,n,n
2025-07-05 16:30:00,18,n,n,n,7,n,n,n,3,n,n,n,35,n,n,n,6,n,n,n,9,n,n,n,24,n,n,n,19,n,n,n,11,n,n,n,13,n,n,n,5,n,n,n,6,n,n,n
2025-07-05 17:30:00,72,n,n,n,36,n,n,n,6,n,n,n,58,n,n,n,19,n,n,n,9,n,n,n,69,n,n,n,36,n,n,n,10,n,n,n,18,n,n,n,5,n,n,n,6,n,n,n
2025-07-05 18:30:00,51,n,n,n,29,n,n,n,7,n,n,n,54,n,n,n,19,n,n,n,8,n,n,n,61,n,n,n,40,n,n,n,13,n,n,n,23,n,n,n,8,n,n,n,17,n,n,n
2025-07-05 19:30:00,78,n,n,n,39,n,n,n,13,n,n,n,78,n,n,n,36,n,n,n,16,n,n,n,66,n,n,n,45,n,n,n,14,n,n,n,41,n,n,n,18,n,n,n,11,n,n,n
2025-07-05 20:30:00,47,n,n,n,17,n,n,n,11,n,n,n,65,n,n,n,31,n,n,n,16,n,n,n,55,n,n,n,38,n,n,n,20,n,n,n,23,n,n,n,11,n,n,n,12,n,n,n
2025-07-05 21:30:00,74,n,n,n,44,n,n,n,12,n,n,n,78,n,n,n,38,n,n,n,23,n,n,n,55,n,n,n,35,n,n,n,28,n,n,n,24,n,n,n,9,n,n,n,13,n,n,n
2025-07-05 22:30:00,73,n,n,n,36,n,n,n,13,n,n,n,83,n,n,n,36,n,n,n,19,n,n,n,42,n,n,n,31,n,n,n,20,n,n,n,46,n,n,n,25,n,n,n,23,n,n,n
2025-07-05 23:30:00,115,n,n,n,47,n,n,n,14,n,n,n,84,n,n,n,36,n,n,n,20,n,n,n,38,n,n,n,24,n,n,n,19,n,n,n,51,n,n,n,27,n,n,n,12,n,n,n
2025-07-06 00:30:00,119,n,n,n,44,n,n,n,14,n,n,n,72,n,n,n,31,n,n,n,19,n,n,n,44,n,n,n,35,n,n,n,14,n,n,n,44,n,n,n,25,n,n,n,17,n,n,n
2025-07-06 01:30:00,75,n,n,n,34,n,n,n,9,n,n,n,66,n,n,n,33,n,n,n,22,n,n,n,44,n,n,n,31,n,n,n,19,n,n,n,44,n,n,n,19,n,n,n,19,n,n,n
2025-07-06 02:30:00,97,n,n,n,51,n,n,n,12,n,n,n,70,n,n,n,28,n,n,n,17,n,n,n,43,n,n,n,25,n,n,n,17,n,n,n,42,n,n,n,19,n,n,n,17,n,n,n
2025-07-06 03:30:00,83,n,n,n,30,n,n,n,12,n,n,n,70,n,n,n,35,n,n,n,19,n,n,n,32,n,n,n,24,n,n,n,16,n,n,n,45,n,n,n,18,n,n,n,17,n,n,n
2025-07-06 04:30:00,52,n,n,n,25,n,n,n,12,n,n,n,72,n,n,n,33,n,n,n,13,n,n,n,39,n,n,n,22,n,n,n,17,n,n,n,40,n,n,n,22,n,n,n,16,n,n,n
2025-07-06 05:30:00,65,n,n,n,35,n,n,n,8,n,n,n,71,n,n,n,28,n,n,n,17,n,n,n,37,n,n,n,25,n,n,n,18,n,n,n,47,n,n,n,14,n,n,n,13,n,n,n
2025-07-06 06:30:00,55,n,n,n,26,n,n,n,9,n,n,n,92,n,n,n,40,n,n,n,18,n,n,n,29,n,n,n,22,n,n,n,13,n,n,n,63,n,n,n,34,n,n,n,12,n,n,n
2025-07-06 07:30:00,68,n,n,n,29,n,n,n,17,n,n,n,98,n,n,n,30,n,n,n,16,n,n,n,54,n,n,n,20,n,n,n,14,n,n,n,52,n,n,n,30,n,n,n,16,n,n,n
2025-07-06 08:30:00,63,n,n,n,31,n,n,n,14,n,n,n,85,n,n,n,39,n,n,n,22,n,n,n,53,n,n,n,42,n,n,n,23,n,n,n,47,n,n,n,19,n,n,n,23,n,n,n
2025-07-06 09:30:00,35,n,n,n,26,n,n,n,16,n,n,n,36,n,n,n,18,n,n,n,13,n,n,n,29,n,n,n,19,n,n,n,8,n,n,n,23,n,n,n,14,n,n,n,8,n,n,n
2025-07-06 10:30:00,68,n,n,n,28,n,n,n,8,n,n,n,50,n,n,n,9,n,n,n,11,n,n,n,37,n,n,n,18,n,n,n,8,n,n,n,41,n,n,n,19,n,n,n,6,n,n,n
2025-07-06 11:30:00,38,n,n,n,17,n,n,n,7,n,n,n,48,n,n,n,17,n,n,n,11,n,n,n,31,n,n,n,16,n,n,n,12,n,n,n,29,n,n,n,6,n,n,n,9,n,n,n
2025-07-06 12:00:00,n,n,64.9,VM,n,n,30,VM,n,n,10.8,VM,n,n,65.3,VM,n,n,25.8,VM,n,n,15.5,VM,n,n,41.3,VM,n,n,26,VM,n,n,14.2,VM,n,n,40.9,VM,n,n,19.3,VM,n,n,14,VM
2025-07-06 12:30:00,42,n,n,n,15,n,n,n,6,n,n,n,47,n,n,n,16,n,n,n,12,n,n,n,39,n,n,n,17,n,n,n,16,n,n,n,28,n,n,n,12,n,n,n,6,n,n,n
2025-07-06 13:30:00,35,n,n,n,14,n,n,n,6,n,n,n,55,n,n,n,16,n,n,n,11,n,n,n,41,n,n,n,17,n,n,n,8,n,n,n,33,n,n,n,14,n,n,n,13,n,n,n
2025-07-06 14:30:00,48,n,n,n,22,n,n,n,8,n,n,n,70,n,n,n,22,n,n,n,12,n,n,n,37,n,n,n,20,n,n,n,11,n,n,n,39,n,n,n,14,n,n,n,16,n,n,n
2025-07-06 15:30:00,59,n,n,n,20,n,n,n,8,n,n,n,61,n,n,n,18,n,n,n,12,n,n,n,38,n,n,n,20,n,n,n,7,n,n,n,46,n,n,n,30,n,n,n,17,n,n,n
2025-07-06 16:30:00,111,n,n,n,37,n,n,n,9,n,n,n,75,n,n,n,28,n,n,n,13,n,n,n,33,n,n,n,23,n,n,n,15,n,n,n,35,n,n,n,14,n,n,n,8,n,n,n
2025-07-06 17:30:00,131,n,n,n,51,n,n,n,9,n,n,n,109,n,n,n,41,n,n,n,16,n,n,n,48,n,n,n,35,n,n,n,10,n,n,n,30,n,n,n,19,n,n,n,8,n,n,n
2025-07-06 18:30:00,62,n,n,n,34,n,n,n,11,n,n,n,56,n,n,n,20,n,n,n,12,n,n,n,59,n,n,n,45,n,n,n,16,n,n,n,25,n,n,n,7,n,n,n,11,n,n,n
2025-07-06 19:30:00,34,n,n,n,21,n,n,n,8,n,n,n,44,n,n,n,19,n,n,n,13,n,n,n,58,n,n,n,35,n,n,n,17,n,n,n,30,n,n,n,11,n,n,n,11,n,n,n
2025-07-06 20:30:00,44,n,n,n,31,n,n,n,12,n,n,n,36,n,n,n,22,n,n,n,14,n,n,n,55,n,n,n,38,n,n,n,15,n,n,n,39,n,n,n,19,n,n,n,14,n,n,n
2025-07-06 21:30:00,52,n,n,n,29,n,n,n,14,n,n,n,49,n,n,n,23,n,n,n,17,n,n,n,44,n,n,n,28,n,n,n,15,n,n,n,56,n,n,n,29,n,n,n,16,n,n,n
2025-07-06 22:30:00,60,n,n,n,37,n,n,n,13,n,n,n,61,n,n,n,19,n,n,n,17,n,n,n,36,n,n,n,22,n,n,n,18,n,n,n,56,n,n,n,34,n,n,n,25,n,n,n
2025-07-06 23:30:00,61,n,n,n,33,n,n,n,16,n,n,n,74,n,n,n,35,n,n,n,24,n,n,n,31,n,n,n,25,n,n,n,14,n,n,n,48,n,n,n,22,n,n,n,18,n,n,n
2025-07-07 00:30:00,57,VU,n,n,37,VU,n,n,13,VU,n,n,56,n,n,n,29,n,n,n,19,n,n,n,38,n,n,n,29,n,n,n,20,n,n,n,47,n,n,n,29,n,n,n,16,n,n,n
2025-07-07 01:30:00,80,VU,n,n,43,VU,n,n,11,VU,n,n,41,n,n,n,20,n,n,n,18,n,n,n,29,n,n,n,24,n,n,n,16,n,n,n,51,n,n,n,24,n,n,n,19,n,n,n
2025-07-07 02:30:00,55,VU,n,n,36,VU,n,n,18,VU,n,n,45,n,n,n,23,n,n,n,14,n,n,n,21,n,n,n,17,n,n,n,13,n,n,n,51,n,n,n,24,n,n,n,23,n,n,n
2025-07-07 03:30:00,49,VU,n,n,31,VU,n,n,16,VU,n,n,49,n,n,n,24,n,n,n,20,n,n,n,23,n,n,n,19,n,n,n,9,n,n,n,39,n,n,n,20,n,n,n,14,n,n,n
2025-07-07 04:30:00,40,VU,n,n,24,VU,n,n,11,VU,n,n,52,n,n,n,28,n,n,n,22,n,n,n,15,n,n,n,17,n,n,n,11,n,n,n,24,n,n,n,16,n,n,n,12,n,n,n
2025-07-07 05:30:00,54,VU,n,n,31,VU,n,n,9,VU,n,n,56,n,n,n,22,n,n,n,13,n,n,n,38,n,n,n,24,n,n,n,12,n,n,n,57,n,n,n,38,n,n,n,18,n,n,n
2025-07-07 06:30:00,90,VU,n,n,44,VU,n,n,11,VU,n,n,96,n,n,n,48,n,n,n,23,n,n,n,54,n,n,n,39,n,n,n,15,n,n,n,69,n,n,n,48,n,n,n,33,n,n,n
2025-07-07 07:30:00,107,VU,n,n,51,VU,n,n,19,VU,n,n,177,n,n,n,73,n,n,n,27,n,n,n,80,n,n,n,42,n,n,n,17,n,n,n,105,n,n,n,52,n,n,n,25,n,n,n
2025-07-07 08:30:00,64,VU,n,n,41,VU,n,n,14,VU,n,n,161,n,n,n,74,n,n,n,33,n,n,n,83,n,n,n,52,n,n,n,26,n,n,n,107,n,n,n,56,n,n,n,28,n,n,n
2025-07-07 09:30:00,65,VU,n,n,38,VU,n,n,17,VU,n,n,71,n,n,n,30,n,n,n,20,n,n,n,64,n,n,n,40,n,n,n,19,n,n,n,41,n,n,n,n,n,n,n,n,n,n,n
2025-07-07 10:30:00,42,VU,n,n,26,VU,n,n,16,VU,n,n,56,n,n,n,n,n,n,n,20,n,n,n,41,n,n,n,24,n,n,n,19,n,n,n,n,n,n,n,n,n,n,n,n,n,n,n
2025-07-07 11:30:00,50,VU,n,n,29,VU,n,n,11,VU,n,n,55,n,n,n,1119,n,n,n,16,n,n,n,29,n,n,n,20,n,n,n,17,n,n,n,n,n,n,n,n,n,n,n,n,n,n,n
2025-07-07 12:00:00,n,n,65.5,VM,n,n,35.8,VM,n,n,14.5,VM,n,n,73.5,VM,n,n,81.5,VM,n,n,19.4,VM,n,n,48.7,VM,n,n,31.4,VM,n,n,16.5,VM,n,n,n,n,n,n,n,n,n,n,n,n
2025-07-07 12:30:00,39,VU,n,n,25,VU,n,n,11,VU,n,n,51,n,n,n,19,n,n,n,17,n,n,n,24,n,n,n,19,n,n,n,15,n,n,n,n,n,n,n,n,n,n,n,n,n,n,n
2025-07-07 13:30:00,43,VU,n,n,24,VU,n,n,31,VU,n,n,61,n,n,n,24,n,n,n,12,n,n,n,35,n,n,n,23,n,n,n,9,n,n,n,n,n,n,n,n,n,n,n,n,n,n,n
2025-07-07 14:30:00,72,VU,n,n,32,VU,n,n,13,VU,n,n,53,n,n,n,22,n,n,n,17,n,n,n,80,n,n,n,24,n,n,n,12,n,n,n,n,n,n,n,n,n,n,n,n,n,n,n
2025-07-07 15:30:00,43,VU,n,n,20,VU,n,n,12,VU,n,n,47,n,n,n,24,n,n,n,13,n,n,n,33,n,n,n,24,n,n,n,18,n,n,n,n,n,n,n,n,n,n,n,n,n,n,n
2025-07-07 16:30:00,52,VU,n,n,26,VU,n,n,13,VU,n,n,48,n,n,n,19,n,n,n,14,n,n,n,51,n,n,n,28,n,n,n,13,n,n,n,n,n,n,n,n,n,n,n,n,n,n,n
2025-07-07 17:30:00,74,VU,n,n,28,VU,n,n,13,VU,n,n,63,n,n,n,25,n,n,n,13,n,n,n,52,n,n,n,38,n,n,n,11,n,n,n,n,n,n,n,n,n,n,n,n,n,n,n
2025-07-07 18:30:00,92,VU,n,n,45,VU,n,n,12,VU,n,n,92,n,n,n,39,n,n,n,20,n,n,n,101,n,n,n,55,n,n,n,20,n,n,n,n,n,n,n,n,n,n,n,n,n,n,n
2025-07-07 19:30:00,69,VU,n,n,43,VU,n,n,12,VU,n,n,60,n,n,n,33,n,n,n,22,n,n,n,66,n,n,n,40,n,n,n,26,n,n,n,n,n,n,n,n,n,n,n,n,n,n,n
2025-07-07 20:30:00,91,VU,n,n,49,VU,n,n,16,VU,n,n,90,n,n,n,41,n,n,n,18,n,n,n,61,n,n,n,46,n,n,n,24,n,n,n,n,n,n,n,n,n,n,n,n,n,n,n
2025-07-07 21:30:00,102,VU,n,n,56,VU,n,n,19,VU,n,n,110,n,n,n,51,n,n,n,28,n,n,n,54,n,n,n,36,n,n,n,19,n,n,n,n,n,n,n,n,n,n,n,n,n,n,n
2025-07-07 22:30:00,74,VU,n,n,43,VU,n,n,13,VU,n,n,91,n,n,n,46,n,n,n,25,n,n,n,49,n,n,n,36,n,n,n,18,n,n,n,n,n,n,n,n,n,n,n,n,n,n,n
2025-07-07 23:30:00,69,VU,n,n,37,VU,n,n,16,VU,n,n,82,n,n,n,42,n,n,n,22,n,n,n,47,n,n,n,38,n,n,n,18,n,n,n,n,n,n,n,n,n,n,n,n,n,n,n
2025-07-08 00:30:00,66,VU,n,n,38,VU,n,n,16,VU,n,n,n,n,n,n,39,n,n,n,25,n,n,n,36,n,n,n,30,n,n,n,22,n,n,n,n,n,n,n,n,n,n,n,n,n,n,n
2025-07-08 01:30:00,77,VU,n,n,43,VU,n,n,22,VU,n,n,66,n,n,n,35,n,n,n,27,n,n,n,34,n,n,n,25,n,n,n,15,n,n,n,n,n,n,n,n,n,n,n,n,n,n,n
2025-07-08 02:30:00,62,VU,n,n,40,VU,n,n,18,VU,n,n,64,n,n,n,29,n,n,n,29,n,n,n,39,n,n,n,30,n,n,n,18,n,n,n,n,n,n,n,n,n,n,n,n,n,n,n
2025-07-08 03:30:00,97,VU,n,n,50,VU,n,n,14,VU,n,n,75,n,n,n,40,n,n,n,20,n,n,n,33,n,n,n,25,n,n,n,16,n,n,n,n,n,n,n,n,n,n,n,n,n,n,n
2025-07-08 04:30:00,123,VU,n,n,57,VU,n,n,19,VU,n,n,94,n,n,n,41,n,n,n,19,n,n,n,33,n,n,n,27,n,n,n,17,n,n,n,n,n,n,n,n,n,n,n,n,n,n,n
2025-07-08 05:30:00,83,VU,n,n,34,VU,n,n,14,VU,n,n,75,n,n,n,36,n,n,n,20,n,n,n,32,n,n,n,29,n,n,n,20,n,n,n,n,n,n,n,n,n,n,n,n,n,n,n
2025-07-08 06:30:00,76,VU,n,n,41,VU,n,n,13,VU,n,n,155,n,n,n,55,n,n,n,24,n,n,n,55,n,n,n,35,n,n,n,18,n,n,n,n,n,n,n,n,n,n,n,n,n,n,n
2025-07-08 07:30:00,94,VU,n,n,45,VU,n,n,16,VU,n,n,136,n,n,n,50,n,n,n,29,n,n,n,60,n,n,n,39,n,n,n,18,n,n,n,n,n,n,n,n,n,n,n,n,n,n,n
2025-07-08 08:30:00,96,VU,n,n,59,VU,n,n,23,VU,n,n,127,n,n,n,59,n,n,n,29,n,n,n,73,n,n,n,56,n,n,n,21,n,n,n,n,n,n,n,n,n,n,n,n,n,n,n
2025-07-08 09:30:00,91,VU,n,n,58,VU,n,n,22,VU,n,n,103,n,n,n,51,n,n,n,24,n,n,n,57,n,n,n,44,n,n,n,23,n,n,n,n,n,n,n,n,n,n,n,n,n,n,n
2025-07-08 10:30:00,69,VU,n,n,33,VU,n,n,11,VU,n,n,64,n,n,n,20,n,n,n,13,n,n,n,36,n,n,n,19,n,n,n,17,n,n,n,n,n,n,n,n,n,n,n,n,n,n,n
2025-07-08 11:30:00,56,VU,n,n,23,VU,n,n,11,VU,n,n,72,n,n,n,24,n,n,n,13,n,n,n,36,n,n,n,18,n,n,n,8,n,n,n,n,n,n,n,n,n,n,n,n,n,n,n
2025-07-08 12:00:00,n,n,80.1,VM,n,n,40.9,VM,n,n,15.6,VM,n,n,86.4,VM,n,n,36.6,VM,n,n,20.4,VM,n,n,49.5,VM,n,n,33.7,VM,n,n,18.1,VM,n,n,n,n,n,n,n,n,n,n,n,n
2025-07-08 12:30:00,97,VU,n,n,41,VU,n,n,14,VU,n,n,68,n,n,n,19,n,n,n,13,n,n,n,39,n,n,n,27,n,n,n,16,n,n,n,n,n,n,n,n,n,n,n,n,n,n,n
2025-07-08 13:30:00,64,VU,n,n,26,VU,n,n,12,VU,n,n,81,n,n,n,22,n,n,n,12,n,n,n,32,n,n,n,27,n,n,n,15,n,n,n,n,n,n,n,n,n,n,n,n,n,n,n
2025-07-08 14:30:00,61,VU,n,n,23,VU,n,n,8,VU,n,n,43,n,n,n,16,n,n,n,12,n,n,n,43,n,n,n,22,n,n,n,10,n,n,n,n,n,n,n,n,n,n,n,n,n,n,n
2025-07-08 15:30:00,48,VU,n,n,26,VU,n,n,12,VU,n,n,52,n,n,n,14,n,n,n,13,n,n,n,39,n,n,n,23,n,n,n,17,n,n,n,n,n,n,n,n,n,n,n,n,n,n,n
2025-07-08 16:30:00,94,VU,n,n,35,VU,n,n,11,VU,n,n,79,n,n,n,29,n,n,n,12,n,n,n,46,n,n,n,27,n,n,n,18,n,n,n,n,n,n,n,n,n,n,n,n,n,n,n
2025-07-08 17:30:00,97,VU,n,n,36,VU,n,n,9,VU,n,n,95,n,n,n,41,n,n,n,17,n,n,n,75,n,n,n,30,n,n,n,14,n,n,n,n,n,n,n,n,n,n,n,n,n,n,n
2025-07-08 18:30:00,71,VU,n,n,31,VU,n,n,7,VU,n,n,84,n,n,n,36,n,n,n,16,n,n,n,93,n,n,n,53,n,n,n,21,n,n,n,n,n,n,n,n,n,n,n,n,n,n,n
2025-07-08 19:30:00,59,VU,n,n,39,VU,n,n,20,VU,n,n,94,n,n,n,44,n,n,n,20,n,n,n,77,n,n,n,52,n,n,n,24,n,n,n,n,n,n,n,n,n,n,n,n,n,n,n
2025-07-08 20:30:00,88,VU,n,n,53,VU,n,n,24,VU,n,n,77,n,n,n,36,n,n,n,24,n,n,n,65,n,n,n,47,n,n,n,23,n,n,n,n,n,n,n,n,n,n,n,n,n,n,n
2025-07-08 21:30:00,85,VU,n,n,49,VU,n,n,22,VU,n,n,69,n,n,n,40,n,n,n,24,n,n,n,59,n,n,n,47,n,n,n,23,n,n,n,n,n,n,n,n,n,n,n,n,n,n,n
2025-07-08 22:30:00,79,VU,n,n,50,VU,n,n,17,VU,n,n,113,n,n,n,57,n,n,n,30,n,n,n,48,n,n,n,42,n,n,n,19,n,n,n,n,n,n,n,n,n,n,n,n,n,n,n
2025-07-08 23:30:00,90,VU,n,n,51,VU,n,n,20,VU,n,n,101,n,n,n,46,n,n,n,24,n,n,n,47,n,n,n,34,n,n,n,21,n,n,n,n,n,n,n,n,n,n,n,n,n,n,n
2025-07-09 00:30:00,76,VU,n,n,33,VU,n,n,17,VU,n,n,78,n,n,n,36,n,n,n,25,n,n,n,48,n,n,n,31,n,n,n,25,n,n,n,n,n,n,n,n,n,n,n,n,n,n,n
2025-07-09 01:30:00,82,VU,n,n,44,VU,n,n,20,VU,n,n,71,n,n,n,34,n,n,n,23,n,n,n,38,n,n,n,33,n,n,n,22,n,n,n,n,n,n,n,n,n,n,n,n,n,n,n
2025-07-09 02:30:00,64,VU,n,n,36,VU,n,n,22,VU,n,n,67,n,n,n,36,n,n,n,24,n,n,n,38,n,n,n,28,n,n,n,19,n,n,n,n,n,n,n,n,n,n,n,n,n,n,n
2025-07-09 03:30:00,94,VU,n,n,60,VU,n,n,23,VU,n,n,73,n,n,n,33,n,n,n,28,n,n,n,37,n,n,n,22,n,n,n,15,n,n,n,n,n,n,n,n,n,n,n,n,n,n,n
2025-07-09 04:30:00,54,VU,n,n,34,VU,n,n,22,VU,n,n,75,n,n,n,35,n,n,n,24,n,n,n,31,n,n,n,29,n,n,n,15,n,n,n,n,n,n,n,n,n,n,n,n,n,n,n
2025-07-09 05:30:00,99,VU,n,n,53,VU,n,n,19,VU,n,n,81,n,n,n,38,n,n,n,22,n,n,n,44,n,n,n,30,n,n,n,18,n,n,n,n,n,n,n,n,n,n,n,n,n,n,n
2025-07-09 06:30:00,100,VU,n,n,52,VU,n,n,19,VU,n,n,129,n,n,n,56,n,n,n,27,n,n,n,55,n,n,n,35,n,n,n,20,n,n,n,n,n,n,n,n,n,n,n,n,n,n,n
2025-07-09 07:30:00,100,VU,n,n,47,VU,n,n,20,VU,n,n,135,n,n,n,55,n,n,n,30,n,n,n,79,n,n,n,45,n,n,n,19,n,n,n,n,n,n,n,n,n,n,n,n,n,n,n
2025-07-09 08:30:00,111,VU,n,n,54,VU,n,n,22,VU,n,n,151,n,n,n,75,n,n,n,34,n,n,n,106,n,n,n,70,n,n,n,32,n,n,n,n,n,n,n,n,n,n,n,n,n,n,n
2025-07-09 09:30:00,53,VU,n,n,41,VU,n,n,13,VU,n,n,66,n,n,n,39,n,n,n,20,n,n,n,65,n,n,n,38,n,n,n,23,n,n,n,n,n,n,n,n,n,n,n,n,n,n,n
2025-07-09 10:30:00,40,VU,n,n,26,VU,n,n,13,VU,n,n,37,n,n,n,22,n,n,n,11,n,n,n,41,n,n,n,18,n,n,n,10,n,n,n,n,n,n,n,n,n,n,n,n,n,n,n
2025-07-09 11:30:00,36,VU,n,n,18,VU,n,n,12,VU,n,n,41,n,n,n,17,n,n,n,12,n,n,n,41,n,n,n,19,n,n,n,15,n,n,n,n,n,n,n,n,n,n,n,n,n,n,n
2025-07-09 12:00:00,n,n,86,VM,n,n,43.7,VM,n,n,16.6,VM,n,n,76,VM,n,n,33.8,VM,n,n,19.9,VM,n,n,57,VM,n,n,33.9,VM,n,n,18,VM,n,n,n,n,n,n,n,n,n,n,n,n
2025-07-09 12:30:00,29,VU,n,n,17,VU,n,n,14,VU,n,n,40,n,n,n,13,n,n,n,16,n,n,n,151,n,n,n,17,n,n,n,10,n,n,n,n,n,n,n,n,n,n,n,n,n,n,n
2025-07-09 13:30:00,321,VU,n,n,100,VU,n,n,24,VU,n,n,43,n,n,n,20,n,n,n,9,n,n,n,28,n,n,n,n,n,n,n,n,n,n,n,n,n,n,n,n,n,n,n,n,n,n,n
2025-07-09 14:30:00,26,VU,n,n,16,VU,n,n,7,VU,n,n,51,n,n,n,22,n,n,n,14,n,n,n,38,n,n,n,18,n,n,n,8,n,n,n,n,n,n,n,n,n,n,n,n,n,n,n
2025-07-09 15:30:00,37,VU,n,n,18,VU,n,n,9,VU,n,n,77,n,n,n,24,n,n,n,8,n,n,n,23,n,n,n,17,n,n,n,11,n,n,n,n,n,n,n,n,n,n,n,n,n,n,n
2025-07-09 16:30:00,35,VU,n,n,18,VU,n,n,12,VU,n,n,44,n,n,n,16,n,n,n,16,n,n,n,39,n,n,n,22,n,n,n,8,n,n,n,n,n,n,n,n,n,n,n,n,n,n,n
2025-07-09 17:30:00,105,VU,n,n,52,VU,n,n,27,VU,n,n,71,n,n,n,23,n,n,n,12,n,n,n,59,n,n,n,41,n,n,n,11,n,n,n,n,n,n,n,n,n,n,n,n,n,n,n
2025-07-09 18:30:00,127,VU,n,n,64,VU,n,n,16,VU,n,n,71,n,n,n,30,n,n,n,18,n,n,n,116,n,n,n,63,n,n,n,30,n,n,n,n,n,n,n,n,n,n,n,n,n,n,n
2025-07-09 19:30:00,96,VU,n,n,55,VU,n,n,9,VU,n,n,74,n,n,n,28,n,n,n,18,n,n,n,88,n,n,n,64,n,n,n,37,n,n,n,n,n,n,n,n,n,n,n,n,n,n,n
2025-07-09 20:30:00,98,VU,n,n,51,VU,n,n,11,VU,n,n,99,n,n,n,45,n,n,n,19,n,n,n,66,n,n,n,45,n,n,n,18,n,n,n,n,n,n,n,n,n,n,n,n,n,n,n
2025-07-09 21:30:00,108,VU,n,n,58,VU,n,n,16,VU,n,n,68,n,n,n,35,n,n,n,22,n,n,n,52,n,n,n,36,n,n,n,18,n,n,n,n,n,n,n,n,n,n,n,n,n,n,n
2025-07-09 22:30:00,104,VU,n,n,59,VU,n,n,13,VU,n,n,107,n,n,n,42,n,n,n,23,n,n,n,50,n,n,n,33,n,n,n,17,n,n,n,n,n,n,n,n,n,n,n,n,n,n,n
2025-07-09 23:30:00,69,VU,n,n,43,VU,n,n,19,VU,n,n,75,n,n,n,36,n,n,n,22,n,n,n,36,n,n,n,25,n,n,n,13,n,n,n,n,n,n,n,n,n,n,n,n,n,n,n
2025-07-10 00:30:00,81,VU,n,n,43,VU,n,n,13,VU,n,n,63,n,n,n,36,n,n,n,17,n,n,n,35,n,n,n,25,n,n,n,19,n,n,n,n,n,n,n,n,n,n,n,n,n,n,n
2025-07-10 01:30:00,62,VU,n,n,33,VU,n,n,18,VU,n,n,59,n,n,n,27,n,n,n,16,n,n,n,34,n,n,n,23,n,n,n,13,n,n,n,n,n,n,n,n,n,n,n,n,n,n,n
2025-07-10 02:30:00,32,VU,n,n,22,VU,n,n,12,VU,n,n,54,n,n,n,28,n,n,n,16,n,n,n,26,n,n,n,24,n,n,n,10,n,n,n,n,n,n,n,n,n,n,n,n,n,n,n
2025-07-10 03:30:00,29,VU,n,n,19,VU,n,n,16,VU,n,n,41,n,n,n,19,n,n,n,13,n,n,n,34,n,n,n,18,n,n,n,11,n,n,n,n,n,n,n,n,n,n,n,n,n,n,n
2025-07-10 04:30:00,64,VU,n,n,37,VU,n,n,11,VU,n,n,37,n,n,n,14,n,n,n,14,n,n,n,30,n,n,n,24,n,n,n,11,n,n,n,n,n,n,n,n,n,n,n,n,n,n,n
2025-07-10 05:30:00,42,VU,n,n,25,VU,n,n,9,VU,n,n,49,n,n,n,25,n,n,n,16,n,n,n,34,n,n,n,31,n,n,n,13,n,n,n,n,n,n,n,n,n,n,n,n,n,n,n
2025-07-10 06:30:00,49,VU,n,n,24,VU,n,n,11,VU,n,n,54,n,n,n,24,n,n,n,14,n,n,n,71,n,n,n,46,n,n,n,18,n,n,n,n,n,n,n,n,n,n,n,n,n,n,n
2025-07-10 07:30:00,50,VU,n,n,27,VU,n,n,16,VU,n,n,66,n,n,n,29,n,n,n,17,n,n,n,86,n,n,n,47,n,n,n,23,n,n,n,n,n,n,n,n,n,n,n,n,n,n,n
2025-07-10 08:30:00,35,VU,n,n,26,VU,n,n,13,VU,n,n,48,n,n,n,19,n,n,n,14,n,n,n,38,n,n,n,23,n,n,n,15,n,n,n,n,n,n,n,n,n,n,n,n,n,n,n
2025-07-10 09:30:00,36,VU,n,n,23,VU,n,n,12,VU,n,n,41,n,n,n,19,n,n,n,16,n,n,n,42,n,n,n,20,n,n,n,12,n,n,n,n,n,n,n,n,n,n,n,n,n,n,n
2025-07-10 10:30:00,24,VU,n,n,14,VU,n,n,11,VU,n,n,255,n,n,n,57,n,n,n,13,n,n,n,46,n,n,n,20,n,n,n,13,n,n,n,n,n,n,n,n,n,n,n,n,n,n,n
2025-07-10 11:30:00,27,VU,n,n,21,VU,n,n,9,VU,n,n,183,n,n,n,56,n,n,n,11,n,n,n,28,n,n,n,16,n,n,n,17,n,n,n,n,n,n,n,n,n,n,n,n,n,n,n
2025-07-10 12:00:00,n,n,39.5,VM,n,n,22.2,VM,n,n,11.2,VM,n,n,62.9,VM,n,n,24.1,VM,n,n,13.4,VM,n,n,40,VM,n,n,25.2,VM,n,n,13.6,VM,n,n,n,n,n,n,n,n,n,n,n,n
2025-07-10 12:30:00,34,VU,n,n,19,VU,n,n,9,VU,n,n,48,n,n,n,14,n,n,n,9,n,n,n,35,n,n,n,17,n,n,n,14,n,n,n,n,n,n,n,n,n,n,n,n,n,n,n
2025-07-10 13:30:00,19,VU,n,n,13,VU,n,n,6,VU,n,n,40,n,n,n,17,n,n,n,11,n,n,n,25,n,n,n,9,n,n,n,7,n,n,n,25,n,n,n,5,n,n,n,24,n,n,n
2025-07-10 14:30:00,33,VU,n,n,22,VU,n,n,8,VU,n,n,46,n,n,n,17,n,n,n,9,n,n,n,22,n,n,n,22,n,n,n,9,n,n,n,20,n,n,n,8,n,n,n,6,n,n,n
2025-07-10 15:30:00,33,VU,n,n,18,VU,n,n,6,VU,n,n,50,n,n,n,19,n,n,n,11,n,n,n,38,n,n,n,19,n,n,n,11,n,n,n,28,n,n,n,8,n,n,n,7,n,n,n
2025-07-10 16:30:00,42,VU,n,n,21,VU,n,n,9,VU,n,n,50,n,n,n,20,n,n,n,13,n,n,n,39,n,n,n,20,n,n,n,14,n,n,n,25,n,n,n,8,n,n,n,8,n,n,n
2025-07-10 17:30:00,49,VU,n,n,21,VU,n,n,12,VU,n,n,56,n,n,n,24,n,n,n,13,n,n,n,52,n,n,n,29,n,n,n,12,n,n,n,29,n,n,n,7,n,n,n,8,n,n,n
2025-07-10 18:30:00,43,VU,n,n,20,VU,n,n,13,VU,n,n,49,n,n,n,22,n,n,n,16,n,n,n,45,n,n,n,30,n,n,n,19,n,n,n,n,n,n,n,n,n,n,n,n,n,n,n
2025-07-10 19:30:00,39,VU,n,n,16,VU,n,n,11,VU,n,n,42,n,n,n,17,n,n,n,12,n,n,n,52,n,n,n,36,n,n,n,14,n,n,n,23,n,n,n,6,n,n,n,6,n,n,n
2025-07-10 20:30:00,32,VU,n,n,18,VU,n,n,11,VU,n,n,49,n,n,n,19,n,n,n,8,n,n,n,45,n,n,n,28,n,n,n,12,n,n,n,23,n,n,n,6,n,n,n,6,n,n,n
2025-07-10 21:30:00,25,VU,n,n,15,VU,n,n,12,VU,n,n,43,n,n,n,18,n,n,n,13,n,n,n,39,n,n,n,24,n,n,n,12,n,n,n,29,n,n,n,9,n,n,n,8,n,n,n
2025-07-10 22:30:00,32,VU,n,n,16,VU,n,n,9,VU,n,n,48,n,n,n,22,n,n,n,12,n,n,n,36,n,n,n,30,n,n,n,12,n,n,n,25,n,n,n,7,n,n,n,7,n,n,n
2025-07-10 23:30:00,37,VU,n,n,20,VU,n,n,11,VU,n,n,39,n,n,n,16,n,n,n,17,n,n,n,28,n,n,n,23,n,n,n,15,n,n,n,30,n,n,n,12,n,n,n,11,n,n,n
2025-07-11 00:30:00,40,n,n,n,21,n,n,n,12,n,n,n,46,n,n,n,20,n,n,n,17,n,n,n,29,n,n,n,22,n,n,n,11,n,n,n,34,n,n,n,12,n,n,n,12,n,n,n
2025-07-11 01:30:00,33,n,n,n,23,n,n,n,16,n,n,n,47,n,n,n,28,n,n,n,17,n,n,n,34,n,n,n,22,n,n,n,15,n,n,n,35,n,n,n,19,n,n,n,14,n,n,n
2025-07-11 02:30:00,42,n,n,n,25,n,n,n,12,n,n,n,43,n,n,n,25,n,n,n,12,n,n,n,27,n,n,n,18,n,n,n,14,n,n,n,41,n,n,n,13,n,n,n,9,n,n,n
2025-07-11 03:30:00,34,n,n,n,24,n,n,n,12,n,n,n,43,n,n,n,27,n,n,n,11,n,n,n,27,n,n,n,27,n,n,n,17,n,n,n,36,n,n,n,19,n,n,n,9,n,n,n
2025-07-11 04:30:00,33,n,n,n,26,n,n,n,12,n,n,n,42,n,n,n,22,n,n,n,12,n,n,n,24,n,n,n,25,n,n,n,17,n,n,n,35,n,n,n,20,n,n,n,11,n,n,n
2025-07-11 05:30:00,33,n,n,n,26,n,n,n,14,n,n,n,47,n,n,n,22,n,n,n,14,n,n,n,30,n,n,n,24,n,n,n,14,n,n,n,34,n,n,n,16,n,n,n,11,n,n,n
2025-07-11 06:30:00,36,n,n,n,23,n,n,n,13,n,n,n,54,n,n,n,28,n,n,n,22,n,n,n,52,n,n,n,35,n,n,n,19,n,n,n,25,n,n,n,12,n,n,n,8,n,n,n
2025-07-11 07:30:00,37,n,n,n,25,n,n,n,12,n,n,n,48,n,n,n,20,n,n,n,17,n,n,n,69,n,n,n,45,n,n,n,18,n,n,n,35,n,n,n,20,n,n,n,12,n,n,n
2025-07-11 08:30:00,31,n,n,n,24,n,n,n,17,n,n,n,52,n,n,n,23,n,n,n,14,n,n,n,47,n,n,n,34,n,n,n,19,n,n,n,29,n,n,n,20,n,n,n,13,n,n,n
2025-07-11 09:30:00,25,n,n,n,19,n,n,n,7,n,n,n,35,n,n,n,17,n,n,n,9,n,n,n,30,n,n,n,19,n,n,n,16,n,n,n,23,n,n,n,9,n,n,n,9,n,n,n
2025-07-11 10:30:00,29,n,n,n,21,n,n,n,9,n,n,n,41,n,n,n,14,n,n,n,7,n,n,n,41,n,n,n,23,n,n,n,17,n,n,n,18,n,n,n,6,n,n,n,6,n,n,n
2025-07-11 11:30:00,21,n,n,n,14,n,n,n,9,n,n,n,67,n,n,n,45,n,n,n,9,n,n,n,28,n,n,n,17,n,n,n,7,n,n,n,19,n,n,n,3,n,n,n,2,n,n,n
2025-07-11 12:00:00,n,n,27.4,VM,n,n,17.5,VM,n,n,9.6,VM,n,n,44.2,VM,n,n,22,VM,n,n,12.6,VM,n,n,35.5,VM,n,n,24,VM,n,n,14.3,VM,n,n,25,VM,n,n,10.1,VM,n,n,8.6,VM
2025-07-11 12:30:00,17,n,n,n,11,n,n,n,7,n,n,n,37,n,n,n,9,n,n,n,8,n,n,n,18,n,n,n,9,n,n,n,10,n,n,n,3,n,n,n,n,n,n,n,n,n,n,n
2025-07-11 13:30:00,14,n,n,n,8,n,n,n,6,n,n,n,34,n,n,n,9,n,n,n,11,n,n,n,15,n,n,n,9,n,n,n,7,n,n,n,29,n,n,n,12,n,n,n,12,n,n,n
2025-07-11 14:30:00,26,n,n,n,11,n,n,n,6,n,n,n,45,n,n,n,68,n,n,n,9,n,n,n,40,n,n,n,24,n,n,n,5,n,n,n,19,n,n,n,9,n,n,n,11,n,n,n
2025-07-11 15:30:00,17,n,n,n,10,n,n,n,6,n,n,n,34,n,n,n,13,n,n,n,8,n,n,n,36,n,n,n,19,n,n,n,10,n,n,n,23,n,n,n,7,n,n,n,9,n,n,n
2025-07-11 16:30:00,21,n,n,n,10,n,n,n,5,n,n,n,40,n,n,n,13,n,n,n,9,n,n,n,34,n,n,n,14,n,n,n,10,n,n,n,19,n,n,n,6,n,n,n,6,n,n,n
2025-07-11 17:30:00,31,n,n,n,12,n,n,n,8,n,n,n,44,n,n,n,18,n,n,n,9,n,n,n,47,n,n,n,27,n,n,n,17,n,n,n,20,n,n,n,1,n,n,n,7,n,n,n
2025-07-11 18:30:00,30,n,n,n,14,n,n,n,8,n,n,n,48,n,n,n,14,n,n,n,12,n,n,n,47,n,n,n,31,n,n,n,18,n,n,n,23,n,n,n,1,n,n,n,6,n,n,n
2025-07-11 19:30:00,25,n,n,n,15,n,n,n,11,n,n,n,50,n,n,n,20,n,n,n,14,n,n,n,41,n,n,n,30,n,n,n,16,n,n,n,20,n,n,n,6,n,n,n,3,n,n,n
2025-07-11 20:30:00,23,n,n,n,21,n,n,n,7,n,n,n,61,n,n,n,31,n,n,n,16,n,n,n,61,n,n,n,44,n,n,n,25,n,n,n,25,n,n,n,9,n,n,n,3,n,n,n
2025-07-11 21:30:00,21,n,n,n,15,n,n,n,7,n,n,n,36,n,n,n,18,n,n,n,16,n,n,n,35,n,n,n,28,n,n,n,13,n,n,n,17,n,n,n,6,n,n,n,11,n,n,n
2025-07-11 22:30:00,17,n,n,n,12,n,n,n,6,n,n,n,32,n,n,n,11,n,n,n,13,n,n,n,19,n,n,n,17,n,n,n,14,n,n,n,16,n,n,n,5,n,n,n,8,n,n,n
2025-07-11 23:30:00,21,n,n,n,11,n,n,n,9,n,n,n,36,n,n,n,14,n,n,n,17,n,n,n,22,n,n,n,12,n,n,n,15,n,n,n,22,n,n,n,2,n,n,n,5,n,n,n
2025-07-12 00:30:00,22,n,n,n,9,n,n,n,7,n,n,n,36,n,n,n,11,n,n,n,n,n,n,n,20,n,n,n,n,n,n,n,n,n,n,n,20,n,n,n,3,n,n,n,3,n,n,n
2025-07-12 01:30:00,11,n,n,n,13,n,n,n,7,n,n,n,21,n,n,n,9,n,n,n,2,n,n,n,16,n,n,n,11,n,n,n,8,n,n,n,12,n,n,n,1,n,n,n,7,n,n,n
2025-07-12 02:30:00,6,n,n,n,8,n,n,n,6,n,n,n,7,n,n,n,7,n,n,n,7,n,n,n,8,n,n,n,11,n,n,n,8,n,n,n,7,n,n,n,n,n,n,n,5,n,n,n
2025-07-12 03:30:00,10,n,n,n,8,n,n,n,5,n,n,n,17,n,n,n,6,n,n,n,8,n,n,n,12,n,n,n,9,n,n,n,11,n,n,n,7,n,n,n,n,n,n,n,3,n,n,n
2025-07-12 04:30:00,7,n,n,n,7,n,n,n,5,n,n,n,12,n,n,n,6,n,n,n,9,n,n,n,10,n,n,n,11,n,n,n,9,n,n,n,9,n,n,n,1,n,n,n,2,n,n,n
2025-07-12 05:30:00,12,n,n,n,7,n,n,n,5,n,n,n,18,n,n,n,5,n,n,n,14,n,n,n,9,n,n,n,9,n,n,n,8,n,n,n,8,n,n,n,n,n,n,n,1,n,n,n
2025-07-12 06:30:00,10,n,n,n,5,n,n,n,3,n,n,n,40,n,n,n,12,n,n,n,8,n,n,n,15,n,n,n,16,n,n,n,9,n,n,n,8,n,n,n,2,n,n,n,6,n,n,n
2025-07-12 07:30:00,13,n,n,n,10,n,n,n,8,n,n,n,45,n,n,n,13,n,n,n,11,n,n,n,16,n,n,n,n,n,n,n,n,n,n,n,12,n,n,n,1,n,n,n,3,n,n,n
2025-07-12 08:30:00,13,n,n,n,13,n,n,n,9,n,n,n,39,n,n,n,11,n,n,n,11,n,n,n,21,n,n,n,16,n,n,n,9,n,n,n,12,n,n,n,n,n,n,n,3,n,n,n
2025-07-12 09:30:00,14,n,n,n,9,n,n,n,6,n,n,n,33,n,n,n,17,n,n,n,9,n,n,n,14,n,n,n,23,n,n,n,8,n,n,n,18,n,n,n,3,n,n,n,2,n,n,n
2025-07-12 10:30:00,14,n,n,n,14,n,n,n,6,n,n,n,33,n,n,n,12,n,n,n,13,n,n,n,18,n,n,n,12,n,n,n,9,n,n,n,11,n,n,n,3,n,n,n,6,n,n,n
2025-07-12 11:30:00,21,n,n,n,14,n,n,n,5,n,n,n,31,n,n,n,11,n,n,n,9,n,n,n,19,n,n,n,13,n,n,n,9,n,n,n,18,n,n,n,n,n,n,n,5,n,n,n
2025-07-12 12:00:00,n,n,19.5,VM,n,n,12.9,VM,n,n,7.3,VM,n,n,35,VM,n,n,13.6,VM,n,n,11.5,VM,n,n,21.5,VM,n,n,16.4,VM,n,n,10,VM,n,n,16.5,VM,n,n,n,n,n,n,5.4,VM
2025-07-12 12:30:00,15,n,n,n,12,n,n,n,8,n,n,n,30,n,n,n,8,n,n,n,13,n,n,n,16,n,n,n,12,n,n,n,8,n,n,n,13,n,n,n,n,n,n,n,2,n,n,n
2025-07-12 13:30:00,16,n,n,n,9,n,n,n,6,n,n,n,25,n,n,n,9,n,n,n,9,n,n,n,15,n,n,n,n,n,n,n,n,n,n,n,11,n,n,n,n,n,n,n,5,n,n,n
2025-07-12 14:30:00,16,n,n,n,7,n,n,n,6,n,n,n,32,n,n,n,12,n,n,n,9,n,n,n,13,n,n,n,11,n,n,n,1,n,n,n,17,n,n,n,n,n,n,n,5,n,n,n
2025-07-12 15:30:00,33,n,n,n,11,n,n,n,6,n,n,n,28,n,n,n,13,n,n,n,7,n,n,n,11,n,n,n,12,n,n,n,5,n,n,n,18,n,n,n,n,n,n,n,5,n,n,n
2025-07-12 16:30:00,17,n,n,n,9,n,n,n,6,n,n,n,38,n,n,n,16,n,n,n,9,n,n,n,17,n,n,n,16,n,n,n,5,n,n,n,11,n,n,n,n,n,n,n,3,n,n,n
2025-07-12 17:30:00,16,n,n,n,15,n,n,n,6,n,n,n,44,n,n,n,13,n,n,n,11,n,n,n,37,n,n,n,27,n,n,n,18,n,n,n,9,n,n,n,n,n,n,n,3,n,n,n
2025-07-12 18:30:00,19,n,n,n,10,n,n,n,8,n,n,n,65,n,n,n,23,n,n,n,12,n,n,n,47,n,n,n,24,n,n,n,12,n,n,n,12,n,n,n,n,n,n,n,7,n,n,n
2025-07-12 19:30:00,23,n,n,n,15,n,n,n,9,n,n,n,35,n,n,n,14,n,n,n,12,n,n,n,43,n,n,n,19,n,n,n,12,n,n,n,18,n,n,n,n,n,n,n,7,n,n,n
2025-07-12 20:30:00,38,n,n,n,26,n,n,n,9,n,n,n,40,n,n,n,23,n,n,n,18,n,n,n,37,n,n,n,25,n,n,n,13,n,n,n,36,n,n,n,17,n,n,n,11,n,n,n
2025-07-12 21:30:00,38,n,n,n,21,n,n,n,12,n,n,n,32,n,n,n,12,n,n,n,11,n,n,n,35,n,n,n,27,n,n,n,14,n,n,n,33,n,n,n,17,n,n,n,14,n,n,n
2025-07-12 22:30:00,50,n,n,n,33,n,n,n,14,n,n,n,49,n,n,n,19,n,n,n,14,n,n,n,35,n,n,n,20,n,n,n,17,n,n,n,36,n,n,n,22,n,n,n,9,n,n,n
2025-07-12 23:30:00,34,n,n,n,25,n,n,n,13,n,n,n,91,n,n,n,45,n,n,n,39,n,n,n,31,n,n,n,20,n,n,n,17,n,n,n,41,n,n,n,22,n,n,n,12,n,n,n
2025-07-13 00:30:00,41,n,n,n,23,n,n,n,16,n,n,n,n,n,n,n,n,n,n,n,n,n,n,n,28,n,n,n,22,n,n,n,9,n,n,n,35,n,n,n,12,n,n,n,12,n,n,n
2025-07-13 01:30:00,17,n,n,n,14,n,n,n,6,n,n,n,36,n,n,n,12,n,n,n,13,n,n,n,22,n,n,n,22,n,n,n,12,n,n,n,12,n,n,n,6,n,n,n,7,n,n,n
2025-07-13 02:30:00,16,n,n,n,9,n,n,n,8,n,n,n,20,n,n,n,8,n,n,n,14,n,n,n,16,n,n,n,8,n,n,n,7,n,n,n,17,n,n,n,3,n,n,n,3,n,n,n
2025-07-13 03:30:00,16,n,n,n,12,n,n,n,8,n,n,n,23,n,n,n,7,n,n,n,9,n,n,n,14,n,n,n,20,n,n,n,8,n,n,n,11,n,n,n,6,n,n,n,8,n,n,n
2025-07-13 04:30:00,17,n,n,n,15,n,n,n,7,n,n,n,27,n,n,n,8,n,n,n,11,n,n,n,17,n,n,n,16,n,n,n,11,n,n,n,19,n,n,n,5,n,n,n,12,n,n,n
2025-07-13 05:30:00,20,n,n,n,10,n,n,n,8,n,n,n,24,n,n,n,12,n,n,n,17,n,n,n,18,n,n,n,19,n,n,n,14,n,n,n,14,n,n,n,3,n,n,n,7,n,n,n
2025-07-13 06:30:00,15,n,n,n,9,n,n,n,8,n,n,n,26,n,n,n,13,n,n,n,11,n,n,n,16,n,n,n,14,n,n,n,11,n,n,n,14,n,n,n,1,n,n,n,12,n,n,n
2025-07-13 07:30:00,21,n,n,n,10,n,n,n,13,n,n,n,27,n,n,n,n,n,n,n,13,n,n,n,21,n,n,n,23,n,n,n,9,n,n,n,17,n,n,n,5,n,n,n,8,n,n,n
2025-07-13 08:30:00,22,n,n,n,18,n,n,n,12,n,n,n,29,n,n,n,n,n,n,n,9,n,n,n,19,n,n,n,18,n,n,n,7,n,n,n,14,n,n,n,5,n,n,n,11,n,n,n
2025-07-13 09:30:00,16,n,n,n,16,n,n,n,6,n,n,n,29,n,n,n,16,n,n,n,12,n,n,n,20,n,n,n,16,n,n,n,11,n,n,n,27,n,n,n,5,n,n,n,9,n,n,n
2025-07-13 10:30:00,26,n,n,n,13,n,n,n,6,n,n,n,36,n,n,n,14,n,n,n,9,n,n,n,25,n,n,n,11,n,n,n,12,n,n,n,23,n,n,n,6,n,n,n,7,n,n,n
2025-07-13 11:30:00,21,n,n,n,11,n,n,n,5,n,n,n,29,n,n,n,13,n,n,n,11,n,n,n,32,n,n,n,19,n,n,n,10,n,n,n,28,n,n,n,5,n,n,n,9,n,n,n
2025-07-13 12:00:00,n,n,42.2,VM,n,n,22.7,VM,n,n,10,VM,n,n,47.3,VM,n,n,21.7,VM,n,n,13.5,VM,n,n,34.2,VM,n,n,23.8,VM,n,n,11.9,VM,n,n,32.5,VM,n,n,12.8,VM,n,n,10.9,VM
2025-07-13 12:30:00,18,n,n,n,12,n,n,n,5,n,n,n,30,n,n,n,9,n,n,n,13,n,n,n,46,n,n,n,19,n,n,n,9,n,n,n,13,n,n,n,5,n,n,n,6,n,n,n
2025-07-13 13:30:00,20,n,n,n,13,n,n,n,6,n,n,n,28,n,n,n,12,n,n,n,8,n,n,n,16,n,n,n,16,n,n,n,8,n,n,n,11,n,n,n,3,n,n,n,8,n,n,n
2025-07-13 14:30:00,20,n,n,n,11,n,n,n,6,n,n,n,39,n,n,n,12,n,n,n,8,n,n,n,22,n,n,n,13,n,n,n,9,n,n,n,24,n,n,n,5,n,n,n,9,n,n,n
2025-07-13 15:30:00,21,n,n,n,11,n,n,n,7,n,n,n,38,n,n,n,8,n,n,n,8,n,n,n,20,n,n,n,12,n,n,n,10,n,n,n,9,n,n,n,2,n,n,n,8,n,n,n
2025-07-13 16:30:00,37,n,n,n,16,n,n,n,11,n,n,n,46,n,n,n,19,n,n,n,11,n,n,n,20,n,n,n,20,n,n,n,8,n,n,n,13,n,n,n,3,n,n,n,11,n,n,n
2025-07-13 17:30:00,63,n,n,n,31,n,n,n,7,n,n,n,89,n,n,n,45,n,n,n,16,n,n,n,49,n,n,n,29,n,n,n,15,n,n,n,69,n,n,n,30,n,n,n,13,n,n,n
2025-07-13 18:30:00,51,n,n,n,29,n,n,n,7,n,n,n,65,n,n,n,27,n,n,n,9,n,n,n,83,n,n,n,48,n,n,n,17,n,n,n,91,n,n,n,40,n,n,n,14,n,n,n
2025-07-13 19:30:00,79,n,n,n,38,n,n,n,13,n,n,n,n,n,n,n,36,n,n,n,17,n,n,n,71,n,n,n,47,n,n,n,19,n,n,n,62,n,n,n,34,n,n,n,16,n,n,n
2025-07-13 20:30:00,121,n,n,n,60,n,n,n,19,n,n,n,116,n,n,n,55,n,n,n,20,n,n,n,65,n,n,n,39,n,n,n,14,n,n,n,51,n,n,n,28,n,n,n,17,n,n,n
2025-07-13 21:30:00,97,n,n,n,49,n,n,n,22,n,n,n,95,n,n,n,48,n,n,n,25,n,n,n,65,n,n,n,45,n,n,n,17,n,n,n,53,n,n,n,31,n,n,n,18,n,n,n
2025-07-13 22:30:00,132,n,n,n,63,n,n,n,17,n,n,n,101,n,n,n,41,n,n,n,25,n,n,n,64,n,n,n,35,n,n,n,18,n,n,n,85,n,n,n,35,n,n,n,19,n,n,n
2025-07-13 23:30:00,107,n,n,n,51,n,n,n,17,n,n,n,88,n,n,n,40,n,n,n,22,n,n,n,53,n,n,n,40,n,n,n,21,n,n,n,67,n,n,n,30,n,n,n,17,n,n,n
2025-07-14 00:30:00,91,n,n,n,41,n,n,n,16,n,n,n,79,n,n,n,35,n,n,n,24,n,n,n,39,n,n,n,31,n,n,n,18,n,n,n,53,n,n,n,20,n,n,n,12,n,n,n
2025-07-14 01:30:00,68,n,n,n,29,n,n,n,13,n,n,n,69,n,n,n,35,n,n,n,17,n,n,n,30,n,n,n,18,n,n,n,14,n,n,n,46,n,n,n,19,n,n,n,13,n,n,n
2025-07-14 02:30:00,119,n,n,n,65,n,n,n,13,n,n,n,69,n,n,n,38,n,n,n,20,n,n,n,45,n,n,n,31,n,n,n,12,n,n,n,52,n,n,n,22,n,n,n,14,n,n,n
2025-07-14 03:30:00,74,n,n,n,32,n,n,n,14,n,n,n,80,n,n,n,41,n,n,n,23,n,n,n,33,n,n,n,25,n,n,n,15,n,n,n,46,n,n,n,18,n,n,n,9,n,n,n
2025-07-14 04:30:00,68,n,n,n,28,n,n,n,14,n,n,n,59,n,n,n,28,n,n,n,18,n,n,n,38,n,n,n,25,n,n,n,13,n,n,n,62,n,n,n,31,n,n,n,16,n,n,n
2025-07-14 05:30:00,74,n,n,n,38,n,n,n,11,n,n,n,90,n,n,n,39,n,n,n,18,n,n,n,47,n,n,n,35,n,n,n,17,n,n,n,63,n,n,n,36,n,n,n,14,n,n,n
2025-07-14 06:30:00,78,n,n,n,39,n,n,n,18,n,n,n,117,n,n,n,45,n,n,n,18,n,n,n,75,n,n,n,44,n,n,n,18,n,n,n,62,n,n,n,34,n,n,n,14,n,n,n
2025-07-14 07:30:00,98,n,n,n,49,n,n,n,14,n,n,n,125,n,n,n,56,n,n,n,18,n,n,n,77,n,n,n,53,n,n,n,18,n,n,n,77,n,n,n,38,n,n,n,18,n,n,n
2025-07-14 08:30:00,91,n,n,n,55,n,n,n,16,n,n,n,118,n,n,n,57,n,n,n,27,n,n,n,94,n,n,n,63,n,n,n,21,n,n,n,75,n,n,n,41,n,n,n,23,n,n,n
2025-07-14 09:30:00,74,n,n,n,43,n,n,n,16,n,n,n,65,n,n,n,29,n,n,n,16,n,n,n,48,n,n,n,33,n,n,n,13,n,n,n,52,n,n,n,n,n,n,n,17,n,n,n
2025-07-14 10:30:00,70,n,n,n,27,n,n,n,9,n,n,n,148,n,n,n,38,n,n,n,7,n,n,n,46,n,n,n,31,n,n,n,10,n,n,n,45,n,n,n,14,n,n,n,9,n,n,n
2025-07-14 11:30:00,70,n,n,n,21,n,n,n,11,n,n,n,68,n,n,n,24,n,n,n,13,n,n,n,48,n,n,n,27,n,n,n,14,n,n,n,33,n,n,n,13,n,n,n,8,n,n,n
2025-07-14 12:00:00,n,n,106.4,VM,n,n,44.5,VM,n,n,12,VM,n,n,95.2,VM,n,n,39.8,VM,n,n,17.3,VM,n,n,74.9,VM,n,n,42.1,VM,n,n,15.7,VM,n,n,63.9,VM,n,n,31.1,VM,n,n,13.5,VM
2025-07-14 12:30:00,46,n,n,n,22,n,n,n,8,n,n,n,50,n,n,n,14,n,n,n,9,n,n,n,46,n,n,n,20,n,n,n,11,n,n,n,30,n,n,n,12,n,n,n,11,n,n,n
2025-07-14 13:30:00,64,n,n,n,19,n,n,n,9,n,n,n,59,n,n,n,19,n,n,n,12,n,n,n,56,n,n,n,23,n,n,n,12,n,n,n,41,n,n,n,18,n,n,n,8,n,n,n
2025-07-14 14:30:00,94,n,n,n,31,n,n,n,6,n,n,n,58,n,n,n,18,n,n,n,11,n,n,n,77,n,n,n,45,n,n,n,21,n,n,n,44,n,n,n,19,n,n,n,14,n,n,n
2025-07-14 15:30:00,77,n,n,n,27,n,n,n,6,n,n,n,67,n,n,n,27,n,n,n,13,n,n,n,50,n,n,n,30,n,n,n,8,n,n,n,50,n,n,n,18,n,n,n,8,n,n,n
2025-07-14 16:30:00,72,n,n,n,25,n,n,n,7,n,n,n,82,n,n,n,29,n,n,n,12,n,n,n,112,n,n,n,52,n,n,n,12,n,n,n,51,n,n,n,19,n,n,n,8,n,n,n
2025-07-14 17:30:00,132,n,n,n,44,n,n,n,7,n,n,n,166,n,n,n,61,n,n,n,18,n,n,n,146,n,n,n,67,n,n,n,18,n,n,n,53,n,n,n,24,n,n,n,7,n,n,n
2025-07-14 18:30:00,130,n,n,n,55,n,n,n,8,n,n,n,85,n,n,n,30,n,n,n,14,n,n,n,129,n,n,n,68,n,n,n,15,n,n,n,114,n,n,n,53,n,n,n,13,n,n,n
2025-07-14 19:30:00,129,n,n,n,51,n,n,n,11,n,n,n,113,n,n,n,50,n,n,n,19,n,n,n,122,n,n,n,64,n,n,n,21,n,n,n,94,n,n,n,47,n,n,n,14,n,n,n
2025-07-14 20:30:00,211,n,n,n,77,n,n,n,11,n,n,n,119,n,n,n,53,n,n,n,22,n,n,n,109,n,n,n,52,n,n,n,19,n,n,n,123,n,n,n,72,n,n,n,23,n,n,n
2025-07-14 21:30:00,197,n,n,n,87,n,n,n,19,n,n,n,152,n,n,n,73,n,n,n,22,n,n,n,128,n,n,n,63,n,n,n,18,n,n,n,105,n,n,n,56,n,n,n,20,n,n,n
2025-07-14 22:30:00,160,n,n,n,66,n,n,n,14,n,n,n,137,n,n,n,63,n,n,n,22,n,n,n,105,n,n,n,58,n,n,n,17,n,n,n,83,n,n,n,47,n,n,n,17,n,n,n
2025-07-14 23:30:00,266,n,n,n,96,n,n,n,17,n,n,n,111,n,n,n,53,n,n,n,22,n,n,n,97,n,n,n,52,n,n,n,21,n,n,n,80,n,n,n,45,n,n,n,13,n,n,n
2025-07-15 00:30:00,199,n,n,n,83,n,n,n,19,n,n,n,145,n,n,n,73,n,n,n,25,n,n,n,69,n,n,n,39,n,n,n,18,n,n,n,74,n,n,n,42,n,n,n,11,n,n,n
2025-07-15 01:30:00,141,n,n,n,61,n,n,n,18,n,n,n,104,n,n,n,52,n,n,n,22,n,n,n,89,n,n,n,61,n,n,n,18,n,n,n,72,n,n,n,39,n,n,n,13,n,n,n
2025-07-15 02:30:00,153,n,n,n,53,n,n,n,16,n,n,n,122,n,n,n,57,n,n,n,23,n,n,n,61,n,n,n,39,n,n,n,14,n,n,n,63,n,n,n,27,n,n,n,11,n,n,n
2025-07-15 03:30:00,129,n,n,n,57,n,n,n,14,n,n,n,109,n,n,n,46,n,n,n,18,n,n,n,47,n,n,n,34,n,n,n,19,n,n,n,58,n,n,n,28,n,n,n,13,n,n,n
2025-07-15 04:30:00,130,n,n,n,65,n,n,n,11,n,n,n,132,n,n,n,51,n,n,n,24,n,n,n,55,n,n,n,34,n,n,n,15,n,n,n,72,n,n,n,25,n,n,n,11,n,n,n
2025-07-15 05:30:00,188,n,n,n,79,n,n,n,18,n,n,n,113,n,n,n,44,n,n,n,19,n,n,n,101,n,n,n,51,n,n,n,16,n,n,n,97,n,n,n,35,n,n,n,18,n,n,n
2025-07-15 06:30:00,121,n,n,n,56,n,n,n,14,n,n,n,100,n,n,n,41,n,n,n,20,n,n,n,71,n,n,n,40,n,n,n,14,n,n,n,69,n,n,n,31,n,n,n,14,n,n,n
2025-07-15 07:30:00,123,n,n,n,51,n,n,n,17,n,n,n,137,n,n,n,45,n,n,n,19,n,n,n,72,n,n,n,50,n,n,n,18,n,n,n,80,n,n,n,40,n,n,n,11,n,n,n
2025-07-15 08:30:00,121,n,n,n,53,n,n,n,19,n,n,n,140,n,n,n,53,n,n,n,20,n,n,n,71,n,n,n,48,n,n,n,17,n,n,n,74,n,n,n,40,n,n,n,17,n,n,n
2025-07-15 09:30:00,117,n,n,n,58,n,n,n,23,n,n,n,104,n,n,n,41,n,n,n,17,n,n,n,70,n,n,n,51,n,n,n,17,n,n,n,63,n,n,n,40,n,n,n,18,n,n,n
2025-07-15 10:30:00,89,n,n,n,35,n,n,n,12,n,n,n,73,n,n,n,20,n,n,n,13,n,n,n,59,n,n,n,24,n,n,n,16,n,n,n,78,n,n,n,28,n,n,n,7,n,n,n
2025-07-15 11:30:00,146,n,n,n,47,n,n,n,9,n,n,n,126,n,n,n,45,n,n,n,11,n,n,n,54,n,n,n,20,n,n,n,13,n,n,n,42,n,n,n,20,n,n,n,9,n,n,n
2025-07-15 12:00:00,n,n,121.4,VM,n,n,54,VM,n,n,14,VM,n,n,100.3,VM,n,n,43,VM,n,n,18,VM,n,n,63,VM,n,n,37.7,VM,n,n,16.1,VM,n,n,60.2,VM,n,n,29.7,VM,n,n,11.9,VM
2025-07-15 12:30:00,92,n,n,n,19,n,n,n,8,n,n,n,69,n,n,n,24,n,n,n,9,n,n,n,36,n,n,n,22,n,n,n,13,n,n,n,27,n,n,n,9,n,n,n,9,n,n,n
2025-07-15 13:30:00,64,n,n,n,24,n,n,n,7,n,n,n,50,n,n,n,23,n,n,n,8,n,n,n,42,n,n,n,16,n,n,n,8,n,n,n,34,n,n,n,19,n,n,n,7,n,n,n
2025-07-15 14:30:00,98,n,n,n,30,n,n,n,9,n,n,n,51,n,n,n,19,n,n,n,13,n,n,n,35,n,n,n,20,n,n,n,12,n,n,n,47,n,n,n,16,n,n,n,6,n,n,n
2025-07-15 15:30:00,42,n,n,n,20,n,n,n,8,n,n,n,82,n,n,n,33,n,n,n,13,n,n,n,34,n,n,n,25,n,n,n,11,n,n,n,33,n,n,n,16,n,n,n,6,n,n,n
2025-07-15 16:30:00,108,n,n,n,40,n,n,n,14,n,n,n,74,n,n,n,29,n,n,n,11,n,n,n,44,n,n,n,25,n,n,n,12,n,n,n,40,n,n,n,20,n,n,n,5,n,n,n
2025-07-15 17:30:00,165,n,n,n,89,n,n,n,14,n,n,n,111,n,n,n,47,n,n,n,18,n,n,n,110,n,n,n,52,n,n,n,20,n,n,n,33,n,n,n,17,n,n,n,3,n,n,n
2025-07-15 18:30:00,98,n,n,n,52,n,n,n,9,n,n,n,75,n,n,n,35,n,n,n,12,n,n,n,108,n,n,n,62,n,n,n,26,n,n,n,38,n,n,n,22,n,n,n,14,n,n,n
2025-07-15 19:30:00,121,n,n,n,68,n,n,n,17,n,n,n,58,n,n,n,29,n,n,n,19,n,n,n,66,n,n,n,44,n,n,n,18,n,n,n,74,n,n,n,44,n,n,n,14,n,n,n
2025-07-15 20:30:00,122,n,n,n,74,n,n,n,14,n,n,n,92,n,n,n,51,n,n,n,28,n,n,n,49,n,n,n,35,n,n,n,13,n,n,n,39,n,n,n,25,n,n,n,12,n,n,n
2025-07-15 21:30:00,137,n,n,n,75,n,n,n,16,n,n,n,115,n,n,n,61,n,n,n,23,n,n,n,59,n,n,n,41,n,n,n,23,n,n,n,91,n,n,n,53,n,n,n,18,n,n,n
2025-07-15 22:30:00,107,n,n,n,57,n,n,n,11,n,n,n,108,n,n,n,56,n,n,n,23,n,n,n,60,n,n,n,35,n,n,n,15,n,n,n,73,n,n,n,39,n,n,n,18,n,n,n
2025-07-15 23:30:00,103,n,n,n,51,n,n,n,20,n,n,n,117,n,n,n,56,n,n,n,25,n,n,n,49,n,n,n,36,n,n,n,20,n,n,n,73,n,n,n,38,n,n,n,20,n,n,n
2025-07-16 00:30:00,109,n,n,n,53,n,n,n,17,n,n,n,112,n,n,n,48,n,n,n,24,n,n,n,70,n,n,n,41,n,n,n,22,n,n,n,69,n,n,n,39,n,n,n,19,n,n,n
2025-07-16 01:30:00,94,n,n,n,45,n,n,n,17,n,n,n,104,n,n,n,41,n,n,n,19,n,n,n,48,n,n,n,33,n,n,n,19,n,n,n,68,n,n,n,36,n,n,n,19,n,n,n
2025-07-16 02:30:00,112,n,n,n,53,n,n,n,16,n,n,n,88,n,n,n,42,n,n,n,16,n,n,n,60,n,n,n,34,n,n,n,15,n,n,n,74,n,n,n,33,n,n,n,16,n,n,n
2025-07-16 03:30:00,97,n,n,n,42,n,n,n,14,n,n,n,83,n,n,n,44,n,n,n,19,n,n,n,57,n,n,n,34,n,n,n,16,n,n,n,61,n,n,n,28,n,n,n,14,n,n,n
2025-07-16 04:30:00,109,n,n,n,47,n,n,n,16,n,n,n,75,n,n,n,38,n,n,n,18,n,n,n,43,n,n,n,24,n,n,n,19,n,n,n,63,n,n,n,30,n,n,n,17,n,n,n
2025-07-16 05:30:00,112,n,n,n,46,n,n,n,14,n,n,n,99,n,n,n,47,n,n,n,22,n,n,n,56,n,n,n,35,n,n,n,13,n,n,n,57,n,n,n,27,n,n,n,12,n,n,n
2025-07-16 06:30:00,193,n,n,n,86,n,n,n,16,n,n,n,158,n,n,n,64,n,n,n,24,n,n,n,79,n,n,n,42,n,n,n,19,n,n,n,63,n,n,n,27,n,n,n,14,n,n,n
2025-07-16 07:30:00,116,n,n,n,62,n,n,n,18,n,n,n,151,n,n,n,66,n,n,n,29,n,n,n,86,n,n,n,42,n,n,n,19,n,n,n,101,n,n,n,46,n,n,n,19,n,n,n
2025-07-16 08:30:00,123,n,n,n,67,n,n,n,23,n,n,n,157,n,n,n,72,n,n,n,34,n,n,n,122,n,n,n,75,n,n,n,24,n,n,n,114,n,n,n,68,n,n,n,25,n,n,n
2025-07-16 09:30:00,81,n,n,n,55,n,n,n,25,n,n,n,99,n,n,n,52,n,n,n,20,n,n,n,359,VU,n,n,183,n,n,n,35,n,n,n,70,n,n,n,47,n,n,n,16,n,n,n
2025-07-16 10:30:00,76,n,n,n,33,n,n,n,19,n,n,n,68,n,n,n,28,n,n,n,12,n,n,n,1203,VU,n,n,482,n,n,n,67,n,n,n,80,n,n,n,24,n,n,n,7,n,n,n
2025-07-16 11:30:00,73,n,n,n,31,n,n,n,12,n,n,n,73,n,n,n,28,n,n,n,13,n,n,n,404,VU,n,n,96,n,n,n,29,n,n,n,39,n,n,n,17,n,n,n,12,n,n,n
2025-07-16 12:00:00,n,n,116.3,VM,n,n,55.9,VM,n,n,16.1,VM,n,n,93.7,VM,n,n,44.1,VM,n,n,19.8,VM,n,n,191.9,VM,n,n,68.8,VM,n,n,21.8,VM,n,n,57.9,VM,n,n,29.2,VM,n,n,15.9,VM
2025-07-16 12:30:00,64,n,n,n,34,n,n,n,11,n,n,n,57,n,n,n,n,n,n,n,9,n,n,n,39,n,n,n,22,n,n,n,15,n,n,n,31,n,n,n,12,n,n,n,12,n,n,n
2025-07-16 13:30:00,52,n,n,n,25,n,n,n,13,n,n,n,48,n,n,n,18,n,n,n,13,n,n,n,1247,VU,n,n,n,n,n,n,n,n,n,n,23,n,n,n,9,n,n,n,8,n,n,n
2025-07-16 14:30:00,61,n,n,n,27,n,n,n,8,n,n,n,42,n,n,n,n,n,n,n,16,n,n,n,63,n,n,n,28,n,n,n,13,n,n,n,24,n,n,n,16,n,n,n,12,n,n,n
2025-07-16 15:30:00,118,n,n,n,40,n,n,n,14,n,n,n,50,n,n,n,22,n,n,n,17,n,n,n,36,n,n,n,25,n,n,n,10,n,n,n,31,n,n,n,14,n,n,n,13,n,n,n
2025-07-16 16:30:00,165,n,n,n,65,n,n,n,13,n,n,n,84,n,n,n,33,n,n,n,17,n,n,n,39,n,n,n,24,n,n,n,11,n,n,n,30,n,n,n,9,n,n,n,12,n,n,n
2025-07-16 17:30:00,198,n,n,n,83,n,n,n,19,n,n,n,145,n,n,n,67,n,n,n,20,n,n,n,101,n,n,n,62,n,n,n,18,n,n,n,55,n,n,n,24,n,n,n,16,n,n,n
2025-07-16 18:30:00,142,n,n,n,71,n,n,n,13,n,n,n,100,n,n,n,44,n,n,n,19,n,n,n,111,n,n,n,57,n,n,n,22,n,n,n,38,n,n,n,24,n,n,n,12,n,n,n
2025-07-16 19:30:00,181,n,n,n,87,n,n,n,12,n,n,n,71,n,n,n,35,n,n,n,20,n,n,n,101,n,n,n,55,n,n,n,19,n,n,n,34,n,n,n,12,n,n,n,16,n,n,n
2025-07-16 20:30:00,128,n,n,n,70,n,n,n,14,n,n,n,71,n,n,n,36,n,n,n,19,n,n,n,94,n,n,n,51,n,n,n,23,n,n,n,56,n,n,n,28,n,n,n,19,n,n,n
2025-07-16 21:30:00,130,n,n,n,68,n,n,n,17,n,n,n,90,n,n,n,42,n,n,n,22,n,n,n,73,n,n,n,59,n,n,n,30,n,n,n,72,n,n,n,44,n,n,n,24,n,n,n
2025-07-16 22:30:00,133,n,n,n,78,n,n,n,22,n,n,n,115,n,n,n,50,n,n,n,29,n,n,n,66,n,n,n,42,n,n,n,20,n,n,n,67,n,n,n,46,n,n,n,25,n,n,n
2025-07-16 23:30:00,124,n,n,n,74,n,n,n,24,n,n,n,108,n,n,n,53,n,n,n,24,n,n,n,49,n,n,n,36,n,n,n,24,n,n,n,69,n,n,n,40,n,n,n,22,n,n,n
2025-07-17 00:30:00,134,n,n,n,60,n,n,n,22,n,n,n,87,n,n,n,45,n,n,n,25,n,n,n,49,n,n,n,36,n,n,n,14,n,n,n,80,n,n,n,51,n,n,n,30,n,n,n
2025-07-17 01:30:00,121,n,n,n,57,n,n,n,24,n,n,n,87,n,n,n,46,n,n,n,22,n,n,n,42,n,n,n,31,n,n,n,15,n,n,n,63,n,n,n,44,n,n,n,27,n,n,n
2025-07-17 02:30:00,93,n,n,n,50,n,n,n,19,n,n,n,99,n,n,n,53,n,n,n,23,n,n,n,39,n,n,n,30,n,n,n,20,n,n,n,59,n,n,n,33,n,n,n,20,n,n,n
2025-07-17 03:30:00,114,n,n,n,52,n,n,n,20,n,n,n,88,n,n,n,45,n,n,n,20,n,n,n,50,n,n,n,31,n,n,n,21,n,n,n,55,n,n,n,36,n,n,n,23,n,n,n
2025-07-17 04:30:00,102,n,n,n,62,n,n,n,22,n,n,n,111,n,n,n,55,n,n,n,24,n,n,n,31,n,n,n,28,n,n,n,15,n,n,n,56,n,n,n,33,n,n,n,22,n,n,n
2025-07-17 05:30:00,101,n,n,n,60,n,n,n,18,n,n,n,117,n,n,n,57,n,n,n,27,n,n,n,47,n,n,n,38,n,n,n,21,n,n,n,67,n,n,n,44,n,n,n,24,n,n,n
2025-07-17 06:30:00,186,n,n,n,84,n,n,n,20,n,n,n,144,n,n,n,63,n,n,n,24,n,n,n,74,n,n,n,57,n,n,n,21,n,n,n,80,n,n,n,45,n,n,n,19,n,n,n
2025-07-17 07:30:00,157,n,n,n,67,n,n,n,24,n,n,n,187,n,n,n,73,n,n,n,30,n,n,n,115,n,n,n,66,n,n,n,23,n,n,n,107,n,n,n,70,n,n,n,25,n,n,n
2025-07-17 08:30:00,141,n,n,n,78,n,n,n,27,n,n,n,n,n,n,n,84,n,n,n,30,n,n,n,120,n,n,n,94,n,n,n,35,n,n,n,132,n,n,n,86,n,n,n,33,n,n,n
2025-07-17 09:30:00,116,n,n,n,70,n,n,n,24,n,n,n,99,n,n,n,55,n,n,n,27,n,n,n,69,n,n,n,56,n,n,n,26,n,n,n,121,n,n,n,55,n,n,n,22,n,n,n
2025-07-17 10:30:00,87,n,n,n,37,n,n,n,17,n,n,n,81,n,n,n,29,n,n,n,18,n,n,n,58,n,n,n,30,n,n,n,16,n,n,n,47,n,n,n,31,n,n,n,12,n,n,n
2025-07-17 11:30:00,74,n,n,n,31,n,n,n,7,n,n,n,98,n,n,n,35,n,n,n,18,n,n,n,53,n,n,n,28,n,n,n,14,n,n,n,41,n,n,n,20,n,n,n,11,n,n,n
2025-07-17 12:00:00,n,n,96.9,VM,n,n,45.9,VM,n,n,15.8,VM,n,n,92.1,VM,n,n,44.6,VM,n,n,19.6,VM,n,n,68.2,VM,n,n,45.1,VM,n,n,20.5,VM,n,n,58.8,VM,n,n,34.3,VM,n,n,17.4,VM
2025-07-17 12:30:00,71,n,n,n,25,n,n,n,7,n,n,n,63,n,n,n,35,n,n,n,16,n,n,n,59,n,n,n,29,n,n,n,11,n,n,n,41,n,n,n,22,n,n,n,11,n,n,n
2025-07-17 13:30:00,73,n,n,n,26,n,n,n,12,n,n,n,64,n,n,n,23,n,n,n,12,n,n,n,51,n,n,n,29,n,n,n,9,n,n,n,44,n,n,n,14,n,n,n,6,n,n,n
2025-07-17 14:30:00,55,n,n,n,26,n,n,n,11,n,n,n,60,n,n,n,n,n,n,n,9,n,n,n,49,n,n,n,20,n,n,n,11,n,n,n,38,n,n,n,20,n,n,n,11,n,n,n
2025-07-17 15:30:00,56,n,n,n,25,n,n,n,12,n,n,n,54,n,n,n,20,n,n,n,11,n,n,n,41,n,n,n,22,n,n,n,7,n,n,n,31,n,n,n,18,n,n,n,11,n,n,n
2025-07-17 16:30:00,83,n,n,n,32,n,n,n,9,n,n,n,51,n,n,n,22,n,n,n,14,n,n,n,33,n,n,n,24,n,n,n,10,n,n,n,25,n,n,n,17,n,n,n,13,n,n,n
2025-07-17 17:30:00,128,n,n,n,53,n,n,n,13,n,n,n,181,n,n,n,77,n,n,n,19,n,n,n,124,n,n,n,84,n,n,n,31,n,n,n,55,n,n,n,24,n,n,n,9,n,n,n
2025-07-17 18:30:00,70,n,n,n,33,n,n,n,8,n,n,n,72,n,n,n,36,n,n,n,13,n,n,n,177,n,n,n,107,n,n,n,58,n,n,n,n,n,n,n,n,n,n,n,n,n,n,n
2025-07-17 19:30:00,78,n,n,n,23,n,n,n,6,n,n,n,87,n,n,n,42,n,n,n,17,n,n,n,106,n,n,n,62,n,n,n,28,n,n,n,45,n,n,n,20,n,n,n,11,n,n,n
2025-07-17 20:30:00,62,n,n,n,29,n,n,n,11,n,n,n,71,n,n,n,29,n,n,n,17,n,n,n,81,n,n,n,53,n,n,n,26,n,n,n,30,n,n,n,18,n,n,n,9,n,n,n
2025-07-17 21:30:00,80,n,n,n,32,n,n,n,11,n,n,n,63,n,n,n,25,n,n,n,14,n,n,n,77,n,n,n,50,n,n,n,25,n,n,n,40,n,n,n,23,n,n,n,17,n,n,n
2025-07-17 22:30:00,79,n,n,n,48,n,n,n,18,n,n,n,98,n,n,n,44,n,n,n,18,n,n,n,55,n,n,n,47,n,n,n,20,n,n,n,45,n,n,n,30,n,n,n,16,n,n,n
2025-07-17 23:30:00,64,n,n,n,41,n,n,n,17,n,n,n,57,n,n,n,33,n,n,n,23,n,n,n,37,n,n,n,30,n,n,n,16,n,n,n,50,n,n,n,36,n,n,n,19,n,n,n
2025-07-18 00:30:00,65,n,n,n,45,n,n,n,18,n,n,n,73,n,n,n,41,n,n,n,25,n,n,n,41,n,n,n,30,n,n,n,18,n,n,n,35,n,n,n,31,n,n,n,16,n,n,n
2025-07-18 01:30:00,50,n,n,n,32,n,n,n,16,n,n,n,58,n,n,n,33,n,n,n,20,n,n,n,31,n,n,n,28,n,n,n,18,n,n,n,44,n,n,n,29,n,n,n,18,n,n,n
2025-07-18 02:30:00,45,n,n,n,30,n,n,n,13,n,n,n,54,n,n,n,25,n,n,n,23,n,n,n,30,n,n,n,25,n,n,n,12,n,n,n,28,n,n,n,19,n,n,n,12,n,n,n
2025-07-18 03:30:00,50,n,n,n,24,n,n,n,14,n,n,n,41,n,n,n,17,n,n,n,18,n,n,n,28,n,n,n,22,n,n,n,13,n,n,n,23,n,n,n,9,n,n,n,9,n,n,n
2025-07-18 04:30:00,51,n,n,n,23,n,n,n,9,n,n,n,41,n,n,n,22,n,n,n,14,n,n,n,31,n,n,n,22,n,n,n,16,n,n,n,20,n,n,n,11,n,n,n,11,n,n,n
2025-07-18 05:30:00,37,n,n,n,24,n,n,n,11,n,n,n,56,n,n,n,27,n,n,n,19,n,n,n,41,n,n,n,31,n,n,n,17,n,n,n,17,n,n,n,12,n,n,n,17,n,n,n
2025-07-18 06:30:00,47,n,n,n,27,n,n,n,14,n,n,n,85,n,n,n,38,n,n,n,17,n,n,n,84,n,n,n,47,n,n,n,17,n,n,n,39,n,n,n,22,n,n,n,6,n,n,n
2025-07-18 07:30:00,72,n,n,n,38,n,n,n,12,n,n,n,81,n,n,n,34,n,n,n,20,n,n,n,78,n,n,n,48,n,n,n,12,n,n,n,59,n,n,n,35,n,n,n,12,n,n,n
2025-07-18 08:30:00,80,n,n,n,47,n,n,n,23,n,n,n,75,n,n,n,34,n,n,n,23,n,n,n,76,n,n,n,46,n,n,n,22,n,n,n,42,n,n,n,24,n,n,n,9,n,n,n
2025-07-18 09:30:00,98,n,n,n,36,n,n,n,16,n,n,n,362,n,n,n,108,n,n,n,20,n,n,n,56,n,n,n,29,n,n,n,15,n,n,n,69,n,n,n,29,n,n,n,7,n,n,n
2025-07-18 10:30:00,92,n,n,n,32,n,n,n,8,n,n,n,557,n,n,n,185,n,n,n,19,n,n,n,68,n,n,n,34,n,n,n,13,n,n,n,64,n,n,n,31,n,n,n,8,n,n,n
2025-07-18 11:30:00,n,n,n,n,n,n,n,n,n,n,n,n,82,n,n,n,19,n,n,n,13,n,n,n,79,n,n,n,38,n,n,n,12,n,n,n,94,n,n,n,47,n,n,n,11,n,n,n
2025-07-18 12:00:00,n,n,78.7,VM,n,n,35.4,VM,n,n,13.3,VM,n,n,109.5,VM,n,n,43.5,VM,n,n,19,VM,n,n,72.1,VM,n,n,44.2,VM,n,n,18.5,VM,n,n,50.9,VM,n,n,29.8,VM,n,n,13.1,VM
2025-07-18 12:30:00,76,n,n,n,19,n,n,n,6,n,n,n,67,n,n,n,24,n,n,n,11,n,n,n,48,n,n,n,22,n,n,n,15,n,n,n,36,n,n,n,18,n,n,n,12,n,n,n
2025-07-18 13:30:00,54,n,n,n,19,n,n,n,7,n,n,n,61,n,n,n,22,n,n,n,14,n,n,n,49,n,n,n,25,n,n,n,11,n,n,n,40,n,n,n,22,n,n,n,9,n,n,n
2025-07-18 14:30:00,65,n,n,n,23,n,n,n,6,n,n,n,69,n,n,n,31,n,n,n,14,n,n,n,64,n,n,n,34,n,n,n,12,n,n,n,42,n,n,n,25,n,n,n,7,n,n,n
2025-07-18 15:30:00,70,n,n,n,29,n,n,n,7,n,n,n,61,n,n,n,23,n,n,n,12,n,n,n,62,n,n,n,36,n,n,n,13,n,n,n,50,n,n,n,30,n,n,n,5,n,n,n
2025-07-18 16:30:00,188,n,n,n,51,n,n,n,14,n,n,n,62,n,n,n,23,n,n,n,17,n,n,n,60,n,n,n,42,n,n,n,11,n,n,n,41,n,n,n,31,n,n,n,7,n,n,n
2025-07-18 17:30:00,126,n,n,n,55,n,n,n,13,n,n,n,107,n,n,n,44,n,n,n,13,n,n,n,199,n,n,n,116,n,n,n,33,n,n,n,74,n,n,n,39,n,n,n,16,n,n,n
2025-07-18 18:30:00,53,n,n,n,22,n,n,n,11,n,n,n,82,n,n,n,33,n,n,n,17,n,n,n,141,n,n,n,84,n,n,n,26,n,n,n,51,n,n,n,28,n,n,n,8,n,n,n
2025-07-18 19:30:00,103,n,n,n,34,n,n,n,9,n,n,n,95,n,n,n,35,n,n,n,18,n,n,n,116,n,n,n,67,n,n,n,32,n,n,n,73,n,n,n,44,n,n,n,16,n,n,n
2025-07-18 20:30:00,108,n,n,n,50,n,n,n,14,n,n,n,141,n,n,n,66,n,n,n,27,n,n,n,121,n,n,n,81,n,n,n,37,n,n,n,66,n,n,n,46,n,n,n,20,n,n,n
2025-07-18 21:30:00,82,n,n,n,47,n,n,n,18,n,n,n,115,n,n,n,61,n,n,n,29,n,n,n,91,n,n,n,56,n,n,n,24,n,n,n,62,n,n,n,38,n,n,n,24,n,n,n
2025-07-18 22:30:00,99,n,n,n,56,n,n,n,23,n,n,n,108,n,n,n,53,n,n,n,31,n,n,n,75,n,n,n,52,n,n,n,22,n,n,n,80,n,n,n,48,n,n,n,28,n,n,n
2025-07-18 23:30:00,100,n,n,n,52,n,n,n,24,n,n,n,95,n,n,n,45,n,n,n,22,n,n,n,62,n,n,n,45,n,n,n,24,n,n,n,73,n,n,n,47,n,n,n,27,n,n,n
2025-07-19 00:30:00,108,n,n,n,46,n,n,n,23,n,n,n,106,n,n,n,n,n,n,n,29,n,n,n,59,n,n,n,45,n,n,n,24,n,n,n,64,n,n,n,46,n,n,n,22,n,n,n
2025-07-19 01:30:00,100,n,n,n,47,n,n,n,24,n,n,n,100,n,n,n,48,n,n,n,29,n,n,n,48,n,n,n,34,n,n,n,16,n,n,n,72,n,n,n,41,n,n,n,19,n,n,n
2025-07-19 02:30:00,100,n,n,n,50,n,n,n,27,n,n,n,96,n,n,n,53,n,n,n,25,n,n,n,45,n,n,n,36,n,n,n,16,n,n,n,59,n,n,n,44,n,n,n,17,n,n,n
2025-07-19 03:30:00,79,n,n,n,50,n,n,n,27,n,n,n,100,n,n,n,53,n,n,n,28,n,n,n,41,n,n,n,35,n,n,n,20,n,n,n,64,n,n,n,41,n,n,n,19,n,n,n
2025-07-19 04:30:00,83,n,n,n,51,n,n,n,24,n,n,n,99,n,n,n,52,n,n,n,30,n,n,n,42,n,n,n,34,n,n,n,15,n,n,n,56,n,n,n,39,n,n,n,19,n,n,n
2025-07-19 05:30:00,94,n,n,n,49,n,n,n,23,n,n,n,94,n,n,n,48,n,n,n,29,n,n,n,46,n,n,n,38,n,n,n,23,n,n,n,48,n,n,n,29,n,n,n,11,n,n,n
2025-07-19 06:30:00,88,n,n,n,53,n,n,n,24,n,n,n,104,n,n,n,52,n,n,n,33,n,n,n,54,n,n,n,38,n,n,n,21,n,n,n,55,n,n,n,30,n,n,n,16,n,n,n
2025-07-19 07:30:00,77,n,n,n,48,n,n,n,22,n,n,n,111,n,n,n,50,n,n,n,22,n,n,n,63,n,n,n,47,n,n,n,19,n,n,n,67,n,n,n,52,n,n,n,25,n,n,n
2025-07-19 08:30:00,83,n,n,n,45,n,n,n,23,n,n,n,98,n,n,n,48,n,n,n,27,n,n,n,73,n,n,n,51,n,n,n,23,n,n,n,74,n,n,n,48,n,n,n,22,n,n,n
2025-07-19 09:30:00,103,n,n,n,50,n,n,n,19,n,n,n,105,n,n,n,42,n,n,n,19,n,n,n,45,n,n,n,38,n,n,n,18,n,n,n,56,n,n,n,28,n,n,n,17,n,n,n
2025-07-19 10:30:00,96,n,n,n,35,n,n,n,8,n,n,n,93,n,n,n,25,n,n,n,12,n,n,n,65,n,n,n,34,n,n,n,13,n,n,n,63,n,n,n,29,n,n,n,6,n,n,n
2025-07-19 11:30:00,77,n,n,n,29,n,n,n,8,n,n,n,n,n,n,n,24,n,n,n,12,n,n,n,58,n,n,n,31,n,n,n,14,n,n,n,38,n,n,n,24,n,n,n,3,n,n,n
2025-07-19 12:00:00,n,n,97.3,VM,n,n,49.4,VM,n,n,18.2,VM,n,n,117.2,VM,n,n,49.8,VM,n,n,22.5,VM,n,n,64.2,VM,n,n,44.5,VM,n,n,20.5,VM,n,n,63.7,VM,n,n,38.9,VM,n,n,17.3,VM
2025-07-19 12:30:00,56,n,n,n,25,n,n,n,11,n,n,n,65,n,n,n,28,n,n,n,13,n,n,n,39,n,n,n,23,n,n,n,20,n,n,n,41,n,n,n,20,n,n,n,13,n,n,n
2025-07-19 13:30:00,52,n,n,n,26,n,n,n,12,n,n,n,75,n,n,n,33,n,n,n,14,n,n,n,45,n,n,n,29,n,n,n,18,n,n,n,45,n,n,n,28,n,n,n,11,n,n,n
2025-07-19 14:30:00,48,n,n,n,28,n,n,n,9,n,n,n,94,n,n,n,35,n,n,n,16,n,n,n,67,n,n,n,34,n,n,n,12,n,n,n,47,n,n,n,36,n,n,n,14,n,n,n
2025-07-19 15:30:00,64,n,n,n,29,n,n,n,8,n,n,n,97,n,n,n,38,n,n,n,11,n,n,n,68,n,n,n,45,n,n,n,22,n,n,n,61,n,n,n,29,n,n,n,11,n,n,n
2025-07-19 16:30:00,124,n,n,n,50,n,n,n,11,n,n,n,463,n,n,n,139,n,n,n,18,n,n,n,86,n,n,n,56,n,n,n,16,n,n,n,74,n,n,n,36,n,n,n,11,n,n,n
2025-07-19 17:30:00,153,n,n,n,68,n,n,n,13,n,n,n,163,n,n,n,64,n,n,n,19,n,n,n,137,n,n,n,84,n,n,n,23,n,n,n,39,n,n,n,18,n,n,n,11,n,n,n
2025-07-19 18:30:00,145,n,n,n,68,n,n,n,16,n,n,n,92,n,n,n,47,n,n,n,28,n,n,n,121,n,n,n,77,n,n,n,28,n,n,n,42,n,n,n,23,n,n,n,12,n,n,n
2025-07-19 19:30:00,135,n,n,n,69,n,n,n,18,n,n,n,78,n,n,n,41,n,n,n,22,n,n,n,75,n,n,n,50,n,n,n,27,n,n,n,56,n,n,n,35,n,n,n,19,n,n,n
2025-07-19 20:30:00,109,n,n,n,68,n,n,n,17,n,n,n,116,n,n,n,55,n,n,n,23,n,n,n,69,n,n,n,53,n,n,n,23,n,n,n,95,n,n,n,55,n,n,n,23,n,n,n
2025-07-19 21:30:00,101,n,n,n,55,n,n,n,19,n,n,n,105,n,n,n,53,n,n,n,25,n,n,n,73,n,n,n,53,n,n,n,35,n,n,n,117,n,n,n,64,n,n,n,28,n,n,n
2025-07-19 22:30:00,131,n,n,n,76,n,n,n,28,n,n,n,125,n,n,n,62,n,n,n,30,n,n,n,66,n,n,n,51,n,n,n,22,n,n,n,105,n,n,n,73,n,n,n,36,n,n,n
2025-07-19 23:30:00,129,n,n,n,71,n,n,n,23,n,n,n,117,n,n,n,56,n,n,n,25,n,n,n,57,n,n,n,51,n,n,n,23,n,n,n,91,n,n,n,66,n,n,n,30,n,n,n
2025-07-20 00:30:00,140,n,n,n,74,n,n,n,27,n,n,n,144,n,n,n,64,n,n,n,34,n,n,n,61,n,n,n,50,n,n,n,31,n,n,n,94,n,n,n,59,n,n,n,31,n,n,n
2025-07-20 01:30:00,119,n,n,n,59,n,n,n,19,n,n,n,118,n,n,n,59,n,n,n,35,n,n,n,47,n,n,n,39,n,n,n,27,n,n,n,80,n,n,n,55,n,n,n,31,n,n,n
2025-07-20 02:30:00,128,n,n,n,77,n,n,n,25,n,n,n,131,n,n,n,67,n,n,n,38,n,n,n,53,n,n,n,41,n,n,n,26,n,n,n,81,n,n,n,50,n,n,n,25,n,n,n
2025-07-20 03:30:00,82,n,n,n,52,n,n,n,24,n,n,n,102,n,n,n,53,n,n,n,30,n,n,n,51,n,n,n,35,n,n,n,24,n,n,n,72,n,n,n,44,n,n,n,29,n,n,n
2025-07-20 04:30:00,50,n,n,n,32,n,n,n,16,n,n,n,71,n,n,n,40,n,n,n,27,n,n,n,43,n,n,n,36,n,n,n,25,n,n,n,53,n,n,n,39,n,n,n,23,n,n,n
2025-07-20 05:30:00,56,n,n,n,37,n,n,n,23,n,n,n,77,n,n,n,41,n,n,n,25,n,n,n,48,n,n,n,44,n,n,n,21,n,n,n,57,n,n,n,38,n,n,n,20,n,n,n
2025-07-20 06:30:00,59,n,n,n,34,n,n,n,18,n,n,n,80,n,n,n,35,n,n,n,27,n,n,n,59,n,n,n,48,n,n,n,27,n,n,n,52,n,n,n,34,n,n,n,18,n,n,n
2025-07-20 07:30:00,47,n,n,n,29,n,n,n,17,n,n,n,66,n,n,n,33,n,n,n,24,n,n,n,67,n,n,n,51,n,n,n,29,n,n,n,47,n,n,n,29,n,n,n,20,n,n,n
2025-07-20 08:30:00,44,n,n,n,27,n,n,n,17,n,n,n,57,n,n,n,25,n,n,n,16,n,n,n,60,n,n,n,45,n,n,n,26,n,n,n,44,n,n,n,27,n,n,n,16,n,n,n
2025-07-20 09:30:00,59,n,n,n,36,n,n,n,18,n,n,n,54,n,n,n,28,n,n,n,16,n,n,n,50,n,n,n,36,n,n,n,24,n,n,n,39,n,n,n,20,n,n,n,14,n,n,n
2025-07-20 10:30:00,73,n,n,n,46,n,n,n,16,n,n,n,78,n,n,n,39,n,n,n,19,n,n,n,42,n,n,n,34,n,n,n,21,n,n,n,46,n,n,n,24,n,n,n,16,n,n,n
2025-07-20 11:30:00,61,n,n,n,24,n,n,n,11,n,n,n,57,n,n,n,25,n,n,n,16,n,n,n,43,n,n,n,31,n,n,n,14,n,n,n,29,n,n,n,18,n,n,n,13,n,n,n
2025-07-20 12:00:00,n,n,68.2,VM,n,n,38.5,VM,n,n,16.6,VM,n,n,80.1,VM,n,n,38.5,VM,n,n,22.6,VM,n,n,53,VM,n,n,40.2,VM,n,n,23.2,VM,n,n,50.6,VM,n,n,31.1,VM,n,n,18.2,VM
2025-07-20 12:30:00,44,n,n,n,26,n,n,n,11,n,n,n,45,n,n,n,22,n,n,n,12,n,n,n,33,n,n,n,25,n,n,n,12,n,n,n,34,n,n,n,18,n,n,n,9,n,n,n
2025-07-20 13:30:00,35,n,n,n,21,n,n,n,11,n,n,n,51,n,n,n,23,n,n,n,16,n,n,n,39,n,n,n,24,n,n,n,12,n,n,n,30,n,n,n,13,n,n,n,9,n,n,n
2025-07-20 14:30:00,36,n,n,n,22,n,n,n,11,n,n,n,46,n,n,n,19,n,n,n,19,n,n,n,32,n,n,n,30,n,n,n,16,n,n,n,28,n,n,n,19,n,n,n,14,n,n,n
2025-07-20 15:30:00,56,n,n,n,28,n,n,n,12,n,n,n,67,n,n,n,33,n,n,n,17,n,n,n,30,n,n,n,29,n,n,n,20,n,n,n,29,n,n,n,13,n,n,n,18,n,n,n
2025-07-20 16:30:00,42,n,n,n,22,n,n,n,11,n,n,n,67,n,n,n,27,n,n,n,17,n,n,n,42,n,n,n,34,n,n,n,13,n,n,n,31,n,n,n,16,n,n,n,3,n,n,n
2025-07-20 17:30:00,61,n,n,n,33,n,n,n,13,n,n,n,152,n,n,n,55,n,n,n,n,n,n,n,75,n,n,n,47,n,n,n,22,n,n,n,36,n,n,n,22,n,n,n,13,n,n,n
2025-07-20 18:30:00,85,n,n,n,45,n,n,n,14,n,n,n,56,n,n,n,29,n,n,n,16,n,n,n,83,n,n,n,45,n,n,n,25,n,n,n,36,n,n,n,24,n,n,n,14,n,n,n
2025-07-20 19:30:00,76,n,n,n,36,n,n,n,13,n,n,n,n,n,n,n,33,n,n,n,20,n,n,n,67,n,n,n,47,n,n,n,25,n,n,n,44,n,n,n,27,n,n,n,16,n,n,n
2025-07-20 20:30:00,68,n,n,n,43,n,n,n,18,n,n,n,78,n,n,n,45,n,n,n,22,n,n,n,63,n,n,n,48,n,n,n,25,n,n,n,72,n,n,n,42,n,n,n,24,n,n,n
2025-07-20 21:30:00,67,n,n,n,38,n,n,n,17,n,n,n,87,n,n,n,46,n,n,n,27,n,n,n,63,n,n,n,48,n,n,n,27,n,n,n,55,n,n,n,34,n,n,n,17,n,n,n
2025-07-20 22:30:00,74,n,n,n,46,n,n,n,23,n,n,n,81,n,n,n,42,n,n,n,23,n,n,n,68,n,n,n,52,n,n,n,34,n,n,n,59,n,n,n,35,n,n,n,18,n,n,n
2025-07-20 23:30:00,76,n,n,n,38,n,n,n,14,n,n,n,77,n,n,n,40,n,n,n,24,n,n,n,53,n,n,n,46,n,n,n,31,n,n,n,66,n,n,n,46,n,n,n,27,n,n,n
2025-07-21 00:30:00,71,n,n,n,40,n,n,n,20,n,n,n,73,n,n,n,38,n,n,n,23,n,n,n,48,n,n,n,38,n,n,n,22,n,n,n,56,n,n,n,36,n,n,n,22,n,n,n
2025-07-21 01:30:00,63,n,n,n,36,n,n,n,17,n,n,n,74,n,n,n,38,n,n,n,27,n,n,n,40,n,n,n,36,n,n,n,21,n,n,n,52,n,n,n,28,n,n,n,16,n,n,n
2025-07-21 02:30:00,53,n,n,n,34,n,n,n,13,n,n,n,77,n,n,n,41,n,n,n,22,n,n,n,34,n,n,n,33,n,n,n,14,n,n,n,44,n,n,n,28,n,n,n,12,n,n,n
2025-07-21 03:30:00,131,n,n,n,76,n,n,n,29,n,n,n,72,n,n,n,31,n,n,n,24,n,n,n,48,n,n,n,28,n,n,n,21,n,n,n,40,n,n,n,25,n,n,n,16,n,n,n
2025-07-21 04:30:00,98,n,n,n,63,n,n,n,17,n,n,n,56,n,n,n,34,n,n,n,19,n,n,n,34,n,n,n,36,n,n,n,14,n,n,n,44,n,n,n,27,n,n,n,12,n,n,n
2025-07-21 05:30:00,69,n,n,n,49,n,n,n,16,n,n,n,66,n,n,n,33,n,n,n,18,n,n,n,49,n,n,n,38,n,n,n,20,n,n,n,38,n,n,n,22,n,n,n,11,n,n,n
2025-07-21 06:30:00,58,n,n,n,44,n,n,n,16,n,n,n,95,n,n,n,40,n,n,n,17,n,n,n,66,n,n,n,41,n,n,n,22,n,n,n,47,n,n,n,24,n,n,n,16,n,n,n
2025-07-21 07:30:00,66,n,n,n,35,n,n,n,14,n,n,n,102,n,n,n,44,n,n,n,23,n,n,n,68,n,n,n,48,n,n,n,20,n,n,n,51,n,n,n,27,n,n,n,17,n,n,n
2025-07-21 08:30:00,79,n,n,n,39,n,n,n,14,n,n,n,95,n,n,n,42,n,n,n,22,n,n,n,97,n,n,n,50,n,n,n,23,n,n,n,47,n,n,n,29,n,n,n,11,n,n,n
2025-07-21 09:30:00,104,n,n,n,40,n,n,n,16,n,n,n,87,n,n,n,33,n,n,n,13,n,n,n,49,n,n,n,n,n,n,n,n,n,n,n,45,n,n,n,17,n,n,n,11,n,n,n
2025-07-21 10:30:00,105,n,n,n,41,n,n,n,8,n,n,n,80,n,n,n,31,n,n,n,13,n,n,n,80,n,n,n,30,n,n,n,1,n,n,n,46,n,n,n,18,n,n,n,9,n,n,n
2025-07-21 11:30:00,67,n,n,n,28,n,n,n,9,n,n,n,61,n,n,n,23,n,n,n,17,n,n,n,55,n,n,n,39,n,n,n,7,n,n,n,50,n,n,n,29,n,n,n,8,n,n,n
2025-07-21 12:00:00,n,n,87.5,VM,n,n,42.8,VM,n,n,15.7,VM,n,n,81.2,VM,n,n,50.4,VM,n,n,18.1,VM,n,n,65.8,VM,n,n,43.1,VM,n,n,17.4,VM,n,n,53.3,VM,n,n,29,VM,n,n,13.4,VM
2025-07-21 12:30:00,57,n,n,n,24,n,n,n,11,n,n,n,58,n,n,n,25,n,n,n,13,n,n,n,52,n,n,n,34,n,n,n,10,n,n,n,41,n,n,n,22,n,n,n,9,n,n,n
2025-07-21 13:30:00,50,n,n,n,24,n,n,n,11,n,n,n,63,n,n,n,29,n,n,n,13,n,n,n,45,n,n,n,30,n,n,n,14,n,n,n,35,n,n,n,23,n,n,n,11,n,n,n
2025-07-21 14:30:00,81,n,n,n,32,n,n,n,17,n,n,n,59,n,n,n,35,n,n,n,14,n,n,n,52,n,n,n,39,n,n,n,14,n,n,n,56,n,n,n,n,n,n,n,11,n,n,n
2025-07-21 15:30:00,109,n,n,n,46,n,n,n,17,n,n,n,103,n,n,n,44,n,n,n,14,n,n,n,68,n,n,n,41,n,n,n,11,n,n,n,52,n,n,n,25,n,n,n,14,n,n,n
2025-07-21 16:30:00,136,n,n,n,51,n,n,n,13,n,n,n,84,n,n,n,42,n,n,n,12,n,n,n,73,n,n,n,51,n,n,n,17,n,n,n,51,n,n,n,28,n,n,n,11,n,n,n
2025-07-21 17:30:00,111,n,n,n,50,n,n,n,17,n,n,n,198,n,n,n,86,n,n,n,19,n,n,n,132,n,n,n,73,n,n,n,23,n,n,n,79,n,n,n,33,n,n,n,14,n,n,n
2025-07-21 18:30:00,85,n,n,n,39,n,n,n,13,n,n,n,85,n,n,n,38,n,n,n,18,n,n,n,181,n,n,n,91,n,n,n,21,n,n,n,62,n,n,n,35,n,n,n,16,n,n,n
2025-07-21 19:30:00,81,n,n,n,38,n,n,n,16,n,n,n,88,n,n,n,38,n,n,n,14,n,n,n,84,n,n,n,52,n,n,n,23,n,n,n,41,n,n,n,20,n,n,n,9,n,n,n
2025-07-21 20:30:00,107,n,n,n,50,n,n,n,19,n,n,n,53,n,n,n,30,n,n,n,n,n,n,n,66,n,n,n,47,n,n,n,19,n,n,n,51,n,n,n,31,n,n,n,17,n,n,n
2025-07-21 21:30:00,97,n,n,n,48,n,n,n,17,n,n,n,62,n,n,n,31,n,n,n,19,n,n,n,55,n,n,n,38,n,n,n,17,n,n,n,111,n,n,n,57,n,n,n,17,n,n,n
2025-07-21 22:30:00,141,n,n,n,57,n,n,n,20,n,n,n,77,n,n,n,33,n,n,n,19,n,n,n,62,n,n,n,46,n,n,n,27,n,n,n,88,n,n,n,52,n,n,n,19,n,n,n
2025-07-21 23:30:00,82,n,n,n,43,n,n,n,16,n,n,n,81,n,n,n,351,n,n,n,23,n,n,n,41,n,n,n,33,n,n,n,19,n,n,n,52,n,n,n,30,n,n,n,13,n,n,n
2025-07-22 00:30:00,62,n,n,n,36,n,n,n,17,n,n,n,69,n,n,n,36,n,n,n,20,n,n,n,41,n,n,n,33,n,n,n,18,n,n,n,73,n,n,n,56,n,n,n,24,n,n,n
2025-07-22 01:30:00,73,n,n,n,43,n,n,n,17,n,n,n,61,n,n,n,29,n,n,n,24,n,n,n,44,n,n,n,34,n,n,n,17,n,n,n,53,n,n,n,38,n,n,n,17,n,n,n
2025-07-22 02:30:00,54,n,n,n,37,n,n,n,20,n,n,n,53,n,n,n,29,n,n,n,19,n,n,n,34,n,n,n,29,n,n,n,17,n,n,n,55,n,n,n,39,n,n,n,18,n,n,n
2025-07-22 03:30:00,51,n,n,n,33,n,n,n,17,n,n,n,61,n,n,n,34,n,n,n,17,n,n,n,34,n,n,n,30,n,n,n,19,n,n,n,55,n,n,n,48,n,n,n,17,n,n,n
2025-07-22 04:30:00,54,n,n,n,35,n,n,n,19,n,n,n,55,n,n,n,36,n,n,n,23,n,n,n,32,n,n,n,28,n,n,n,13,n,n,n,41,n,n,n,33,n,n,n,18,n,n,n
2025-07-22 05:30:00,47,n,n,n,36,n,n,n,12,n,n,n,64,n,n,n,33,n,n,n,19,n,n,n,38,n,n,n,33,n,n,n,20,n,n,n,39,n,n,n,30,n,n,n,14,n,n,n
2025-07-22 06:30:00,59,n,n,n,36,n,n,n,13,n,n,n,78,n,n,n,42,n,n,n,19,n,n,n,62,n,n,n,40,n,n,n,17,n,n,n,66,n,n,n,45,n,n,n,16,n,n,n
2025-07-22 07:30:00,79,n,n,n,42,n,n,n,23,n,n,n,82,n,n,n,36,n,n,n,13,n,n,n,63,n,n,n,55,n,n,n,15,n,n,n,48,n,n,n,38,n,n,n,17,n,n,n
2025-07-22 08:30:00,100,n,n,n,46,n,n,n,17,n,n,n,92,n,n,n,31,n,n,n,18,n,n,n,61,n,n,n,48,n,n,n,14,n,n,n,46,n,n,n,28,n,n,n,13,n,n,n
2025-07-22 09:30:00,109,n,n,n,40,n,n,n,13,n,n,n,290,n,n,n,66,n,n,n,16,n,n,n,60,n,n,n,38,n,n,n,12,n,n,n,48,n,n,n,30,n,n,n,11,n,n,n
2025-07-22 10:30:00,91,n,n,n,38,n,n,n,13,n,n,n,61,n,n,n,24,n,n,n,13,n,n,n,54,n,n,n,28,n,n,n,11,n,n,n,35,n,n,n,18,n,n,n,11,n,n,n
2025-07-22 11:30:00,87,n,n,n,31,n,n,n,14,n,n,n,58,n,n,n,25,n,n,n,12,n,n,n,81,n,n,n,28,n,n,n,13,n,n,n,31,n,n,n,20,n,n,n,9,n,n,n
2025-07-22 12:00:00,n,n,92.6,VM,n,n,43.6,VM,n,n,15.2,VM,n,n,91.2,VM,n,n,40.1,VM,n,n,17.1,VM,n,n,67.2,VM,n,n,42.5,VM,n,n,17.8,VM,n,n,55.8,VM,n,n,35.5,VM,n,n,14.8,VM
2025-07-22 12:30:00,57,n,n,n,24,n,n,n,14,n,n,n,59,n,n,n,25,n,n,n,13,n,n,n,67,n,n,n,31,n,n,n,14,n,n,n,41,n,n,n,22,n,n,n,9,n,n,n
2025-07-22 13:30:00,104,n,n,n,36,n,n,n,9,n,n,n,86,n,n,n,31,n,n,n,13,n,n,n,60,n,n,n,29,n,n,n,16,n,n,n,57,n,n,n,27,n,n,n,14,n,n,n
2025-07-22 14:30:00,95,n,n,n,40,n,n,n,9,n,n,n,96,n,n,n,40,n,n,n,16,n,n,n,82,n,n,n,40,n,n,n,13,n,n,n,45,n,n,n,23,n,n,n,12,n,n,n
2025-07-22 15:30:00,105,n,n,n,42,n,n,n,9,n,n,n,90,n,n,n,39,n,n,n,16,n,n,n,86,n,n,n,46,n,n,n,13,n,n,n,48,n,n,n,31,n,n,n,8,n,n,n
2025-07-22 16:30:00,114,n,n,n,46,n,n,n,17,n,n,n,86,n,n,n,40,n,n,n,13,n,n,n,116,n,n,n,48,n,n,n,15,n,n,n,45,n,n,n,34,n,n,n,12,n,n,n
2025-07-22 17:30:00,138,n,n,n,64,n,n,n,17,n,n,n,218,n,n,n,114,n,n,n,27,n,n,n,142,n,n,n,78,n,n,n,24,n,n,n,138,n,n,n,72,n,n,n,22,n,n,n
2025-07-22 18:30:00,117,n,n,n,51,n,n,n,8,n,n,n,135,n,n,n,61,n,n,n,12,n,n,n,131,n,n,n,78,n,n,n,23,n,n,n,68,n,n,n,40,n,n,n,13,n,n,n
2025-07-22 19:30:00,121,n,n,n,56,n,n,n,14,n,n,n,98,n,n,n,45,n,n,n,17,n,n,n,94,n,n,n,62,n,n,n,32,n,n,n,52,n,n,n,31,n,n,n,12,n,n,n
2025-07-22 20:30:00,167,n,n,n,57,n,n,n,17,n,n,n,59,n,n,n,31,n,n,n,12,n,n,n,65,n,n,n,42,n,n,n,21,n,n,n,47,n,n,n,20,n,n,n,14,n,n,n
2025-07-22 21:30:00,158,n,n,n,76,n,n,n,19,n,n,n,65,n,n,n,34,n,n,n,17,n,n,n,65,n,n,n,55,n,n,n,25,n,n,n,58,n,n,n,39,n,n,n,19,n,n,n
2025-07-22 22:30:00,90,n,n,n,51,n,n,n,19,n,n,n,87,n,n,n,36,n,n,n,20,n,n,n,50,n,n,n,46,n,n,n,22,n,n,n,85,n,n,n,48,n,n,n,22,n,n,n
2025-07-22 23:30:00,91,n,n,n,51,n,n,n,17,n,n,n,87,n,n,n,45,n,n,n,22,n,n,n,50,n,n,n,42,n,n,n,23,n,n,n,66,n,n,n,41,n,n,n,12,n,n,n
2025-07-23 00:30:00,76,n,n,n,43,n,n,n,19,n,n,n,79,n,n,n,50,n,n,n,22,n,n,n,40,n,n,n,35,n,n,n,17,n,n,n,128,n,n,n,101,n,n,n,24,n,n,n
2025-07-23 01:30:00,86,n,n,n,62,n,n,n,24,n,n,n,78,n,n,n,55,n,n,n,27,n,n,n,43,n,n,n,33,n,n,n,22,n,n,n,90,n,n,n,67,n,n,n,22,n,n,n
2025-07-23 02:30:00,69,n,n,n,43,n,n,n,19,n,n,n,76,n,n,n,44,n,n,n,23,n,n,n,37,n,n,n,29,n,n,n,15,n,n,n,107,n,n,n,80,n,n,n,27,n,n,n
2025-07-23 03:30:00,74,n,n,n,47,n,n,n,20,n,n,n,69,n,n,n,44,n,n,n,22,n,n,n,32,n,n,n,25,n,n,n,16,n,n,n,74,n,n,n,52,n,n,n,22,n,n,n
2025-07-23 04:30:00,68,n,n,n,45,n,n,n,22,n,n,n,59,n,n,n,34,n,n,n,19,n,n,n,33,n,n,n,31,n,n,n,16,n,n,n,70,n,n,n,47,n,n,n,18,n,n,n
2025-07-23 05:30:00,71,n,n,n,44,n,n,n,18,n,n,n,81,n,n,n,46,n,n,n,25,n,n,n,30,n,n,n,31,n,n,n,15,n,n,n,57,n,n,n,34,n,n,n,13,n,n,n
2025-07-23 06:30:00,83,n,n,n,56,n,n,n,16,n,n,n,n,n,n,n,n,n,n,n,n,n,n,n,57,n,n,n,35,n,n,n,19,n,n,n,67,n,n,n,38,n,n,n,17,n,n,n
2025-07-23 07:30:00,82,n,n,n,46,n,n,n,20,n,n,n,89,n,n,n,39,n,n,n,18,n,n,n,66,n,n,n,48,n,n,n,18,n,n,n,58,n,n,n,33,n,n,n,16,n,n,n
2025-07-23 08:30:00,87,n,n,n,54,n,n,n,20,n,n,n,91,n,n,n,50,n,n,n,20,n,n,n,95,n,n,n,72,n,n,n,29,n,n,n,111,n,n,n,72,n,n,n,n,n,n,n
2025-07-23 09:30:00,103,n,n,n,59,n,n,n,18,n,n,n,100,n,n,n,39,n,n,n,11,n,n,n,131,n,n,n,72,n,n,n,22,n,n,n,73,n,n,n,30,n,n,n,3,n,n,n
2025-07-23 10:30:00,89,n,n,n,38,n,n,n,14,n,n,n,90,n,n,n,35,n,n,n,19,n,n,n,70,n,n,n,39,n,n,n,10,n,n,n,62,n,n,n,35,n,n,n,6,n,n,n
2025-07-23 11:30:00,72,n,n,n,34,n,n,n,13,n,n,n,81,n,n,n,35,n,n,n,14,n,n,n,101,n,n,n,53,n,n,n,14,n,n,n,41,n,n,n,23,n,n,n,16,n,n,n
2025-07-23 12:00:00,n,n,94.4,VM,n,n,51,VM,n,n,19.8,VM,n,n,102,VM,n,n,50.9,VM,n,n,21.3,VM,n,n,73.5,VM,n,n,48.4,VM,n,n,20.7,VM,n,n,73,VM,n,n,46,VM,n,n,17,VM
2025-07-23 12:30:00,65,n,n,n,28,n,n,n,12,n,n,n,72,n,n,n,29,n,n,n,16,n,n,n,65,n,n,n,33,n,n,n,14,n,n,n,45,n,n,n,22,n,n,n,6,n,n,n
2025-07-23 13:30:00,88,n,n,n,40,n,n,n,12,n,n,n,78,n,n,n,30,n,n,n,12,n,n,n,65,n,n,n,n,n,n,n,n,n,n,n,52,n,n,n,25,n,n,n,9,n,n,n
2025-07-23 14:30:00,120,n,n,n,43,n,n,n,11,n,n,n,93,n,n,n,34,n,n,n,19,n,n,n,94,n,n,n,58,n,n,n,14,n,n,n,69,n,n,n,41,n,n,n,17,n,n,n
2025-07-23 15:30:00,108,n,n,n,41,n,n,n,13,n,n,n,93,n,n,n,39,n,n,n,14,n,n,n,71,n,n,n,36,n,n,n,15,n,n,n,47,n,n,n,31,n,n,n,9,n,n,n
2025-07-23 16:30:00,87,n,n,n,40,n,n,n,14,n,n,n,78,n,n,n,36,n,n,n,n,n,n,n,48,n,n,n,38,n,n,n,13,n,n,n,42,n,n,n,25,n,n,n,13,n,n,n
2025-07-23 17:30:00,222,n,n,n,107,n,n,n,14,n,n,n,239,n,n,n,116,n,n,n,24,n,n,n,129,n,n,n,86,n,n,n,30,n,n,n,63,n,n,n,30,n,n,n,13,n,n,n
2025-07-23 18:30:00,61,n,n,n,36,n,n,n,12,n,n,n,212,n,n,n,102,n,n,n,24,n,n,n,137,n,n,n,86,n,n,n,36,n,n,n,57,n,n,n,30,n,n,n,11,n,n,n
2025-07-23 19:30:00,66,n,n,n,36,n,n,n,12,n,n,n,141,n,n,n,69,n,n,n,24,n,n,n,97,n,n,n,58,n,n,n,30,n,n,n,69,n,n,n,44,n,n,n,18,n,n,n
2025-07-23 20:30:00,93,n,n,n,52,n,n,n,33,n,n,n,133,n,n,n,66,n,n,n,30,n,n,n,92,n,n,n,57,n,n,n,24,n,n,n,100,n,n,n,63,n,n,n,24,n,n,n
2025-07-23 21:30:00,126,n,n,n,70,n,n,n,34,n,n,n,84,n,n,n,52,n,n,n,24,n,n,n,85,n,n,n,58,n,n,n,28,n,n,n,n,n,n,n,n,n,n,n,n,n,n,n
2025-07-23 22:30:00,140,n,n,n,77,n,n,n,40,n,n,n,120,n,n,n,63,n,n,n,27,n,n,n,75,n,n,n,47,n,n,n,32,n,n,n,95,n,n,n,61,n,n,n,29,n,n,n
2025-07-23 23:30:00,129,n,n,n,83,n,n,n,46,n,n,n,111,n,n,n,64,n,n,n,35,n,n,n,70,n,n,n,53,n,n,n,27,n,n,n,101,n,n,n,75,n,n,n,40,n,n,n
2025-07-24 00:30:00,122,n,n,n,85,n,n,n,42,n,n,n,105,n,n,n,67,n,n,n,30,n,n,n,65,n,n,n,52,n,n,n,25,n,n,n,108,n,n,n,73,n,n,n,45,n,n,n
2025-07-24 01:30:00,112,n,n,n,77,n,n,n,40,n,n,n,n,n,n,n,62,n,n,n,39,n,n,n,61,n,n,n,47,n,n,n,26,n,n,n,n,n,n,n,n,n,n,n,n,n,n,n
2025-07-24 02:30:00,119,n,n,n,88,n,n,n,47,n,n,n,98,n,n,n,72,n,n,n,47,n,n,n,52,n,n,n,48,n,n,n,35,n,n,n,74,n,n,n,51,n,n,n,25,n,n,n
2025-07-24 03:30:00,101,n,n,n,75,n,n,n,44,n,n,n,96,n,n,n,72,n,n,n,45,n,n,n,52,n,n,n,51,n,n,n,32,n,n,n,74,n,n,n,58,n,n,n,34,n,n,n
2025-07-24 04:30:00,84,n,n,n,58,n,n,n,35,n,n,n,95,n,n,n,67,n,n,n,42,n,n,n,62,n,n,n,62,n,n,n,41,n,n,n,78,n,n,n,58,n,n,n,35,n,n,n
2025-07-24 05:30:00,84,n,n,n,63,n,n,n,36,n,n,n,92,n,n,n,62,n,n,n,40,n,n,n,72,n,n,n,67,n,n,n,37,n,n,n,62,n,n,n,36,n,n,n,24,n,n,n
2025-07-24 06:30:00,101,n,n,n,63,n,n,n,34,n,n,n,122,n,n,n,63,n,n,n,33,n,n,n,116,n,n,n,91,n,n,n,65,n,n,n,74,n,n,n,41,n,n,n,29,n,n,n
2025-07-24 07:30:00,107,n,n,n,62,n,n,n,28,n,n,n,183,n,n,n,80,n,n,n,34,n,n,n,119,n,n,n,99,n,n,n,68,n,n,n,89,n,n,n,57,n,n,n,29,n,n,n
2025-07-24 08:30:00,85,n,n,n,49,n,n,n,25,n,n,n,106,n,n,n,53,n,n,n,33,n,n,n,119,n,n,n,90,n,n,n,52,n,n,n,67,n,n,n,51,n,n,n,22,n,n,n
2025-07-24 09:30:00,89,n,n,n,37,n,n,n,11,n,n,n,93,n,n,n,36,n,n,n,16,n,n,n,67,n,n,n,48,n,n,n,24,n,n,n,55,n,n,n,28,n,n,n,14,n,n,n
2025-07-24 10:30:00,86,n,n,n,29,n,n,n,12,n,n,n,n,n,n,n,20,n,n,n,9,n,n,n,n,n,n,n,n,n,n,n,n,n,n,n,n,n,n,n,n,n,n,n,n,n,n,n
2025-07-24 11:30:00,101,n,n,n,41,n,n,n,12,n,n,n,99,n,n,n,34,n,n,n,17,n,n,n,62,n,n,n,30,n,n,n,5,n,n,n,42,n,n,n,23,n,n,n,11,n,n,n
2025-07-24 12:00:00,n,n,88.4,VM,n,n,49.3,VM,n,n,22,VM,n,n,95.1,VM,n,n,46,VM,n,n,23.9,VM,n,n,75.8,VM,n,n,53.9,VM,n,n,27.5,VM,n,n,55.4,VM,n,n,34.5,VM,n,n,18.6,VM
2025-07-24 12:30:00,73,n,n,n,29,n,n,n,9,n,n,n,70,n,n,n,23,n,n,n,13,n,n,n,39,n,n,n,27,n,n,n,10,n,n,n,38,n,n,n,23,n,n,n,8,n,n,n
2025-07-24 13:30:00,64,n,n,n,30,n,n,n,11,n,n,n,63,n,n,n,28,n,n,n,12,n,n,n,262,n,n,n,117,n,n,n,20,n,n,n,42,n,n,n,31,n,n,n,9,n,n,n
2025-07-24 14:30:00,71,n,n,n,34,n,n,n,17,n,n,n,65,n,n,n,25,n,n,n,9,n,n,n,48,n,n,n,35,n,n,n,16,n,n,n,38,n,n,n,n,n,n,n,8,n,n,n
2025-07-24 15:30:00,77,n,n,n,40,n,n,n,12,n,n,n,n,n,n,n,n,n,n,n,11,n,n,n,82,n,n,n,36,n,n,n,13,n,n,n,35,n,n,n,12,n,n,n,8,n,n,n
2025-07-24 16:30:00,86,n,n,n,39,n,n,n,11,n,n,n,155,n,n,n,36,n,n,n,13,n,n,n,55,n,n,n,38,n,n,n,16,n,n,n,35,n,n,n,17,n,n,n,16,n,n,n
2025-07-24 17:30:00,112,n,n,n,49,n,n,n,13,n,n,n,90,n,n,n,40,n,n,n,19,n,n,n,56,n,n,n,40,n,n,n,19,n,n,n,45,n,n,n,24,n,n,n,14,n,n,n
2025-07-24 18:30:00,70,n,n,n,40,n,n,n,11,n,n,n,90,n,n,n,42,n,n,n,13,n,n,n,66,n,n,n,56,n,n,n,24,n,n,n,n,n,n,n,n,n,n,n,n,n,n,n
2025-07-24 19:30:00,57,n,n,n,26,n,n,n,13,n,n,n,81,n,n,n,38,n,n,n,16,n,n,n,n,n,n,n,n,n,n,n,n,n,n,n,41,n,n,n,18,n,n,n,7,n,n,n
2025-07-24 20:30:00,63,n,n,n,34,n,n,n,12,n,n,n,70,n,n,n,34,n,n,n,20,n,n,n,54,n,n,n,41,n,n,n,13,n,n,n,42,n,n,n,22,n,n,n,14,n,n,n
2025-07-24 21:30:00,71,n,n,n,35,n,n,n,16,n,n,n,76,n,n,n,38,n,n,n,16,n,n,n,68,n,n,n,41,n,n,n,21,n,n,n,40,n,n,n,18,n,n,n,11,n,n,n
2025-07-24 22:30:00,100,n,n,n,53,n,n,n,24,n,n,n,58,n,n,n,25,n,n,n,18,n,n,n,56,n,n,n,39,n,n,n,22,n,n,n,38,n,n,n,20,n,n,n,16,n,n,n
2025-07-24 23:30:00,86,n,n,n,48,n,n,n,12,n,n,n,90,n,n,n,40,n,n,n,28,n,n,n,35,n,n,n,31,n,n,n,20,n,n,n,46,n,n,n,28,n,n,n,11,n,n,n
2025-07-25 00:30:00,78,n,n,n,39,n,n,n,20,n,n,n,82,n,n,n,42,n,n,n,27,n,n,n,48,n,n,n,39,n,n,n,24,n,n,n,55,n,n,n,30,n,n,n,22,n,n,n
2025-07-25 01:30:00,62,n,n,n,42,n,n,n,18,n,n,n,63,n,n,n,33,n,n,n,18,n,n,n,35,n,n,n,35,n,n,n,21,n,n,n,51,n,n,n,28,n,n,n,14,n,n,n
2025-07-25 02:30:00,43,n,n,n,28,n,n,n,18,n,n,n,60,n,n,n,36,n,n,n,23,n,n,n,34,n,n,n,36,n,n,n,25,n,n,n,38,n,n,n,23,n,n,n,19,n,n,n
2025-07-25 03:30:00,44,n,n,n,30,n,n,n,18,n,n,n,48,n,n,n,30,n,n,n,16,n,n,n,33,n,n,n,36,n,n,n,15,n,n,n,40,n,n,n,19,n,n,n,13,n,n,n
2025-07-25 04:30:00,123,n,n,n,107,n,n,n,86,n,n,n,43,n,n,n,24,n,n,n,13,n,n,n,39,n,n,n,34,n,n,n,22,n,n,n,33,n,n,n,18,n,n,n,13,n,n,n
2025-07-25 05:30:00,61,n,n,n,46,n,n,n,33,n,n,n,48,n,n,n,27,n,n,n,16,n,n,n,45,n,n,n,n,n,n,n,n,n,n,n,24,n,n,n,9,n,n,n,9,n,n,n
2025-07-25 06:30:00,58,n,n,n,41,n,n,n,16,n,n,n,79,n,n,n,36,n,n,n,17,n,n,n,75,n,n,n,51,n,n,n,22,n,n,n,42,n,n,n,22,n,n,n,18,n,n,n
2025-07-25 07:30:00,63,n,n,n,41,n,n,n,17,n,n,n,96,n,n,n,40,n,n,n,22,n,n,n,87,n,n,n,61,n,n,n,27,n,n,n,38,n,n,n,16,n,n,n,14,n,n,n
2025-07-25 08:30:00,88,n,n,n,37,n,n,n,14,n,n,n,86,n,n,n,29,n,n,n,18,n,n,n,102,n,n,n,63,n,n,n,23,n,n,n,34,n,n,n,13,n,n,n,13,n,n,n
2025-07-25 09:30:00,67,n,n,n,32,n,n,n,13,n,n,n,55,n,n,n,22,n,n,n,14,n,n,n,60,n,n,n,35,n,n,n,15,n,n,n,25,n,n,n,8,n,n,n,7,n,n,n
2025-07-25 10:30:00,70,n,n,n,31,n,n,n,11,n,n,n,585,n,n,n,139,n,n,n,9,n,n,n,55,n,n,n,34,n,n,n,11,n,n,n,30,n,n,n,17,n,n,n,8,n,n,n
2025-07-25 11:30:00,79,n,n,n,34,n,n,n,12,n,n,n,102,n,n,n,36,n,n,n,18,n,n,n,43,n,n,n,28,n,n,n,12,n,n,n,27,n,n,n,9,n,n,n,9,n,n,n
2025-07-25 12:00:00,n,n,98.2,VM,n,n,41.5,VM,n,n,17.5,VM,n,n,102.1,VM,n,n,38.7,VM,n,n,15.9,VM,n,n,62.9,VM,n,n,42.5,VM,n,n,19.1,VM,n,n,37.2,VM,n,n,17,VM,n,n,11.3,VM
2025-07-25 12:30:00,91,n,n,n,30,n,n,n,12,n,n,n,59,n,n,n,25,n,n,n,9,n,n,n,37,n,n,n,25,n,n,n,9,n,n,n,25,n,n,n,9,n,n,n,7,n,n,n
2025-07-25 13:30:00,98,n,n,n,28,n,n,n,11,n,n,n,60,n,n,n,20,n,n,n,11,n,n,n,48,n,n,n,23,n,n,n,8,n,n,n,31,n,n,n,14,n,n,n,8,n,n,n
2025-07-25 14:30:00,94,n,n,n,25,n,n,n,12,n,n,n,54,n,n,n,22,n,n,n,13,n,n,n,36,n,n,n,19,n,n,n,13,n,n,n,28,n,n,n,12,n,n,n,9,n,n,n
2025-07-25 15:30:00,174,n,n,n,55,n,n,n,9,n,n,n,84,n,n,n,38,n,n,n,13,n,n,n,52,n,n,n,29,n,n,n,14,n,n,n,36,n,n,n,12,n,n,n,11,n,n,n
2025-07-25 16:30:00,143,n,n,n,55,n,n,n,12,n,n,n,103,n,n,n,41,n,n,n,14,n,n,n,67,n,n,n,40,n,n,n,11,n,n,n,35,n,n,n,19,n,n,n,8,n,n,n
2025-07-25 17:30:00,95,n,n,n,38,n,n,n,11,n,n,n,115,n,n,n,41,n,n,n,n,n,n,n,84,n,n,n,56,n,n,n,16,n,n,n,35,n,n,n,17,n,n,n,11,n,n,n
2025-07-25 18:30:00,91,n,n,n,31,n,n,n,7,n,n,n,115,n,n,n,45,n,n,n,7,n,n,n,137,n,n,n,84,n,n,n,28,n,n,n,41,n,n,n,19,n,n,n,7,n,n,n
2025-07-25 19:30:00,183,n,n,n,55,n,n,n,11,n,n,n,115,n,n,n,51,n,n,n,20,n,n,n,112,n,n,n,63,n,n,n,37,n,n,n,36,n,n,n,16,n,n,n,11,n,n,n
2025-07-25 20:30:00,110,n,n,n,45,n,n,n,18,n,n,n,84,n,n,n,39,n,n,n,19,n,n,n,89,n,n,n,67,n,n,n,28,n,n,n,36,n,n,n,12,n,n,n,11,n,n,n
2025-07-25 21:30:00,67,n,n,n,29,n,n,n,16,n,n,n,79,n,n,n,41,n,n,n,16,n,n,n,66,n,n,n,48,n,n,n,24,n,n,n,29,n,n,n,14,n,n,n,7,n,n,n
2025-07-25 22:30:00,286,n,n,n,58,n,n,n,18,n,n,n,134,n,n,n,45,n,n,n,19,n,n,n,81,n,n,n,n,n,n,n,n,n,n,n,78,n,n,n,33,n,n,n,14,n,n,n
2025-07-25 23:30:00,88,n,n,n,39,n,n,n,6,n,n,n,n,n,n,n,27,n,n,n,14,n,n,n,44,n,n,n,30,n,n,n,15,n,n,n,47,n,n,n,20,n,n,n,9,n,n,n
2025-07-26 00:30:00,35,n,n,n,17,n,n,n,12,n,n,n,36,n,n,n,20,n,n,n,n,n,n,n,26,n,n,n,20,n,n,n,17,n,n,n,31,n,n,n,9,n,n,n,9,n,n,n
2025-07-26 01:30:00,24,n,n,n,19,n,n,n,9,n,n,n,42,n,n,n,13,n,n,n,13,n,n,n,23,n,n,n,20,n,n,n,16,n,n,n,24,n,n,n,9,n,n,n,9,n,n,n
2025-07-26 02:30:00,21,n,n,n,11,n,n,n,8,n,n,n,29,n,n,n,12,n,n,n,7,n,n,n,26,n,n,n,17,n,n,n,13,n,n,n,24,n,n,n,8,n,n,n,8,n,n,n
2025-07-26 03:30:00,28,n,n,n,18,n,n,n,9,n,n,n,26,n,n,n,22,n,n,n,12,n,n,n,19,n,n,n,18,n,n,n,10,n,n,n,22,n,n,n,8,n,n,n,11,n,n,n
2025-07-26 04:30:00,34,n,n,n,19,n,n,n,9,n,n,n,30,n,n,n,16,n,n,n,11,n,n,n,30,n,n,n,24,n,n,n,11,n,n,n,28,n,n,n,13,n,n,n,9,n,n,n
2025-07-26 05:30:00,44,n,n,n,26,n,n,n,11,n,n,n,53,n,n,n,19,n,n,n,17,n,n,n,30,n,n,n,20,n,n,n,19,n,n,n,33,n,n,n,17,n,n,n,7,n,n,n
2025-07-26 06:30:00,43,n,n,n,26,n,n,n,19,n,n,n,66,n,n,n,29,n,n,n,17,n,n,n,42,n,n,n,24,n,n,n,17,n,n,n,31,n,n,n,14,n,n,n,11,n,n,n
2025-07-26 07:30:00,43,n,n,n,30,n,n,n,14,n,n,n,63,n,n,n,n,n,n,n,17,n,n,n,46,n,n,n,29,n,n,n,16,n,n,n,20,n,n,n,2,n,n,n,11,n,n,n
2025-07-26 08:30:00,41,n,n,n,26,n,n,n,16,n,n,n,56,n,n,n,24,n,n,n,11,n,n,n,26,n,n,n,31,n,n,n,15,n,n,n,30,n,n,n,6,n,n,n,13,n,n,n
2025-07-26 09:30:00,50,n,n,n,29,n,n,n,14,n,n,n,54,n,n,n,17,n,n,n,14,n,n,n,31,n,n,n,28,n,n,n,9,n,n,n,25,n,n,n,9,n,n,n,11,n,n,n
2025-07-26 10:30:00,41,n,n,n,18,n,n,n,8,n,n,n,41,n,n,n,19,n,n,n,14,n,n,n,31,n,n,n,28,n,n,n,9,n,n,n,23,n,n,n,7,n,n,n,9,n,n,n
2025-07-26 11:30:00,38,n,n,n,19,n,n,n,17,n,n,n,43,n,n,n,16,n,n,n,16,n,n,n,41,n,n,n,29,n,n,n,7,n,n,n,27,n,n,n,9,n,n,n,8,n,n,n
2025-07-26 12:00:00,n,n,42,VM,n,n,23.9,VM,n,n,11.6,VM,n,n,53.2,VM,n,n,23.4,VM,n,n,14.8,VM,n,n,38.9,VM,n,n,29,VM,n,n,14.7,VM,n,n,33.3,VM,n,n,14,VM,n,n,10.7,VM
2025-07-26 12:30:00,42,n,n,n,23,n,n,n,7,n,n,n,39,n,n,n,20,n,n,n,11,n,n,n,37,n,n,n,30,n,n,n,8,n,n,n,29,n,n,n,14,n,n,n,8,n,n,n
2025-07-26 13:30:00,36,n,n,n,21,n,n,n,7,n,n,n,52,n,n,n,23,n,n,n,12,n,n,n,36,n,n,n,28,n,n,n,11,n,n,n,30,n,n,n,13,n,n,n,7,n,n,n
2025-07-26 14:30:00,50,n,n,n,21,n,n,n,7,n,n,n,63,n,n,n,27,n,n,n,17,n,n,n,35,n,n,n,24,n,n,n,11,n,n,n,38,n,n,n,13,n,n,n,14,n,n,n
2025-07-26 15:30:00,43,n,n,n,25,n,n,n,8,n,n,n,56,n,n,n,20,n,n,n,17,n,n,n,47,n,n,n,29,n,n,n,9,n,n,n,35,n,n,n,18,n,n,n,9,n,n,n
2025-07-26 16:30:00,49,n,n,n,28,n,n,n,13,n,n,n,63,n,n,n,28,n,n,n,12,n,n,n,49,n,n,n,34,n,n,n,24,n,n,n,38,n,n,n,12,n,n,n,8,n,n,n
2025-07-26 17:30:00,50,n,n,n,28,n,n,n,13,n,n,n,68,n,n,n,29,n,n,n,18,n,n,n,52,n,n,n,39,n,n,n,19,n,n,n,36,n,n,n,20,n,n,n,11,n,n,n
2025-07-26 18:30:00,57,n,n,n,31,n,n,n,13,n,n,n,77,n,n,n,30,n,n,n,16,n,n,n,65,n,n,n,45,n,n,n,19,n,n,n,39,n,n,n,19,n,n,n,13,n,n,n
2025-07-26 19:30:00,49,n,n,n,28,n,n,n,14,n,n,n,67,n,n,n,30,n,n,n,16,n,n,n,55,n,n,n,44,n,n,n,21,n,n,n,36,n,n,n,19,n,n,n,8,n,n,n
2025-07-26 20:30:00,39,n,n,n,21,n,n,n,12,n,n,n,62,n,n,n,29,n,n,n,18,n,n,n,53,n,n,n,30,n,n,n,17,n,n,n,45,n,n,n,19,n,n,n,13,n,n,n
2025-07-26 21:30:00,51,n,n,n,28,n,n,n,13,n,n,n,44,n,n,n,23,n,n,n,12,n,n,n,39,n,n,n,31,n,n,n,12,n,n,n,53,n,n,n,17,n,n,n,14,n,n,n
2025-07-26 22:30:00,43,n,n,n,27,n,n,n,8,n,n,n,73,n,n,n,35,n,n,n,20,n,n,n,47,n,n,n,34,n,n,n,21,n,n,n,45,n,n,n,25,n,n,n,12,n,n,n
2025-07-26 23:30:00,57,n,n,n,35,n,n,n,18,n,n,n,75,n,n,n,38,n,n,n,22,n,n,n,47,n,n,n,39,n,n,n,21,n,n,n,57,n,n,n,35,n,n,n,23,n,n,n
2025-07-27 00:30:00,69,n,n,n,34,n,n,n,18,n,n,n,77,n,n,n,38,n,n,n,23,n,n,n,38,n,n,n,33,n,n,n,19,n,n,n,47,n,n,n,24,n,n,n,17,n,n,n
2025-07-27 01:30:00,48,n,n,n,29,n,n,n,17,n,n,n,68,n,n,n,33,n,n,n,24,n,n,n,39,n,n,n,36,n,n,n,21,n,n,n,47,n,n,n,24,n,n,n,17,n,n,n
2025-07-27 02:30:00,50,n,n,n,28,n,n,n,16,n,n,n,63,n,n,n,35,n,n,n,19,n,n,n,38,n,n,n,30,n,n,n,20,n,n,n,51,n,n,n,30,n,n,n,16,n,n,n
2025-07-27 03:30:00,50,n,n,n,33,n,n,n,16,n,n,n,60,n,n,n,36,n,n,n,18,n,n,n,31,n,n,n,28,n,n,n,20,n,n,n,39,n,n,n,22,n,n,n,12,n,n,n
2025-07-27 04:30:00,53,n,n,n,31,n,n,n,17,n,n,n,65,n,n,n,36,n,n,n,19,n,n,n,39,n,n,n,29,n,n,n,18,n,n,n,34,n,n,n,14,n,n,n,12,n,n,n
2025-07-27 05:30:00,58,n,n,n,32,n,n,n,22,n,n,n,71,n,n,n,38,n,n,n,29,n,n,n,38,n,n,n,28,n,n,n,18,n,n,n,35,n,n,n,16,n,n,n,16,n,n,n
2025-07-27 06:30:00,41,n,n,n,31,n,n,n,14,n,n,n,72,n,n,n,29,n,n,n,23,n,n,n,44,n,n,n,34,n,n,n,17,n,n,n,27,n,n,n,7,n,n,n,3,n,n,n
2025-07-27 07:30:00,33,n,n,n,20,n,n,n,12,n,n,n,46,n,n,n,23,n,n,n,17,n,n,n,29,n,n,n,20,n,n,n,12,n,n,n,18,n,n,n,3,n,n,n,13,n,n,n
2025-07-27 08:30:00,32,n,n,n,17,n,n,n,12,n,n,n,39,n,n,n,16,n,n,n,11,n,n,n,29,n,n,n,20,n,n,n,11,n,n,n,19,n,n,n,n,n,n,n,8,n,n,n
2025-07-27 09:30:00,40,n,n,n,17,n,n,n,8,n,n,n,n,n,n,n,14,n,n,n,13,n,n,n,25,n,n,n,22,n,n,n,10,n,n,n,20,n,n,n,n,n,n,n,6,n,n,n
2025-07-27 10:30:00,34,n,n,n,20,n,n,n,6,n,n,n,37,n,n,n,12,n,n,n,14,n,n,n,39,n,n,n,19,n,n,n,7,n,n,n,22,n,n,n,n,n,n,n,5,n,n,n
2025-07-27 11:30:00,39,n,n,n,21,n,n,n,7,n,n,n,36,n,n,n,13,n,n,n,12,n,n,n,29,n,n,n,19,n,n,n,8,n,n,n,24,n,n,n,n,n,n,n,5,n,n,n
2025-07-27 12:00:00,n,n,50.8,VM,n,n,26.3,VM,n,n,13,VM,n,n,60.5,VM,n,n,26.8,VM,n,n,16.3,VM,n,n,40.8,VM,n,n,30.1,VM,n,n,15.7,VM,n,n,32.3,VM,n,n,n,n,n,n,10.6,VM
2025-07-27 12:30:00,42,n,n,n,20,n,n,n,8,n,n,n,44,n,n,n,19,n,n,n,14,n,n,n,33,n,n,n,22,n,n,n,10,n,n,n,24,n,n,n,n,n,n,n,5,n,n,n
2025-07-27 13:30:00,66,n,n,n,24,n,n,n,11,n,n,n,42,n,n,n,20,n,n,n,12,n,n,n,32,n,n,n,20,n,n,n,10,n,n,n,19,n,n,n,n,n,n,n,8,n,n,n
2025-07-27 14:30:00,29,n,n,n,20,n,n,n,9,n,n,n,n,n,n,n,20,n,n,n,12,n,n,n,30,n,n,n,n,n,n,n,n,n,n,n,25,n,n,n,n,n,n,n,7,n,n,n
2025-07-27 15:30:00,42,n,n,n,24,n,n,n,16,n,n,n,50,n,n,n,16,n,n,n,11,n,n,n,28,n,n,n,14,n,n,n,7,n,n,n,24,n,n,n,n,n,n,n,7,n,n,n
2025-07-27 16:30:00,56,n,n,n,23,n,n,n,9,n,n,n,57,n,n,n,27,n,n,n,9,n,n,n,23,n,n,n,27,n,n,n,9,n,n,n,23,n,n,n,n,n,n,n,7,n,n,n
2025-07-27 17:30:00,52,n,n,n,21,n,n,n,12,n,n,n,113,n,n,n,44,n,n,n,18,n,n,n,57,n,n,n,42,n,n,n,15,n,n,n,40,n,n,n,n,n,n,n,6,n,n,n
2025-07-27 18:30:00,58,n,n,n,24,n,n,n,8,n,n,n,58,n,n,n,24,n,n,n,13,n,n,n,96,n,n,n,69,n,n,n,35,n,n,n,47,n,n,n,n,n,n,n,11,n,n,n
2025-07-27 19:30:00,67,n,n,n,29,n,n,n,13,n,n,n,75,n,n,n,39,n,n,n,17,n,n,n,76,n,n,n,46,n,n,n,21,n,n,n,24,n,n,n,n,n,n,n,16,n,n,n
2025-07-27 20:30:00,50,n,n,n,26,n,n,n,12,n,n,n,58,n,n,n,22,n,n,n,13,n,n,n,59,n,n,n,42,n,n,n,22,n,n,n,46,n,n,n,n,n,n,n,14,n,n,n
2025-07-27 21:30:00,80,n,n,n,32,n,n,n,12,n,n,n,84,n,n,n,34,n,n,n,18,n,n,n,48,n,n,n,33,n,n,n,14,n,n,n,44,n,n,n,n,n,n,n,14,n,n,n
2025-07-27 22:30:00,79,n,n,n,42,n,n,n,20,n,n,n,60,n,n,n,29,n,n,n,16,n,n,n,37,n,n,n,28,n,n,n,16,n,n,n,35,n,n,n,n,n,n,n,17,n,n,n
2025-07-27 23:30:00,50,n,n,n,34,n,n,n,17,n,n,n,57,n,n,n,25,n,n,n,17,n,n,n,42,n,n,n,31,n,n,n,21,n,n,n,41,n,n,n,n,n,n,n,13,n,n,n
2025-07-28 00:30:00,51,n,n,n,27,n,n,n,14,n,n,n,41,n,n,n,n,n,n,n,n,n,n,n,27,n,n,n,28,n,n,n,11,n,n,n,40,n,n,n,n,n,n,n,9,n,n,n
2025-07-28 01:30:00,55,n,n,n,28,n,n,n,16,n,n,n,50,n,n,n,22,n,n,n,18,n,n,n,25,n,n,n,22,n,n,n,13,n,n,n,42,n,n,n,n,n,n,n,14,n,n,n
2025-07-28 02:30:00,46,n,n,n,36,n,n,n,18,n,n,n,42,n,n,n,22,n,n,n,13,n,n,n,24,n,n,n,22,n,n,n,13,n,n,n,39,n,n,n,n,n,n,n,19,n,n,n
2025-07-28 03:30:00,54,n,n,n,20,n,n,n,9,n,n,n,52,n,n,n,19,n,n,n,13,n,n,n,22,n,n,n,23,n,n,n,9,n,n,n,36,n,n,n,n,n,n,n,12,n,n,n
2025-07-28 04:30:00,51,n,n,n,28,n,n,n,13,n,n,n,55,n,n,n,24,n,n,n,13,n,n,n,28,n,n,n,24,n,n,n,16,n,n,n,18,n,n,n,n,n,n,n,8,n,n,n
2025-07-28 05:30:00,43,n,n,n,24,n,n,n,13,n,n,n,57,n,n,n,24,n,n,n,19,n,n,n,34,n,n,n,31,n,n,n,12,n,n,n,25,n,n,n,n,n,n,n,6,n,n,n
2025-07-28 06:30:00,57,n,n,n,30,n,n,n,14,n,n,n,87,n,n,n,23,n,n,n,16,n,n,n,58,n,n,n,38,n,n,n,18,n,n,n,23,n,n,n,n,n,n,n,7,n,n,n
2025-07-28 07:30:00,72,n,n,n,34,n,n,n,16,n,n,n,93,n,n,n,29,n,n,n,14,n,n,n,70,n,n,n,44,n,n,n,20,n,n,n,25,n,n,n,n,n,n,n,8,n,n,n
2025-07-28 08:30:00,90,n,n,n,32,n,n,n,19,n,n,n,91,n,n,n,23,n,n,n,11,n,n,n,48,n,n,n,19,n,n,n,10,n,n,n,25,n,n,n,2,n,n,n,6,n,n,n
2025-07-28 09:30:00,82,n,n,n,31,n,n,n,12,n,n,n,81,n,n,n,20,n,n,n,13,n,n,n,40,n,n,n,25,n,n,n,8,n,n,n,29,n,n,n,13,n,n,n,3,n,n,n
2025-07-28 10:30:00,88,n,n,n,29,n,n,n,9,n,n,n,74,n,n,n,25,n,n,n,8,n,n,n,49,n,n,n,28,n,n,n,12,n,n,n,39,n,n,n,14,n,n,n,5,n,n,n
2025-07-28 11:30:00,88,n,n,n,27,n,n,n,12,n,n,n,110,n,n,n,30,n,n,n,16,n,n,n,61,n,n,n,28,n,n,n,9,n,n,n,67,n,n,n,25,n,n,n,7,n,n,n
2025-07-28 12:00:00,n,n,79.6,VM,n,n,36,VM,n,n,17,VM,n,n,83,VM,n,n,30,VM,n,n,15,VM,n,n,57.8,VM,n,n,36.7,VM,n,n,16.1,VM,n,n,46,VM,n,n,n,n,n,n,9.3,VM
2025-07-28 12:30:00,167,n,n,n,93,n,n,n,85,n,n,n,65,n,n,n,1,n,n,n,11,n,n,n,55,n,n,n,24,n,n,n,9,n,n,n,39,n,n,n,19,n,n,n,8,n,n,n
2025-07-28 13:30:00,61,n,n,n,30,n,n,n,13,n,n,n,48,n,n,n,17,n,n,n,11,n,n,n,50,n,n,n,24,n,n,n,6,n,n,n,55,n,n,n,27,n,n,n,6,n,n,n
2025-07-28 14:30:00,52,n,n,n,26,n,n,n,16,n,n,n,n,n,n,n,22,n,n,n,13,n,n,n,44,n,n,n,n,n,n,n,n,n,n,n,n,n,n,n,n,n,n,n,n,n,n,n
2025-07-28 15:30:00,59,n,n,n,30,n,n,n,13,n,n,n,53,n,n,n,25,n,n,n,16,n,n,n,37,n,n,n,20,n,n,n,4,n,n,n,28,n,n,n,20,n,n,n,8,n,n,n
2025-07-28 16:30:00,104,n,n,n,42,n,n,n,16,n,n,n,84,n,n,n,36,n,n,n,n,n,n,n,103,n,n,n,78,n,n,n,51,n,n,n,40,n,n,n,11,n,n,n,7,n,n,n
2025-07-28 17:30:00,126,n,n,n,50,n,n,n,12,n,n,n,176,n,n,n,78,n,n,n,18,n,n,n,129,n,n,n,63,n,n,n,17,n,n,n,86,n,n,n,42,n,n,n,7,n,n,n
2025-07-28 18:30:00,62,n,n,n,24,n,n,n,11,n,n,n,138,n,n,n,58,n,n,n,22,n,n,n,114,n,n,n,64,n,n,n,20,n,n,n,125,n,n,n,47,n,n,n,9,n,n,n
2025-07-28 19:30:00,93,n,n,n,38,n,n,n,12,n,n,n,144,n,n,n,59,n,n,n,19,n,n,n,93,n,n,n,64,n,n,n,23,n,n,n,38,n,n,n,24,n,n,n,6,n,n,n
2025-07-28 20:30:00,95,n,n,n,46,n,n,n,18,n,n,n,101,n,n,n,34,n,n,n,19,n,n,n,79,n,n,n,44,n,n,n,16,n,n,n,53,n,n,n,20,n,n,n,11,n,n,n
2025-07-28 21:30:00,129,n,n,n,50,n,n,n,16,n,n,n,97,n,n,n,28,n,n,n,11,n,n,n,64,n,n,n,34,n,n,n,18,n,n,n,66,n,n,n,29,n,n,n,13,n,n,n
2025-07-28 22:30:00,100,n,n,n,47,n,n,n,13,n,n,n,83,n,n,n,35,n,n,n,18,n,n,n,64,n,n,n,53,n,n,n,30,n,n,n,57,n,n,n,31,n,n,n,17,n,n,n
2025-07-28 23:30:00,86,n,n,n,41,n,n,n,17,n,n,n,87,n,n,n,36,n,n,n,18,n,n,n,69,n,n,n,44,n,n,n,26,n,n,n,63,n,n,n,30,n,n,n,17,n,n,n
2025-07-29 00:30:00,92,n,n,n,42,n,n,n,18,n,n,n,94,n,n,n,n,n,n,n,17,n,n,n,68,n,n,n,48,n,n,n,35,n,n,n,59,n,n,n,36,n,n,n,16,n,n,n
2025-07-29 01:30:00,96,n,n,n,45,n,n,n,14,n,n,n,73,n,n,n,33,n,n,n,20,n,n,n,47,n,n,n,34,n,n,n,19,n,n,n,50,n,n,n,25,n,n,n,17,n,n,n
2025-07-29 02:30:00,134,n,n,n,63,n,n,n,17,n,n,n,119,n,n,n,53,n,n,n,38,n,n,n,55,n,n,n,44,n,n,n,21,n,n,n,63,n,n,n,33,n,n,n,17,n,n,n
2025-07-29 03:30:00,106,n,n,n,53,n,n,n,25,n,n,n,86,n,n,n,40,n,n,n,27,n,n,n,60,n,n,n,42,n,n,n,28,n,n,n,61,n,n,n,28,n,n,n,13,n,n,n
2025-07-29 04:30:00,73,n,n,n,34,n,n,n,18,n,n,n,87,n,n,n,40,n,n,n,29,n,n,n,63,n,n,n,44,n,n,n,22,n,n,n,64,n,n,n,31,n,n,n,17,n,n,n
2025-07-29 05:30:00,101,n,n,n,51,n,n,n,24,n,n,n,n,n,n,n,42,n,n,n,22,n,n,n,77,n,n,n,n,n,n,n,n,n,n,n,62,n,n,n,29,n,n,n,16,n,n,n
2025-07-29 06:30:00,127,n,n,n,62,n,n,n,22,n,n,n,128,n,n,n,55,n,n,n,27,n,n,n,86,n,n,n,45,n,n,n,19,n,n,n,79,n,n,n,41,n,n,n,19,n,n,n
2025-07-29 07:30:00,115,n,n,n,59,n,n,n,23,n,n,n,129,n,n,n,52,n,n,n,24,n,n,n,73,n,n,n,45,n,n,n,27,n,n,n,n,n,n,n,n,n,n,n,n,n,n,n
2025-07-29 08:30:00,220,n,n,n,72,n,n,n,16,n,n,n,137,n,n,n,36,n,n,n,20,n,n,n,137,n,n,n,69,n,n,n,22,n,n,n,81,n,n,n,30,n,n,n,12,n,n,n
2025-07-29 09:30:00,230,n,n,n,68,n,n,n,9,n,n,n,103,n,n,n,33,n,n,n,13,n,n,n,174,n,n,n,68,n,n,n,11,n,n,n,73,n,n,n,25,n,n,n,9,n,n,n
2025-07-29 10:30:00,131,n,n,n,34,n,n,n,12,n,n,n,68,n,n,n,25,n,n,n,12,n,n,n,141,n,n,n,63,n,n,n,17,n,n,n,66,n,n,n,20,n,n,n,6,n,n,n
2025-07-29 11:30:00,123,n,n,n,41,n,n,n,13,n,n,n,87,n,n,n,30,n,n,n,12,n,n,n,131,n,n,n,59,n,n,n,14,n,n,n,81,n,n,n,33,n,n,n,6,n,n,n
2025-07-29 12:00:00,n,n,125.6,VM,n,n,50.1,VM,n,n,15.6,VM,n,n,118.3,VM,n,n,43.4,VM,n,n,20.4,VM,n,n,97.1,VM,n,n,52.8,VM,n,n,22,VM,n,n,76.6,VM,n,n,34.1,VM,n,n,14,VM
2025-07-29 12:30:00,100,n,n,n,42,n,n,n,11,n,n,n,91,n,n,n,18,n,n,n,17,n,n,n,109,n,n,n,48,n,n,n,16,n,n,n,64,n,n,n,24,n,n,n,7,n,n,n
2025-07-29 13:30:00,93,n,n,n,40,n,n,n,12,n,n,n,113,n,n,n,38,n,n,n,13,n,n,n,94,n,n,n,53,n,n,n,18,n,n,n,50,n,n,n,24,n,n,n,5,n,n,n
2025-07-29 14:30:00,105,n,n,n,44,n,n,n,16,n,n,n,102,n,n,n,36,n,n,n,19,n,n,n,96,n,n,n,48,n,n,n,19,n,n,n,57,n,n,n,25,n,n,n,12,n,n,n
2025-07-29 15:30:00,87,n,n,n,37,n,n,n,7,n,n,n,n,n,n,n,27,n,n,n,13,n,n,n,110,n,n,n,55,n,n,n,14,n,n,n,56,n,n,n,23,n,n,n,11,n,n,n
2025-07-29 16:30:00,111,n,n,n,40,n,n,n,8,n,n,n,98,n,n,n,38,n,n,n,12,n,n,n,103,n,n,n,45,n,n,n,21,n,n,n,57,n,n,n,27,n,n,n,14,n,n,n
2025-07-29 17:30:00,117,n,n,n,52,n,n,n,13,n,n,n,196,n,n,n,89,n,n,n,19,n,n,n,164,n,n,n,110,n,n,n,54,n,n,n,66,n,n,n,34,n,n,n,9,n,n,n
2025-07-29 18:30:00,101,n,n,n,39,n,n,n,7,n,n,n,108,n,n,n,44,n,n,n,18,n,n,n,145,n,n,n,88,n,n,n,40,n,n,n,100,n,n,n,50,n,n,n,16,n,n,n
2025-07-29 19:30:00,210,n,n,n,72,n,n,n,11,n,n,n,108,n,n,n,38,n,n,n,16,n,n,n,136,n,n,n,64,n,n,n,24,n,n,n,130,n,n,n,55,n,n,n,17,n,n,n
2025-07-29 20:30:00,137,n,n,n,52,n,n,n,13,n,n,n,225,n,n,n,70,n,n,n,25,n,n,n,81,n,n,n,41,n,n,n,12,n,n,n,141,n,n,n,67,n,n,n,22,n,n,n
2025-07-29 21:30:00,141,n,n,n,57,n,n,n,18,n,n,n,186,n,n,n,66,n,n,n,30,n,n,n,61,n,n,n,31,n,n,n,18,n,n,n,133,n,n,n,48,n,n,n,20,n,n,n
2025-07-29 22:30:00,138,n,n,n,54,n,n,n,22,n,n,n,151,n,n,n,53,n,n,n,23,n,n,n,54,n,n,n,36,n,n,n,12,n,n,n,91,n,n,n,41,n,n,n,22,n,n,n
2025-07-29 23:30:00,127,n,n,n,49,n,n,n,25,n,n,n,113,n,n,n,42,n,n,n,24,n,n,n,65,n,n,n,35,n,n,n,22,n,n,n,77,n,n,n,35,n,n,n,19,n,n,n
2025-07-30 00:30:00,156,n,n,n,59,n,n,n,20,n,n,n,95,n,n,n,38,n,n,n,20,n,n,n,66,n,n,n,41,n,n,n,21,n,n,n,77,n,n,n,33,n,n,n,17,n,n,n
2025-07-30 01:30:00,129,n,n,n,52,n,n,n,24,n,n,n,98,n,n,n,46,n,n,n,22,n,n,n,57,n,n,n,38,n,n,n,18,n,n,n,73,n,n,n,29,n,n,n,17,n,n,n
2025-07-30 02:30:00,138,n,n,n,49,n,n,n,19,n,n,n,94,n,n,n,34,n,n,n,22,n,n,n,42,n,n,n,28,n,n,n,15,n,n,n,64,n,n,n,25,n,n,n,16,n,n,n
2025-07-30 03:30:00,98,n,n,n,47,n,n,n,16,n,n,n,84,n,n,n,38,n,n,n,25,n,n,n,39,n,n,n,33,n,n,n,17,n,n,n,50,n,n,n,30,n,n,n,24,n,n,n
2025-07-30 04:30:00,66,n,n,n,40,n,n,n,19,n,n,n,80,n,n,n,36,n,n,n,22,n,n,n,42,n,n,n,36,n,n,n,17,n,n,n,41,n,n,n,16,n,n,n,6,n,n,n
2025-07-30 05:30:00,43,n,n,n,27,n,n,n,16,n,n,n,69,n,n,n,30,n,n,n,23,n,n,n,54,n,n,n,39,n,n,n,22,n,n,n,46,n,n,n,28,n,n,n,18,n,n,n
2025-07-30 06:30:00,72,n,n,n,32,n,n,n,14,n,n,n,120,n,n,n,42,n,n,n,23,n,n,n,54,n,n,n,31,n,n,n,15,n,n,n,59,n,n,n,25,n,n,n,14,n,n,n
2025-07-30 07:30:00,56,n,n,n,31,n,n,n,13,n,n,n,86,n,n,n,n,n,n,n,18,n,n,n,62,n,n,n,47,n,n,n,19,n,n,n,63,n,n,n,40,n,n,n,20,n,n,n
2025-07-30 08:30:00,57,n,n,n,37,n,n,n,19,n,n,n,n,n,n,n,n,n,n,n,n,n,n,n,68,n,n,n,44,n,n,n,20,n,n,n,50,n,n,n,30,n,n,n,19,n,n,n
2025-07-30 09:30:00,57,n,n,n,32,n,n,n,19,n,n,n,63,n,n,n,40,n,n,n,18,n,n,n,64,n,n,n,47,n,n,n,25,n,n,n,45,n,n,n,24,n,n,n,20,n,n,n
2025-07-30 10:30:00,56,n,n,n,36,n,n,n,16,n,n,n,71,n,n,n,35,n,n,n,24,n,n,n,56,n,n,n,39,n,n,n,28,n,n,n,46,n,n,n,29,n,n,n,18,n,n,n
2025-07-30 11:30:00,51,n,n,n,36,n,n,n,14,n,n,n,70,n,n,n,29,n,n,n,20,n,n,n,57,n,n,n,30,n,n,n,19,n,n,n,39,n,n,n,29,n,n,n,13,n,n,n
2025-07-30 12:00:00,n,n,72.5,VM,n,n,35.8,VM,n,n,15.2,VM,n,n,78.6,VM,n,n,34.2,VM,n,n,18.8,VM,n,n,59,VM,n,n,38.9,VM,n,n,19.5,VM,n,n,51.7,VM,n,n,28.2,VM,n,n,15.7,VM
2025-07-30 12:30:00,61,n,n,n,28,n,n,n,18,n,n,n,73,n,n,n,27,n,n,n,16,n,n,n,50,n,n,n,29,n,n,n,19,n,n,n,38,n,n,n,25,n,n,n,9,n,n,n
2025-07-30 13:30:00,61,n,n,n,27,n,n,n,14,n,n,n,63,n,n,n,30,n,n,n,16,n,n,n,48,n,n,n,34,n,n,n,20,n,n,n,39,n,n,n,24,n,n,n,13,n,n,n
2025-07-30 14:30:00,73,n,n,n,33,n,n,n,13,n,n,n,70,n,n,n,30,n,n,n,14,n,n,n,53,n,n,n,34,n,n,n,19,n,n,n,44,n,n,n,28,n,n,n,12,n,n,n
2025-07-30 15:30:00,77,n,n,n,36,n,n,n,16,n,n,n,83,n,n,n,34,n,n,n,12,n,n,n,63,n,n,n,36,n,n,n,21,n,n,n,38,n,n,n,22,n,n,n,9,n,n,n
2025-07-30 16:30:00,79,n,n,n,31,n,n,n,13,n,n,n,81,n,n,n,29,n,n,n,14,n,n,n,63,n,n,n,41,n,n,n,20,n,n,n,57,n,n,n,31,n,n,n,8,n,n,n
2025-07-30 17:30:00,81,n,n,n,37,n,n,n,8,n,n,n,90,n,n,n,41,n,n,n,22,n,n,n,87,n,n,n,61,n,n,n,15,n,n,n,42,n,n,n,25,n,n,n,16,n,n,n
2025-07-30 18:30:00,82,n,n,n,42,n,n,n,14,n,n,n,83,n,n,n,42,n,n,n,18,n,n,n,108,n,n,n,57,n,n,n,22,n,n,n,51,n,n,n,24,n,n,n,16,n,n,n
2025-07-30 19:30:00,42,n,n,n,26,n,n,n,9,n,n,n,n,n,n,n,n,n,n,n,n,n,n,n,73,n,n,n,45,n,n,n,23,n,n,n,45,n,n,n,22,n,n,n,16,n,n,n
2025-07-30 20:30:00,36,n,n,n,24,n,n,n,14,n,n,n,60,n,n,n,28,n,n,n,18,n,n,n,57,n,n,n,36,n,n,n,16,n,n,n,44,n,n,n,23,n,n,n,12,n,n,n
2025-07-30 21:30:00,44,n,n,n,28,n,n,n,9,n,n,n,47,n,n,n,23,n,n,n,16,n,n,n,53,n,n,n,38,n,n,n,18,n,n,n,48,n,n,n,29,n,n,n,17,n,n,n
2025-07-30 22:30:00,76,n,n,n,41,n,n,n,9,n,n,n,n,n,n,n,36,n,n,n,13,n,n,n,53,n,n,n,35,n,n,n,24,n,n,n,75,n,n,n,52,n,n,n,28,n,n,n
2025-07-30 23:30:00,48,n,n,n,27,n,n,n,19,n,n,n,71,n,n,n,31,n,n,n,17,n,n,n,47,n,n,n,34,n,n,n,16,n,n,n,66,n,n,n,33,n,n,n,18,n,n,n
2025-07-31 00:30:00,71,n,n,n,39,n,n,n,27,n,n,n,66,n,n,n,36,n,n,n,23,n,n,n,41,n,n,n,31,n,n,n,16,n,n,n,57,n,n,n,28,n,n,n,14,n,n,n
2025-07-31 01:30:00,56,n,n,n,32,n,n,n,12,n,n,n,67,n,n,n,34,n,n,n,18,n,n,n,31,n,n,n,24,n,n,n,12,n,n,n,46,n,n,n,31,n,n,n,14,n,n,n
2025-07-31 02:30:00,53,n,n,n,36,n,n,n,16,n,n,n,92,n,n,n,44,n,n,n,24,n,n,n,36,n,n,n,28,n,n,n,10,n,n,n,52,n,n,n,31,n,n,n,13,n,n,n
2025-07-31 03:30:00,52,n,n,n,32,n,n,n,14,n,n,n,58,n,n,n,34,n,n,n,17,n,n,n,32,n,n,n,25,n,n,n,12,n,n,n,42,n,n,n,27,n,n,n,14,n,n,n
2025-07-31 04:30:00,50,n,n,n,29,n,n,n,18,n,n,n,57,n,n,n,28,n,n,n,22,n,n,n,28,n,n,n,28,n,n,n,19,n,n,n,41,n,n,n,30,n,n,n,14,n,n,n
2025-07-31 05:30:00,61,n,n,n,29,n,n,n,14,n,n,n,63,n,n,n,31,n,n,n,18,n,n,n,38,n,n,n,30,n,n,n,16,n,n,n,47,n,n,n,24,n,n,n,18,n,n,n
2025-07-31 06:30:00,67,n,n,n,29,n,n,n,13,n,n,n,90,n,n,n,40,n,n,n,18,n,n,n,41,n,n,n,31,n,n,n,14,n,n,n,62,n,n,n,35,n,n,n,12,n,n,n
2025-07-31 07:30:00,62,n,n,n,34,n,n,n,9,n,n,n,99,n,n,n,40,n,n,n,22,n,n,n,77,n,n,n,52,n,n,n,18,n,n,n,92,n,n,n,50,n,n,n,18,n,n,n
2025-07-31 08:30:00,46,n,n,n,28,n,n,n,16,n,n,n,66,n,n,n,33,n,n,n,14,n,n,n,121,n,n,n,58,n,n,n,19,n,n,n,57,n,n,n,30,n,n,n,11,n,n,n
2025-07-31 09:30:00,40,n,n,n,24,n,n,n,11,n,n,n,60,n,n,n,25,n,n,n,13,n,n,n,57,n,n,n,34,n,n,n,17,n,n,n,39,n,n,n,22,n,n,n,8,n,n,n
