2023-12-01 00:30:00,"1,1","4,5","0,0","20,7","84,4","907,9"
2023-12-01 01:30:00,"1,8","60,0","0,0","21,7","76,9","907,4"
2023-12-01 02:30:00,"1,6","42,2","0,0","21,5","75,1","907,3"
2023-12-01 03:30:00,"1,4","11,4","0,0","20,3","84,2","907,1"
2023-12-01 04:30:00,"1,7","52,4",n,"19,8","87,4","907,7"
2023-12-01 05:30:00,"3,7","57,8","0,0","20,4","80,9","908,1"
2023-12-01 06:30:00,"1,9","73,5","0,0","21,3","77,9","908,9"
2023-12-01 07:30:00,"4,0","72,6","0,0","22,2","75,1","909,3"
2023-12-01 08:30:00,"4,7","77,8","0,0","23,8","69,3","909,7"
2023-12-01 09:30:00,"4,5","67,8","0,0","25,4","63,3","909,7"
2023-12-01 10:30:00,"4,0","52,8","0,0","26,8","57,7","909,2"
2023-12-01 11:30:00,"3,2","75,1","0,0","28,1","53,3","908,7"
2023-12-01 12:30:00,"4,2","81,6","0,0","29,2","48,6","907,8"
2023-12-01 13:30:00,"3,5","49,2","0,0","30,0","44,8","906,9"
2023-12-01 14:30:00,"4,0","83,1","0,0","29,9","47,3","905,9"
2023-12-01 15:30:00,"8,7","40,5","0,0","24,9","61,7","905,6"
2023-12-01 16:30:00,"5,7","73,1","1,4","20,9","80,0","906,3"
2023-12-01 17:30:00,"1,3","254,6","0,8","20,4","85,9","907,4"
2023-12-01 18:30:00,"1,5","299,2","0,0","20,8","85,0","906,6"
2023-12-01 19:30:00,"1,7","216,9","0,0","20,4","86,9","907,5"
2023-12-01 20:30:00,"1,7","248,8","0,1","20,2","87,4","908,2"
2023-12-01 21:30:00,"3,5","296,6","1,1","21,3","80,7","909,1"
2023-12-01 22:30:00,"1,8","34,5","4,0","21,2","79,8","909,1"
2023-12-01 23:30:00,"2,1","10,0","3,3","20,9","82,3","908,7"
2023-12-02 00:30:00,"3,6","46,7","1,8","20,6","83,8","907,1"
2023-12-02 01:30:00,"2,4","31,8","0,0","20,6","84,1","906,8"
2023-12-02 02:30:00,"1,7","35,6","0,0","20,7","82,5","906,6"
2023-12-02 03:30:00,"1,1","217,2","0,0","20,0","88,3","906,6"
2023-12-02 04:30:00,"0,9","253,2","0,0","19,6","89,3","907,2"
2023-12-02 05:30:00,"0,7","285,9","0,0","19,6","89,6","907,6"
2023-12-02 06:30:00,"1,7","83,2","0,0","20,0","89,0","908,5"
2023-12-02 07:30:00,"1,3","49,9","0,0","20,7","84,2","908,9"
2023-12-02 08:30:00,"1,9","68,4","0,0","21,7","82,1","909,3"
2023-12-02 09:30:00,"3,0","67,6","0,0","22,3","81,1","909,5"
2023-12-02 10:30:00,"4,7","71,4","0,0","23,1","75,3","909,2"
2023-12-02 11:30:00,"4,7","67,3","0,0","24,1","71,9","908,5"
2023-12-02 12:30:00,"5,0","60,5","0,0","24,9","68,7","907,7"
2023-12-02 13:30:00,"4,7","41,6","0,0","25,3","66,5","906,8"
2023-12-02 14:30:00,"2,8","53,6","0,0","25,0","69,2","906,1"
2023-12-02 15:30:00,"2,6","119,1","0,0","25,2","70,5","905,9"
2023-12-02 16:30:00,"1,8","164,6","0,0","24,0","77,2","906,0"
2023-12-02 17:30:00,"1,7","278,3","0,1","23,7","78,3","906,2"
2023-12-02 18:30:00,"2,0","24,3","0,0","23,0","76,0","906,8"
2023-12-02 19:30:00,"3,1","59,7","0,2","21,6","84,9","907,1"
2023-12-02 20:30:00,"3,9","37,6","0,0","21,5","79,0","907,5"
2023-12-02 21:30:00,"1,4","6,4","0,0","22,1","76,3","907,8"
2023-12-02 22:30:00,"0,9","66,4","0,0","21,2","84,1","907,9"
2023-12-02 23:30:00,"1,0","338,8","0,0","21,0","85,8","908,1"
2023-12-03 00:30:00,"1,2","79,0","0,0","20,9","87,9","907,5"
2023-12-03 01:30:00,"0,7","177,7","0,0","21,0","85,4","907,0"
2023-12-03 02:30:00,"2,0","31,7","2,5","20,8","86,8","906,9"
2023-12-03 03:30:00,"2,8","22,0","2,7","20,1","85,1","906,7"
2023-12-03 04:30:00,"1,0","78,6","0,5","19,8","86,7","906,7"
2023-12-03 05:30:00,"3,4","47,5","0,0","20,1","84,6","906,8"
2023-12-03 06:30:00,"4,0","54,0","0,0","20,1","86,2","907,3"
2023-12-03 07:30:00,"4,7","46,3","0,0","20,9","82,2","907,9"
2023-12-03 08:30:00,"6,9","45,8","0,0","21,4","80,2","908,2"
2023-12-03 09:30:00,"6,6","46,5","0,0","22,3","76,2","908,3"
2023-12-03 10:30:00,"5,1","36,7","0,0","23,3","71,5","908,2"
2023-12-03 11:30:00,"5,3","46,4","0,0","25,2","61,6","907,5"
2023-12-03 12:30:00,"3,0","23,1","0,0","26,8","56,7","906,8"
2023-12-03 13:30:00,"3,1","59,0","0,0","27,8","52,8","906,0"
2023-12-03 14:30:00,"2,0","102,7","0,0","27,7","54,9","905,4"
2023-12-03 15:30:00,"2,5","313,7","0,0","26,1","63,0","905,0"
2023-12-03 16:30:00,"1,1","130,9","0,2","24,4","70,6","905,1"
2023-12-03 17:30:00,"1,1","47,5","0,0","25,4","67,2","904,9"
2023-12-03 18:30:00,"0,5","319,8","0,0","24,8","69,5","905,5"
2023-12-03 19:30:00,"1,0","223,7","0,0","24,4","71,8","906,0"
2023-12-03 20:30:00,"0,7","281,3","0,0","23,5","77,4","906,8"
2023-12-03 21:30:00,"0,4","257,6","0,0","24,1","70,2","907,5"
2023-12-03 22:30:00,"0,4","270,7","0,0","24,3","70,5","907,8"
2023-12-03 23:30:00,"1,1","127,8","0,0","23,7","76,3","907,7"
2023-12-04 00:30:00,"0,6","121,6","0,0","22,8","79,6","907,3"
2023-12-04 01:30:00,"1,4","76,5","0,0","23,6","74,2","906,9"
2023-12-04 02:30:00,"4,4","60,8","0,0","22,1","81,8","907,1"
2023-12-04 03:30:00,"4,4","46,6","0,0","22,2","79,4","907,4"
2023-12-04 04:30:00,"3,6","41,6","0,0","21,7","79,0","907,7"
2023-12-04 05:30:00,"2,8","64,3","0,0","21,5","76,6","908,7"
2023-12-04 06:30:00,"3,9","80,3","0,0","21,1","82,7","909,4"
2023-12-04 07:30:00,"3,4","73,1","0,0","22,0","79,3","909,9"
2023-12-04 08:30:00,"2,8","79,3","0,0","23,9","70,7","910,3"
2023-12-04 09:30:00,"3,3","61,9","0,0","25,6","63,4","910,2"
2023-12-04 10:30:00,"3,1","43,2","0,0","27,0","55,5","910,1"
2023-12-04 11:30:00,"4,2","42,1","0,0","27,8","52,4","909,5"
2023-12-04 12:30:00,"4,0","48,9","0,0","28,9","50,1","908,5"
2023-12-04 13:30:00,"3,6","43,6","0,0","29,3","48,3","907,9"
2023-12-04 14:30:00,"3,3","30,5","0,0","29,6","46,5","907,5"
2023-12-04 15:30:00,"8,1","325,3","0,0","26,5","56,7","907,2"
2023-12-04 16:30:00,"5,5","301,1","0,0","24,1","64,0","907,6"
2023-12-04 17:30:00,"2,9","229,4","0,0","23,1","66,1","908,7"
2023-12-04 18:30:00,"1,3","197,1","0,0","22,3","69,8","908,6"
2023-12-04 19:30:00,"1,1","86,3","0,0","22,0","71,9","908,7"
2023-12-04 20:30:00,"1,4","184,0","0,0","22,0","70,6","909,1"
2023-12-04 21:30:00,"1,7","60,9","0,0","21,9","71,5","909,8"
2023-12-04 22:30:00,"1,1","242,9","0,0","21,1","78,9","910,4"
2023-12-04 23:30:00,"1,1","257,6","0,0","20,9","81,0","910,1"
2023-12-05 00:30:00,"1,3","227,1","0,0","20,8","80,7","909,9"
2023-12-05 01:30:00,"1,3","240,3","0,0","20,3","80,9","909,7"
2023-12-05 02:30:00,"1,0","240,8","0,0","20,6","79,5","909,6"
2023-12-05 03:30:00,"1,3","238,6","0,0","19,8","82,7","909,6"
2023-12-05 04:30:00,"1,5","195,5","0,0","20,4","74,6","909,8"
2023-12-05 05:30:00,"0,7","268,3","0,0","20,5","74,4","910,7"
2023-12-05 06:30:00,"1,0","232,2","0,0","22,2","68,8","911,4"
2023-12-05 07:30:00,"1,2","161,4","0,0","23,0","67,4","912,0"
2023-12-05 08:30:00,"1,4","106,1","0,0","24,4","61,6","912,3"
2023-12-05 09:30:00,"2,0","55,0","0,0","25,7","55,5","912,4"
2023-12-05 10:30:00,"1,6","135,3","0,0","27,5","50,2","912,0"
2023-12-05 11:30:00,"1,6","130,4","0,0","28,2","51,4","911,3"
2023-12-05 12:30:00,"2,5","107,2","0,0","28,7","51,2","910,6"
2023-12-05 13:30:00,"4,7","68,1","0,3","25,0","60,5","910,0"
2023-12-05 14:30:00,"2,8","58,1","0,0","27,5","53,7","909,3"
2023-12-05 15:30:00,"2,6","71,6","0,0","29,1","46,5","908,6"
2023-12-05 16:30:00,"3,5","80,8","0,1","27,8","56,3","908,6"
2023-12-05 17:30:00,"2,6","80,4","0,0","25,9","63,1","908,7"
2023-12-05 18:30:00,"1,8","82,2","0,0","25,7","69,7","909,1"
2023-12-05 19:30:00,"3,6","72,7","0,0","25,1","72,4","909,3"
2023-12-05 20:30:00,"3,6","61,2","0,0","24,9","73,0","910,1"
2023-12-05 21:30:00,"2,5","70,1","0,0","24,8","71,6","910,6"
2023-12-05 22:30:00,"2,0","51,4","0,0","24,6","71,0","910,6"
2023-12-05 23:30:00,"0,9","68,7","0,0","24,4","71,3","910,1"
2023-12-06 00:30:00,"1,5","99,5","0,0","23,9","72,8","909,5"
2023-12-06 01:30:00,"2,6","71,1","0,0","24,0","69,7","909,3"
2023-12-06 02:30:00,"2,3","76,5","0,0","23,1","73,9","909,5"
2023-12-06 03:30:00,"0,7","223,6","0,0","21,8","82,1","909,9"
2023-12-06 04:30:00,"1,2","134,8","0,0","21,9","82,5","910,5"
2023-12-06 05:30:00,"0,8","146,9","0,0","21,3","85,0","911,4"
2023-12-06 06:30:00,"1,8","96,7","0,0","21,1","84,4","912,2"
2023-12-06 07:30:00,"3,7","67,8","0,0","21,8","77,3","912,7"
2023-12-06 08:30:00,"4,5","63,5","0,0","22,1","74,3","913,0"
2023-12-06 09:30:00,"3,5","66,7","0,0","22,8","70,8","912,9"
2023-12-06 10:30:00,"3,7","64,7","0,0","23,6","67,7","912,7"
2023-12-06 11:30:00,"3,4","80,1","0,0","25,2","60,9","912,1"
2023-12-06 12:30:00,"3,5","76,2","0,0","25,9","57,3","911,3"
2023-12-06 13:30:00,"2,9","74,5","0,0","27,1","54,3","910,4"
2023-12-06 14:30:00,"2,8","83,2","0,0","27,9","51,8","909,7"
2023-12-06 15:30:00,"3,4","84,3","0,0","27,5","52,6","909,1"
2023-12-06 16:30:00,"3,5","71,3","0,0","27,2","52,8","908,8"
2023-12-06 17:30:00,"3,0","84,4","0,0","26,8","53,5","908,8"
2023-12-06 18:30:00,"3,4","79,6","0,0","25,5","57,1","909,2"
2023-12-06 19:30:00,"3,0","82,2","0,0","24,5","59,8","909,8"
2023-12-06 20:30:00,"1,4","69,7","0,0","24,3","57,2","910,5"
2023-12-06 21:30:00,"1,3","72,0","0,0","24,1","55,7","910,6"
2023-12-06 22:30:00,"2,0","62,5","0,0","24,2","53,7","910,3"
2023-12-06 23:30:00,"1,2","59,3","0,0","23,6","55,9","909,7"
2023-12-07 00:30:00,"0,5","233,9","0,0","22,5","63,2","909,3"
2023-12-07 01:30:00,"1,2","141,1","0,0","22,1","65,0","909,1"
2023-12-07 02:30:00,"1,1","53,2","0,0","21,5","66,9","909,3"
2023-12-07 03:30:00,"1,0","48,9","0,0","21,0","69,3","909,5"
2023-12-07 04:30:00,"3,3","55,6","0,0","21,3","65,9","910,0"
2023-12-07 05:30:00,"4,0","60,8","0,0","20,9","71,0","910,6"
2023-12-07 06:30:00,"5,3","70,1","0,0","21,1","70,2","911,0"
2023-12-07 07:30:00,"6,0","71,7","0,0","21,9","66,3","911,3"
2023-12-07 08:30:00,"5,8","71,1","0,0","23,1","62,1","911,5"
2023-12-07 09:30:00,"5,6","72,4","0,0","24,5","54,9","911,5"
2023-12-07 10:30:00,"4,4","72,1","0,0","26,2","50,3","911,0"
2023-12-07 11:30:00,"4,0","61,4","0,0","27,0","47,1","910,4"
2023-12-07 12:30:00,"3,1","66,2","0,0","28,7","40,4","909,7"
2023-12-07 13:30:00,"3,3","46,0","0,0","29,4","36,4","908,8"
2023-12-07 14:30:00,"3,8","57,4","0,0","29,6","34,1","908,0"
2023-12-07 15:30:00,"3,0","55,6","0,0","29,8","35,8","907,5"
2023-12-07 16:30:00,"2,9","61,5","0,0","29,7","37,6","907,2"
2023-12-07 17:30:00,"3,1","88,8","0,0","28,9","40,9","907,3"
2023-12-07 18:30:00,"3,7","68,4","0,0","27,7","44,7","907,7"
2023-12-07 19:30:00,"2,0","76,9","0,0","26,6","50,2","908,2"
2023-12-07 20:30:00,"3,8","66,0","0,0","25,5","56,2","908,4"
2023-12-07 21:30:00,"5,0","63,7","0,0","25,0","56,3","908,6"
2023-12-07 22:30:00,"3,4","49,0","0,0","24,7","56,7","909,0"
2023-12-07 23:30:00,"1,9","29,1","0,0","24,7","55,9","909,0"
2023-12-08 00:30:00,"1,6","40,8","0,0","24,6","56,4","908,7"
2023-12-08 01:30:00,"1,8","58,0","0,0","23,9","59,4","908,1"
2023-12-08 02:30:00,"2,4","61,1","0,0","23,5","60,1","908,0"
2023-12-08 03:30:00,"3,0","46,7","0,0","23,6","59,0","908,1"
2023-12-08 04:30:00,"2,5","66,3","0,0","23,0","61,1","908,4"
2023-12-08 05:30:00,"3,1","69,1","0,0","22,2","64,9","909,0"
2023-12-08 06:30:00,"3,2","70,6","0,0","22,6","65,7","909,5"
2023-12-08 07:30:00,"3,5","74,2","0,0","23,7","63,4","910,0"
2023-12-08 08:30:00,"3,5","57,7","0,0","25,4","57,4","910,1"
2023-12-08 09:30:00,"4,4","38,0","0,0","26,4","52,1","909,9"
2023-12-08 10:30:00,"2,9","37,7","0,0","27,7","49,6","909,6"
2023-12-08 11:30:00,"2,0","16,2","0,0","29,3","45,7","909,0"
2023-12-08 12:30:00,"2,5","76,4","0,0","30,3","43,1","908,2"
2023-12-08 13:30:00,"2,5","0,4","0,0","30,6","42,4","907,5"
2023-12-08 14:30:00,"2,3","47,1","0,0","31,2","38,7","906,6"
2023-12-08 15:30:00,"2,7","186,5","0,0","29,0","48,5","906,2"
2023-12-08 16:30:00,"0,8","245,6","0,0","27,8","54,4","906,2"
2023-12-08 17:30:00,"0,8","210,2","0,0","27,7","54,7","906,6"
2023-12-08 18:30:00,"1,1","249,5","0,0","26,8","58,3","907,3"
2023-12-08 19:30:00,"2,1","277,4","0,0","26,3","59,6","907,6"
2023-12-08 20:30:00,"2,1","230,0","0,0","25,1","64,3","908,5"
2023-12-08 21:30:00,"1,8","224,3","0,1","25,0","63,9","908,9"
2023-12-08 22:30:00,"5,1","206,2","0,0","23,3","69,7","909,6"
2023-12-08 23:30:00,"2,3","228,6","0,0","21,7","75,3","909,0"
2023-12-09 00:30:00,"1,7","247,3","0,0","21,9","73,5","908,0"
2023-12-09 01:30:00,"1,4","240,1","0,0","21,5","75,6","907,1"
2023-12-09 02:30:00,"0,8","244,3","0,0","21,2","76,6","906,8"
2023-12-09 03:30:00,"2,0","221,2","0,0","20,4","83,3","907,2"
2023-12-09 04:30:00,"1,6","233,8","0,0","20,2","83,4","907,7"
2023-12-09 05:30:00,"2,0","223,2","0,0","20,3","82,7","908,5"
2023-12-09 06:30:00,"1,6","225,3","0,0","20,7","80,9","909,1"
2023-12-09 07:30:00,"1,5","229,8","0,0","21,6","75,7","909,6"
2023-12-09 08:30:00,"1,7","203,9","0,0","23,5","65,4","909,6"
2023-12-09 09:30:00,"1,9","180,1","0,0","25,1","59,6","909,6"
2023-12-09 10:30:00,"2,3","160,0","0,0","26,0","57,7","909,4"
2023-12-09 11:30:00,"2,0","167,4","0,0","26,8","55,4","909,0"
2023-12-09 12:30:00,"1,8","126,4","0,0","27,9","53,0","908,5"
2023-12-09 13:30:00,"2,0","143,9","0,0","28,2","52,3","907,8"
2023-12-09 14:30:00,"2,1","147,5","0,0","28,9","50,3","907,0"
2023-12-09 15:30:00,"1,8","182,9","0,0","28,8","50,1","906,7"
2023-12-09 16:30:00,"2,2","161,6","0,0","28,8","49,6","906,6"
2023-12-09 17:30:00,"2,2","164,6","0,0","28,4","48,8","907,2"
2023-12-09 18:30:00,"2,4","152,4","0,0","25,7","59,2","908,2"
2023-12-09 19:30:00,"2,2","178,8","0,0","23,5","66,3","909,3"
2023-12-09 20:30:00,"2,3","123,2","0,0","22,9","69,9","910,5"
2023-12-09 21:30:00,"3,5","99,4","0,0","22,2","69,6","911,4"
2023-12-09 22:30:00,"4,4","88,4","0,0","21,8","70,1","911,7"
2023-12-09 23:30:00,"3,2","89,8","0,0","21,4","72,4","911,3"
2023-12-10 00:30:00,"3,5","87,5","0,0","21,2","73,9","910,4"
2023-12-10 01:30:00,"2,6","87,5","0,0","20,9","75,2","909,8"
2023-12-10 02:30:00,"2,3","88,8","0,0","20,9","74,8","909,6"
2023-12-10 03:30:00,"2,0","83,2","0,0","20,7","76,0","909,3"
2023-12-10 04:30:00,"1,4","148,2","0,0","20,1","80,9","909,6"
2023-12-10 05:30:00,"1,3","104,1","0,0","19,8","83,3","910,1"
2023-12-10 06:30:00,"2,4","90,7","0,0","20,4","79,1","910,1"
2023-12-10 07:30:00,"1,8","115,5","0,0","21,2","74,2","910,2"
2023-12-10 08:30:00,"1,9","113,5","0,0","22,0","71,5","910,3"
2023-12-10 09:30:00,"3,2","82,6","0,0","22,5","67,8","910,0"
2023-12-10 10:30:00,"3,4","71,7","0,0","23,6","63,0","909,7"
2023-12-10 11:30:00,"3,6","70,9","0,0","24,0","62,2","909,4"
2023-12-10 12:30:00,"4,5","65,3","0,0","24,1","63,2","908,9"
2023-12-10 13:30:00,"3,5","67,0","0,0","25,3","57,5","908,5"
2023-12-10 14:30:00,"3,3","93,3","0,0","26,3","53,2","907,7"
2023-12-10 15:30:00,"3,0","84,6","0,0","26,7","50,6","907,2"
2023-12-10 16:30:00,"1,9","144,5","0,0","26,6","53,9","906,8"
2023-12-10 17:30:00,"2,7","92,9","0,0","25,7","59,1","906,9"
2023-12-10 18:30:00,"2,7","92,9","0,0","25,7","59,1","906,9"
2023-12-10 19:30:00,"4,1","65,9","0,0","23,8","70,8","906,8"
2023-12-10 20:30:00,"3,4","76,0","0,0","22,6","72,6","907,5"
2023-12-10 21:30:00,"3,4","78,4","0,0","22,4","72,3","907,8"
2023-12-10 22:30:00,"3,2","76,5","0,0","22,1","71,3","908,2"
2023-12-10 23:30:00,"1,4","88,6","0,0","21,9","70,4","908,2"
2023-12-11 00:30:00,"2,6","84,1","0,0","21,6","72,7","908,0"
2023-12-11 01:30:00,"4,2","72,4","0,0","21,1","75,7","907,8"
2023-12-11 02:30:00,"4,0","67,1","0,0","20,7","76,9","907,6"
2023-12-11 03:30:00,"3,3","69,4","0,0","20,3","78,7","907,6"
2023-12-11 04:30:00,"2,5","87,3","0,0","20,2","79,9","907,5"
2023-12-11 05:30:00,"3,5","82,4","0,0","20,0","80,0","907,5"
2023-12-11 06:30:00,"3,9","68,7","0,0","19,8","80,7","907,9"
2023-12-11 07:30:00,"3,4","64,1","0,0","19,8","79,8","908,7"
2023-12-11 08:30:00,"3,3","68,3","0,0","20,0","79,0","909,3"
2023-12-11 09:30:00,"4,2","65,1","0,0","20,7","75,5","909,4"
2023-12-11 10:30:00,"4,2","51,0","0,0","21,9","70,5","909,4"
2023-12-11 11:30:00,"5,4","54,9","0,0","23,1","64,9","908,9"
2023-12-11 12:30:00,"5,4","69,9","0,0","24,1","61,9","908,4"
2023-12-11 13:30:00,"3,8","63,4","0,0","25,6","56,3","907,9"
2023-12-11 14:30:00,"4,1","53,1","0,0","26,3","52,7","907,4"
2023-12-11 15:30:00,"4,1","58,8","0,0","26,0","52,8","906,9"
2023-12-11 16:30:00,"3,8","74,9","0,0","25,8","54,9","906,4"
2023-12-11 17:30:00,"2,5","78,5","0,0","25,6","56,4","906,4"
2023-12-11 18:30:00,"1,3","142,4","0,0","25,1","61,6","907,2"
2023-12-11 19:30:00,"1,4","189,7","0,0","23,7","70,5","907,8"
2023-12-11 20:30:00,"1,3","250,2","1,2","22,8","76,2","908,6"
2023-12-11 21:30:00,"2,0","235,2","4,0","20,5","83,9","909,4"
2023-12-11 22:30:00,"1,6","59,1","0,4","20,2","85,6","909,5"
2023-12-11 23:30:00,"2,6","20,5","1,4","20,9","79,6","909,8"
2023-12-12 00:30:00,"3,4","38,7","10,2","20,4","79,9","909,9"
2023-12-12 01:30:00,"0,9","301,1","0,1","20,2","83,7","909,0"
2023-12-12 02:30:00,"1,2","56,5","0,0","20,0","86,7","908,3"
2023-12-12 03:30:00,"0,7","261,3","0,0","19,9","88,7","908,1"
2023-12-12 04:30:00,"0,8","268,6","0,0","19,8","89,3","908,2"
2023-12-12 05:30:00,"0,8","279,5","0,0","19,8","89,3","908,7"
2023-12-12 06:30:00,"0,6","43,1","0,2","20,2","85,4","909,4"
2023-12-12 07:30:00,"0,9","273,5","0,0","20,3","87,9","909,9"
2023-12-12 08:30:00,"0,8","236,9","0,0","21,1","84,1","910,5"
2023-12-12 09:30:00,"1,2","194,0","0,0","24,2","69,9","911,0"
2023-12-12 10:30:00,"1,5","118,0","0,0","25,5","63,6","910,8"
2023-12-12 11:30:00,"2,2","63,1","0,0","26,6","56,7","910,2"
2023-12-12 12:30:00,"3,2","74,3","0,0","27,0","54,8","909,7"
2023-12-12 13:30:00,"2,4","40,7","0,0","27,8","50,1","909,0"
2023-12-12 14:30:00,"3,3","36,8","0,0","27,0","50,4","908,3"
2023-12-12 15:30:00,"2,7","20,8","0,0","25,1","59,6","908,1"
2023-12-12 16:30:00,"1,8","261,0","0,0","22,4","74,6","908,3"
2023-12-12 17:30:00,"1,2","165,5","0,0","22,8","76,1","908,6"
2023-12-12 18:30:00,"1,4","228,8","0,0","22,3","78,4","908,9"
2023-12-12 19:30:00,"1,5","225,9","0,0","22,1","79,7","909,3"
2023-12-12 20:30:00,"2,3","228,8","0,0","21,4","83,6","910,2"
2023-12-12 21:30:00,"2,1","229,2","1,1","21,2","80,2","910,8"
2023-12-12 22:30:00,"1,4","224,4","0,6","20,4","84,0","910,8"
2023-12-12 23:30:00,"1,4","195,5","0,0","20,4","83,7","910,5"
2023-12-13 00:30:00,"1,4","185,8","0,0","20,3","84,4","910,3"
2023-12-13 01:30:00,"1,1","196,4","0,0","20,1","86,4","910,0"
2023-12-13 02:30:00,"1,1","124,5","0,0","20,0","87,5","909,4"
2023-12-13 03:30:00,"0,6","164,6","0,0","20,2","86,2","909,4"
2023-12-13 04:30:00,"0,8","135,4","0,0","20,2","85,7","909,4"
2023-12-13 05:30:00,"0,9","107,3","0,0","19,8","87,3","909,8"
2023-12-13 06:30:00,"3,6","67,5","0,0","19,8","86,7","910,2"
2023-12-13 07:30:00,"4,6","67,1","0,0","19,8","86,6","910,7"
2023-12-13 08:30:00,"1,2","42,9","0,0","23,2","71,1","925,1"
2023-12-13 09:30:00,"1,3","38,9","0,0","23,9","67,3","925,1"
2023-12-13 10:30:00,"1,3","47,3","0,0","24,3","65,1","925,1"
2023-12-13 11:30:00,"1,6","40,0","0,0","24,7","62,6","924,6"
2023-12-13 12:30:00,"1,1","53,3","0,0","26,3","56,8","923,9"
2023-12-13 13:30:00,"0,9","78,6","0,0","27,4","51,2","923,0"
2023-12-13 14:30:00,"0,9","149,7","0,0","27,8","51,0","922,2"
2023-12-13 15:30:00,"1,0","196,0","0,0","28,0","53,8","921,6"
2023-12-13 16:30:00,"0,9","181,2","0,0","27,4","56,2","921,4"
2023-12-13 17:30:00,"1,0","191,4","0,0","26,6","59,7","921,4"
2023-12-13 18:30:00,"0,6","106,4","0,0","25,4","63,8","921,4"
2023-12-13 19:30:00,"0,5","36,1","0,0","24,5","66,1","922,0"
2023-12-13 20:30:00,"0,4","3,4","0,0","23,5","70,3","922,7"
2023-12-13 21:30:00,"0,3","336,5","0,0","22,5","75,4","923,5"
2023-12-13 22:30:00,"0,3","326,5","0,0","22,0","77,5","924,0"
2023-12-13 23:30:00,"0,3","336,1","0,0","21,5","79,6","923,8"
2023-12-14 00:30:00,"0,3","311,8","0,0","21,0","82,3","923,5"
2023-12-14 01:30:00,"0,2","343,7","0,0","20,6","84,7","923,2"
2023-12-14 02:30:00,"0,4","49,7","0,0","21,5","80,4","923,0"
2023-12-14 03:30:00,"0,8","50,2","0,0","22,2","75,0","922,5"
2023-12-14 04:30:00,"1,1","49,5","0,0","21,8","75,8","922,6"
2023-12-14 05:30:00,"0,9","39,7","0,0","21,8","75,2","923,5"
2023-12-14 06:30:00,"1,0","44,1","0,0","21,8","74,1","924,2"
2023-12-14 07:30:00,"1,3","40,5","0,0","22,3","69,4","924,5"
2023-12-14 08:30:00,"1,1","53,8","0,0","23,8","62,5","924,4"
2023-12-14 09:30:00,"1,2","78,6","0,0","25,3","55,5","924,4"
2023-12-14 10:30:00,"0,9","169,0","0,0","26,2","52,6","924,3"
2023-12-14 11:30:00,"0,9","94,1","0,0","26,8","51,4","923,8"
2023-12-14 12:30:00,"0,8","61,6","0,0","26,9","52,0","923,3"
2023-12-14 13:30:00,"0,7","174,9","0,0","27,8","49,8","922,7"
2023-12-14 14:30:00,"0,8","157,3","0,0","28,4","48,1","922,1"
2023-12-14 15:30:00,"0,8","113,9","0,0","29,1","45,0","921,6"
2023-12-14 16:30:00,"0,8","190,2","0,0","28,4","49,5","921,3"
2023-12-14 17:30:00,"0,9","198,0","0,0","27,0","54,2","921,5"
2023-12-14 18:30:00,"0,6","202,7","0,0","25,6","58,4","922,1"
2023-12-14 19:30:00,"0,4","341,6","0,0","24,2","63,2","922,7"
2023-12-14 20:30:00,"0,4","323,2","0,0","22,5","71,1","923,1"
2023-12-14 21:30:00,"0,3","323,5","0,0","21,8","72,4","923,4"
2023-12-14 22:30:00,"0,3","297,0","0,0","21,0","74,5","923,5"
2023-12-14 23:30:00,"0,3","323,2","0,0","20,3","79,2","923,2"
2023-12-15 00:30:00,"0,3","319,1","0,0","19,8","81,1","922,9"
2023-12-15 01:30:00,"0,2","318,2","0,0","19,3","83,4","922,7"
2023-12-15 02:30:00,"0,4","49,7","0,0","19,7","80,2","922,8"
2023-12-15 03:30:00,"0,7","55,6","0,0","21,0","74,5","922,9"
2023-12-15 04:30:00,"0,6","83,8","0,0","20,5","76,9","923,3"
2023-12-15 05:30:00,"0,8","79,6","0,0","20,6","76,0","924,1"
2023-12-15 06:30:00,"1,1","46,4","0,0","20,9","73,3","925,0"
2023-12-15 07:30:00,"1,1","54,5","0,0","22,4","65,0","925,6"
2023-12-15 08:30:00,"1,2","57,1","0,0","23,4","60,4","926,0"
2023-12-15 09:30:00,"1,4","50,3","0,0","23,5","59,2","926,4"
2023-12-15 10:30:00,"1,2","53,8","0,0","24,8","54,5","926,1"
2023-12-15 11:30:00,"1,1","57,0","0,0","26,1","51,4","925,4"
2023-12-15 12:30:00,"1,1","63,2","0,0","27,4","47,9","924,3"
2023-12-15 13:30:00,"1,0","64,0","0,0","28,3","45,2","923,2"
2023-12-15 14:30:00,"1,0","97,3","0,0","29,1","43,3","922,4"
2023-12-15 15:30:00,"0,9","75,4","0,0","29,4","42,4","922,1"
2023-12-15 16:30:00,"1,0","174,2","0,0","28,6","43,9","922,5"
2023-12-15 17:30:00,"1,0","195,8","0,0","27,6","44,6","922,7"
2023-12-15 18:30:00,"0,5","243,8","0,0","26,5","46,8","923,0"
2023-12-15 19:30:00,"0,4","332,7","0,0","24,5","55,4","923,5"
2023-12-15 20:30:00,"0,3","322,7","0,0","23,6","58,5","923,9"
2023-12-15 21:30:00,"0,3","312,5","0,0","22,6","63,7","924,6"
2023-12-15 22:30:00,"0,3","322,7","0,0","21,6","70,1","924,7"
2023-12-15 23:30:00,"0,3","322,0","0,0","21,1","72,4","924,5"
2023-12-16 00:30:00,"0,3","352,2","0,0","20,6","74,5","924,3"
2023-12-16 01:30:00,"0,4","185,8","0,0","21,1","71,6","924,0"
2023-12-16 02:30:00,"0,3","356,7","0,0","20,1","75,9","923,9"
2023-12-16 03:30:00,"0,5","39,1","0,0","20,8","72,4","924,0"
2023-12-16 04:30:00,"0,7","48,8","0,0","21,1","69,4","924,2"
2023-12-16 05:30:00,"0,9","46,0","0,0","21,1","68,1","924,9"
2023-12-16 06:30:00,"1,2","49,3","0,0","22,1","64,0","925,4"
2023-12-16 07:30:00,"1,3","54,2","0,0","23,4","59,2","925,8"
2023-12-16 08:30:00,"1,4","58,2","0,0","24,6","54,8","925,9"
2023-12-16 09:30:00,"1,3","62,6","0,0","25,9","49,9","925,8"
2023-12-16 10:30:00,"1,4","48,2","0,0","26,9","46,3","925,4"
2023-12-16 11:30:00,"1,2","70,7","0,0","28,0","42,4","924,8"
2023-12-16 12:30:00,"1,2","58,9","0,0","28,5","40,6","924,2"
2023-12-16 13:30:00,"1,0","98,1","0,0","29,5","37,5","923,3"
2023-12-16 14:30:00,"1,0","177,2","0,0","29,8","37,5","922,8"
2023-12-16 15:30:00,"1,0","175,4","0,0","30,1","38,7","922,3"
2023-12-16 16:30:00,"1,0","199,5","0,0","29,5","39,2","922,0"
2023-12-16 17:30:00,"0,8","129,3","0,0","28,8","39,2","922,1"
2023-12-16 18:30:00,"0,6","41,2","0,0","27,5","41,2","922,3"
2023-12-16 19:30:00,"0,4","329,1","0,0","25,3","48,5","922,7"
2023-12-16 20:30:00,"0,3","325,1","0,0","24,0","54,5","923,1"
2023-12-16 21:30:00,"0,3","305,5","0,0","23,4","56,8","923,5"
2023-12-16 22:30:00,"0,3","320,1","0,0","22,3","62,9","923,4"
2023-12-16 23:30:00,"0,4","215,7","0,0","22,1","63,2","923,4"
2023-12-17 00:30:00,"0,3","323,9","0,0","21,3","65,8","923,1"
2023-12-17 01:30:00,"0,6","48,4","0,0","22,1","65,6","922,9"
2023-12-17 02:30:00,"0,9","53,3","0,0","22,5","66,3","922,6"
2023-12-17 03:30:00,"0,9","52,3","0,0","21,8","70,3","922,6"
2023-12-17 04:30:00,"0,9","39,7","0,0","21,7","71,4","923,1"
2023-12-17 05:30:00,"1,0","47,8","0,0","21,5","71,4","923,5"
2023-12-17 06:30:00,"1,3","43,2","0,0","21,7","64,7","924,1"
2023-12-17 07:30:00,"1,2","51,2","0,0","22,9","57,6","924,4"
2023-12-17 08:30:00,"1,2","55,4","0,0","23,8","54,1","924,5"
2023-12-17 09:30:00,"1,1","65,1","0,0","25,0","50,3","924,8"
2023-12-17 10:30:00,"1,2","76,0","0,0","26,7","46,8","924,2"
2023-12-17 11:30:00,"1,2","166,9","0,0","28,1","43,6","923,6"
2023-12-17 12:30:00,"0,9","143,0","0,0","28,8","43,0","922,8"
2023-12-17 13:30:00,"1,0","175,9","0,0","29,5","42,3","922,1"
2023-12-17 14:30:00,"1,2","183,3","0,0","29,8","41,5","921,5"
2023-12-17 15:30:00,"1,2","185,1","0,0","30,0","39,5","921,2"
2023-12-17 16:30:00,"1,1","172,1","0,0","29,1","38,6","920,9"
2023-12-17 17:30:00,"0,8","195,1","0,0","27,9","40,9","920,6"
2023-12-17 18:30:00,"0,4","112,0","0,0","26,7","43,8","920,6"
2023-12-17 19:30:00,"0,3","339,2","0,0","24,7","50,4","920,8"
2023-12-17 20:30:00,"0,3","332,9","0,0","23,5","52,4","921,0"
2023-12-17 21:30:00,"0,3","317,3","0,0","22,6","55,9","921,2"
2023-12-17 22:30:00,"0,3","320,4","0,0","21,1","62,8","921,1"
2023-12-17 23:30:00,"0,3","322,1","0,0","20,0","67,2","920,8"
2023-12-18 00:30:00,"0,3","317,5","0,0","19,5","69,7","920,5"
2023-12-18 01:30:00,"0,5","318,1","0,0","19,0","71,9","920,5"
2023-12-18 02:30:00,"0,3","343,3","0,0","19,1","71,8","920,6"
2023-12-18 03:30:00,"0,3","312,2","0,0","19,0","71,8","920,6"
2023-12-18 04:30:00,"0,3","213,1","0,0","18,6","73,7","920,7"
2023-12-18 05:30:00,"0,4","172,3","0,0","18,8","72,4","921,0"
2023-12-18 06:30:00,"0,8","93,4","0,0","22,0","65,1","921,1"
2023-12-18 07:30:00,"1,4","47,4","0,0","23,4","64,0","921,1"
2023-12-18 08:30:00,"1,8","41,2","0,0","24,5","58,4","921,0"
2023-12-18 09:30:00,"1,4","46,0","0,0","25,7","55,4","920,8"
2023-12-18 10:30:00,"1,4","59,7","0,0","27,2","50,0","920,0"
2023-12-18 11:30:00,"1,1","52,1","0,0","28,9","42,5","919,0"
2023-12-18 12:30:00,"1,0","56,9","0,0","30,4","35,9","918,0"
2023-12-18 13:30:00,"0,8","84,9","0,0","30,4","38,0","917,4"
2023-12-18 14:30:00,"0,8","72,7","0,0","31,2","36,2","916,5"
2023-12-18 15:30:00,"1,0","130,6","3,6","29,3","44,3","916,3"
2023-12-18 16:30:00,"1,4","66,4","45,8","19,6","83,2","917,7"
2023-12-18 17:30:00,"0,6","346,2","0,0","20,6","83,8","917,3"
2023-12-18 18:30:00,"0,4","1,5","0,0","20,6","83,9","917,6"
2023-12-18 19:30:00,"0,5","178,6","0,0","21,4","80,1","917,9"
2023-12-18 20:30:00,"0,5","211,4","0,0","21,8","78,5","917,9"
2023-12-18 21:30:00,"0,3","324,1","0,0","20,8","83,4","918,3"
2023-12-18 22:30:00,"0,3","80,4","0,0","20,6","84,2","918,7"
2023-12-18 23:30:00,"0,3","29,9","0,0","20,7","84,3","918,4"
2023-12-19 00:30:00,"0,3","163,1","0,0","20,9","83,4","918,3"
2023-12-19 01:30:00,"0,2","243,4","0,0","20,7","84,1","918,1"
2023-12-19 02:30:00,"0,3","341,7","0,0","20,5","85,9","917,8"
2023-12-19 03:30:00,"0,2","359,2","0,0","20,3","86,8","918,1"
2023-12-19 04:30:00,"0,2","10,8","0,0","19,8","85,3","918,2"
2023-12-19 05:30:00,"0,4","197,1","0,0","20,0","85,2","918,6"
2023-12-19 06:30:00,"0,4","194,6","0,0","21,6","77,3","919,1"
2023-12-19 07:30:00,"0,6","93,6","0,0","23,1","69,5","919,3"
2023-12-19 08:30:00,"0,8","48,4","0,0","23,2","70,3","919,5"
2023-12-19 09:30:00,"0,7","155,2","0,0","25,1","63,7","919,5"
2023-12-19 10:30:00,"0,9","50,9","0,0","26,3","57,4","918,9"
2023-12-19 11:30:00,"1,0","52,5","0,0","27,3","52,9","918,3"
2023-12-19 12:30:00,"0,8","72,9","0,0","28,1","49,1","917,5"
2023-12-19 13:30:00,"0,8","182,9","0,1","28,9","49,8","916,6"
2023-12-19 14:30:00,"1,0","190,3","0,0","29,6","48,2","915,7"
2023-12-19 15:30:00,"0,8","196,6","0,0","30,6","43,9","914,9"
2023-12-19 16:30:00,"0,8","200,1","0,0","30,3","43,7","914,7"
2023-12-19 17:30:00,"1,2","192,3","1,1","28,8","49,3","915,1"
2023-12-19 18:30:00,"1,3","52,1","13,1","20,2","81,5","916,3"
2023-12-19 19:30:00,"0,5","16,8","0,0","20,1","80,4","917,0"
2023-12-19 20:30:00,"0,6","185,8","0,0","20,6","79,1","917,7"
2023-12-19 21:30:00,"0,9","171,0","2,2","21,3","78,1","919,3"
2023-12-19 22:30:00,"0,8","48,7","0,0","20,5","81,5","919,7"
2023-12-19 23:30:00,"0,7","47,1","0,0","19,9","79,8","919,5"
2023-12-20 00:30:00,"0,6","56,0","0,0","19,3","81,7","919,1"
2023-12-20 01:30:00,"0,4","187,8","0,0","18,6","84,8","918,9"
2023-12-20 02:30:00,"0,4","33,2","0,0","18,6","84,1","918,9"
2023-12-20 03:30:00,"0,4","201,1","0,0","18,8","84,0","918,9"
2023-12-20 04:30:00,"0,3","212,4","0,0","18,9","85,0","919,3"
2023-12-20 05:30:00,"0,5","191,8","0,0","19,1","85,1","919,9"
2023-12-20 06:30:00,"0,6","195,5","0,0","19,7","82,3","920,8"
2023-12-20 07:30:00,"0,7","87,6","0,0","20,5","77,3","921,2"
2023-12-20 08:30:00,"0,8","52,0","0,0","22,3","67,6","921,4"
2023-12-20 09:30:00,"1,0","58,1","0,0","23,5","62,6","921,4"
2023-12-20 10:30:00,"1,1","51,7","0,0","25,2","55,4","921,2"
2023-12-20 11:30:00,"1,4","42,4","0,0","25,5","55,6","920,9"
2023-12-20 12:30:00,"1,2","38,9","0,0","26,7","49,5","920,4"
2023-12-20 13:30:00,"1,2","49,2","0,0","27,3","46,9","919,8"
2023-12-20 14:30:00,"1,0","45,5","0,0","28,2","45,7","919,0"
2023-12-20 15:30:00,"0,9","63,8","0,0","28,9","43,4","918,2"
2023-12-20 16:30:00,"0,8","50,8","0,0","28,7","42,0","918,0"
2023-12-20 17:30:00,"0,9","173,1","0,0","27,9","47,1","918,4"
2023-12-20 18:30:00,"0,4","125,6","0,0","26,6","54,0","918,9"
2023-12-20 19:30:00,"0,5","18,6","0,0","25,4","60,6","919,5"
2023-12-20 20:30:00,"0,9","45,7","0,0","24,8","62,8","920,4"
2023-12-20 21:30:00,"0,6","53,8","0,0","23,5","65,7","921,3"
2023-12-20 22:30:00,"0,4","253,6","0,0","22,5","71,0","921,9"
2023-12-20 23:30:00,"0,3","333,9","0,0","21,7","75,7","921,8"
2023-12-21 00:30:00,"0,3","187,5","0,0","21,9","75,6","921,5"
2023-12-21 01:30:00,"0,3","213,0","0,0","21,4","77,5","921,2"
2023-12-21 02:30:00,"0,4","216,6","0,0","20,9","79,4","921,2"
2023-12-21 03:30:00,"0,4","209,5","0,0","20,5","80,6","921,3"
2023-12-21 04:30:00,"0,3","309,1","0,0","20,1","83,2","921,7"
2023-12-21 05:30:00,"0,3","200,3","0,0","20,3","83,1","922,2"
2023-12-21 06:30:00,"0,6","179,3","0,0","22,3","74,3","922,8"
2023-12-21 07:30:00,"1,0","71,3","0,0","24,0","66,9","923,2"
2023-12-21 08:30:00,"1,3","49,2","0,0","24,8","61,8","923,8"
2023-12-21 09:30:00,"1,9","44,4","0,0","25,9","57,8","923,9"
2023-12-21 10:30:00,"1,3","52,0","0,0","26,7","55,8","923,8"
2023-12-21 11:30:00,"1,1","49,9","0,0","27,3","53,7","923,1"
2023-12-21 12:30:00,"1,1","38,8","0,4","27,7","54,3","922,5"
2023-12-21 13:30:00,"2,6","43,4","3,3","21,9","81,3","908,6"
2023-12-21 14:30:00,"4,3","55,5","0,0","21,9","79,7","907,7"
2023-12-21 15:30:00,"1,6","54,4","0,0","22,9","75,2","907,4"
2023-12-21 16:30:00,"1,1","179,7","0,0","23,1","76,9","907,5"
2023-12-21 17:30:00,"0,9","225,6","0,0","23,4","75,3","907,4"
2023-12-21 18:30:00,"0,8","278,8","0,0","22,9","77,7","907,6"
2023-12-21 19:30:00,"1,1","75,9","0,0","22,5","79,9","908,2"
2023-12-21 20:30:00,"1,4","57,4","0,0","22,6","79,4","909,2"
2023-12-21 21:30:00,"4,9","50,3","0,0","22,4","77,8","910,0"
2023-12-21 22:30:00,"4,9","56,0","0,0","21,8","79,5","910,0"
2023-12-21 23:30:00,"3,5","58,2","0,0","21,1","82,9","909,8"
2023-12-22 00:30:00,"5,1","60,4","0,0","20,8","83,7","909,4"
2023-12-22 01:30:00,"4,3","43,4","0,0","20,6","84,3","908,9"
2023-12-22 02:30:00,"3,4","43,8","0,0","20,6","83,6","908,8"
2023-12-22 03:30:00,"4,3","55,9","0,0","20,3","85,2","909,1"
2023-12-22 04:30:00,"3,8","45,2","0,0","20,2","85,9","909,2"
2023-12-22 05:30:00,"3,4","44,2","0,0","20,4","84,2","909,7"
2023-12-22 06:30:00,"3,8","41,8","0,0","20,6","83,8","910,5"
2023-12-22 07:30:00,"3,8","39,8","0,0","20,6","84,1","910,9"
2023-12-22 08:30:00,"2,6","37,9","0,0","21,9","79,2","911,0"
2023-12-22 09:30:00,"2,8","22,3","0,0","23,5","69,6","911,1"
2023-12-22 10:30:00,"2,5","5,9","0,0","24,5","65,9","910,8"
2023-12-22 11:30:00,"2,4","358,3","0,0","26,3","59,2","910,2"
2023-12-22 12:30:00,"3,5","330,7","0,0","27,8","52,8","909,4"
2023-12-22 13:30:00,"1,9","328,9","0,0","28,3","52,4","908,6"
2023-12-22 14:30:00,"3,8","290,8","0,0","29,2","46,6","907,7"
2023-12-22 15:30:00,"4,9","294,8","0,1","26,3","57,2","907,3"
2023-12-22 16:30:00,"2,0","119,6","0,0","25,7","63,3","907,6"
2023-12-22 17:30:00,"2,0","339,9","0,0","25,4","63,8","907,9"
2023-12-22 18:30:00,"1,6","311,6","0,0","24,6","68,0","908,2"
2023-12-22 19:30:00,"2,2","300,6","0,0","23,8","70,3","908,9"
2023-12-22 20:30:00,"1,4","245,2","0,0","23,4","72,4","909,2"
2023-12-22 21:30:00,"1,3","109,4","0,0","22,6","77,6","909,5"
2023-12-22 22:30:00,"1,5","89,8","0,0","22,0","81,1","909,6"
2023-12-22 23:30:00,"2,1","54,9","0,0","22,3","78,5","909,3"
2023-12-23 00:30:00,"2,0","66,4","0,0","21,5","84,8","909,1"
2023-12-23 01:30:00,"0,6","282,8","0,0","21,4","86,7","908,8"
2023-12-23 02:30:00,"0,8","161,4","0,0","21,0","88,1","908,5"
2023-12-23 03:30:00,"0,5","209,3","0,0","20,9","86,5","908,6"
2023-12-23 04:30:00,"0,6","243,0","0,4","20,9","87,8","909,0"
2023-12-23 05:30:00,"0,4","258,5","0,0","20,7","88,7","909,6"
2023-12-23 06:30:00,"0,7","313,0","0,0","20,9","89,0","910,2"
2023-12-23 07:30:00,"2,0","63,4","0,0","21,5","87,1","910,7"
2023-12-23 08:30:00,"5,1","67,8","0,0","21,3","86,7","911,1"
2023-12-23 09:30:00,"4,1","50,8","0,0","21,6","84,2","911,2"
2023-12-23 10:30:00,"3,5","43,1","0,0","23,1","77,5","910,7"
2023-12-23 11:30:00,"3,2","38,7","0,0","24,5","71,2","910,1"
2023-12-23 12:30:00,"2,7","49,8","0,0","25,3","68,0","909,6"
2023-12-23 13:30:00,"2,5","281,7","0,1","24,0","75,9","908,8"
2023-12-23 14:30:00,"1,6","114,7","2,1","22,8","81,5","908,3"
2023-12-23 15:30:00,"2,5","26,5","1,3","21,8","79,3","908,0"
2023-12-23 16:30:00,"2,6","6,2","0,7","21,8","79,6","908,1"
2023-12-23 17:30:00,"3,5","359,6","4,8","21,4","78,9","908,0"
2023-12-23 18:30:00,"3,4","58,9","0,0","20,7","84,9","906,9"
2023-12-23 19:30:00,"3,1","67,4","0,0","20,2","89,7","907,9"
2023-12-23 20:30:00,"1,6","50,6","0,0","20,7","85,5","909,6"
2023-12-23 21:30:00,"2,5","52,1","0,0","20,8","84,9","910,4"
2023-12-23 22:30:00,"1,1","17,4","0,0","21,0","84,1","910,1"
2023-12-23 23:30:00,"2,9","33,8","0,0","21,0","84,7","909,5"
2023-12-24 00:30:00,"4,0","35,9","0,1","20,7","86,6","909,2"
2023-12-24 01:30:00,"2,9","24,9","0,2","20,7","86,1","908,9"
2023-12-24 02:30:00,"4,6","43,2","1,4","20,2","88,7","908,4"
2023-12-24 03:30:00,"4,6","38,0","0,0","20,0","87,6","908,1"
2023-12-24 04:30:00,"4,1","23,7","0,0","20,1","85,9","908,3"
2023-12-24 05:30:00,"3,0","19,1","0,3","20,2","86,3","909,0"
2023-12-24 06:30:00,"3,3","33,1","0,4","20,2","87,5","909,9"
2023-12-24 07:30:00,"3,1","24,0","0,4","20,5","86,4","910,6"
2023-12-24 08:30:00,"2,7","342,7","0,0","21,7","77,5","910,8"
2023-12-24 09:30:00,"2,9","318,0","0,0","22,6","73,9","911,0"
2023-12-24 10:30:00,"3,3","299,2","0,0","24,1","67,8","910,7"
2023-12-24 11:30:00,"3,7","303,4","0,0","25,0","62,4","910,1"
2023-12-24 12:30:00,"2,7","334,4","0,0","25,9","58,9","909,7"
2023-12-24 13:30:00,"2,3","350,3","0,0","26,4","57,0","909,1"
2023-12-24 14:30:00,"2,2","22,4","0,0","26,0","59,4","908,5"
2023-12-24 15:30:00,"2,5","55,6","0,0","25,6","63,6","907,9"
2023-12-24 16:30:00,"2,1","75,6","0,0","25,0","67,9","907,9"
2023-12-24 17:30:00,"1,6","72,4","0,0","24,9","68,2","908,1"
2023-12-24 18:30:00,"1,4","74,8","0,0","24,8","68,9","908,5"
2023-12-24 19:30:00,"2,5","53,8","0,0","24,5","69,9","908,9"
2023-12-24 20:30:00,"3,2","43,0","0,0","24,7","66,5","909,2"
2023-12-24 21:30:00,"3,1","17,4","0,0","25,3","58,5","909,9"
2023-12-24 22:30:00,"3,5","44,6","0,0","24,6","63,2","910,0"
2023-12-24 23:30:00,"3,2","29,5","0,0","24,6","61,9","909,5"
2023-12-25 00:30:00,"3,0","29,4","0,0","24,2","63,4","908,9"
2023-12-25 01:30:00,"1,6","60,6","0,0","23,2","70,4","908,8"
2023-12-25 02:30:00,"2,0","38,0","0,0","23,3","69,6","908,7"
2023-12-25 03:30:00,"3,6","42,3","0,0","22,9","72,4","908,6"
2023-12-25 04:30:00,"3,8","37,3","0,0","22,6","74,9","908,8"
2023-12-25 05:30:00,"1,6","41,0","0,0","22,9","73,8","909,4"
2023-12-25 06:30:00,"2,3","60,2","0,0","22,4","77,0","910,1"
2023-12-25 07:30:00,"2,4","44,0","0,0","23,7","72,2","910,5"
2023-12-25 08:30:00,"3,3","55,7","0,0","25,2","67,7","910,7"
2023-12-25 09:30:00,"3,6","44,5","0,0","26,3","60,7","910,5"
2023-12-25 10:30:00,"2,6","52,7","0,0","27,7","56,7","910,2"
2023-12-25 11:30:00,"2,8","45,6","0,0","28,9","51,2","909,5"
2023-12-25 12:30:00,"3,3","29,4","0,0","29,4","49,7","908,6"
2023-12-25 13:30:00,"3,8","24,5","0,0","29,6","49,2","907,8"
2023-12-25 14:30:00,"3,3","36,2","0,0","30,2","47,0","907,2"
2023-12-25 15:30:00,"3,7","36,7","0,0","30,7","44,0","906,7"
2023-12-25 16:30:00,"5,9","26,7","0,0","28,9","48,0","906,9"
2023-12-25 17:30:00,"4,7","56,6","0,0","24,7","59,4","907,6"
2023-12-25 18:30:00,"4,4","48,6","0,0","23,7","65,1","907,9"
2023-12-25 19:30:00,"2,1","236,9","0,0","23,9","65,0","909,2"
2023-12-25 20:30:00,"1,7","76,0","0,0","23,4","69,1","909,4"
2023-12-25 21:30:00,"2,1","15,5","0,0","23,3","69,4","909,9"
2023-12-25 22:30:00,"2,0","41,0","0,0","23,6","68,6","910,0"
2023-12-25 23:30:00,"1,1","327,4","0,0","23,0","72,6","909,5"
2023-12-26 00:30:00,"1,3","75,3","0,0","22,6","72,8","908,8"
2023-12-26 01:30:00,"2,5","119,7","0,1","21,7","80,2","908,7"
2023-12-26 02:30:00,"5,7","349,2","11,4","21,1","79,5","908,5"
2023-12-26 03:30:00,"7,6","19,6","14,7","21,3","77,9","908,5"
2023-12-26 04:30:00,"6,2","49,2","0,0","19,9","85,3","908,3"
2023-12-26 05:30:00,"1,7","30,9","0,0","21,3","74,4","908,4"
2023-12-26 06:30:00,"0,9","266,0","0,0","20,8","82,7","908,7"
2023-12-26 07:30:00,"0,9","80,3","0,0","21,6","82,8","909,2"
2023-12-26 08:30:00,"1,0","81,0","0,0","23,2","74,4","909,6"
2023-12-26 09:30:00,"3,1","64,7","0,0","25,0","71,5","909,7"
2023-12-26 10:30:00,"4,2","47,4","0,0","26,8","61,5","909,7"
2023-12-26 11:30:00,"4,9","41,5","0,0","28,1","52,7","909,3"
2023-12-26 12:30:00,"3,7","34,9","0,0","29,4","47,5","908,2"
2023-12-26 13:30:00,"3,7","10,6","0,0","30,0","46,9","907,3"
2023-12-26 14:30:00,"5,6","290,2","1,1","25,3","62,3","907,1"
2023-12-26 15:30:00,"3,7","301,2","0,0","27,1","55,3","906,5"
2023-12-26 16:30:00,"2,3","128,7","0,0","25,4","66,4","906,7"
2023-12-26 17:30:00,"1,5","134,3","0,0","24,1","72,8","907,2"
2023-12-26 18:30:00,"2,3","227,7","0,0","23,9","72,4","907,9"
2023-12-26 19:30:00,"1,0","204,4","0,1","23,5","71,2","908,0"
2023-12-26 20:30:00,"0,8","245,4","0,0","23,4","73,3","908,3"
2023-12-26 21:30:00,"1,0","137,8","0,0","23,5","71,4","908,5"
2023-12-26 22:30:00,"2,9","302,4","0,0","23,2","72,5","909,1"
2023-12-26 23:30:00,"1,4","201,1","0,0","23,0","69,7","908,6"
2023-12-27 00:30:00,"1,0","217,2","0,0","22,0","77,2","908,1"
2023-12-27 01:30:00,"1,4","220,6","0,0","21,5","79,0","907,7"
2023-12-27 02:30:00,"1,5","226,3","0,0","20,8","81,9","907,7"
2023-12-27 03:30:00,"1,3","220,6","0,0","20,9","81,5","907,8"
2023-12-27 04:30:00,"0,9","246,1","0,0","20,7","82,5","908,0"
2023-12-27 05:30:00,"0,6","223,8","0,0","21,1","82,2","908,5"
2023-12-27 06:30:00,"0,7","217,9","0,0","21,4","83,4","909,1"
2023-12-27 07:30:00,"1,3","226,7","0,0","22,1","80,9","909,5"
2023-12-27 08:30:00,"1,3","224,0","0,0","23,1","76,5","910,0"
2023-12-27 09:30:00,"1,6","227,3","0,0","24,1","72,2","910,4"
2023-12-27 10:30:00,"1,8","222,6","0,0","25,2","68,6","910,3"
2023-12-27 11:30:00,"1,3","172,4","0,0","26,3","64,8","909,9"
2023-12-27 12:30:00,"1,8","160,6","0,1","26,1","67,7","909,2"
2023-12-27 13:30:00,"1,7","142,2","0,0","26,1","69,5","908,6"
2023-12-27 14:30:00,"2,2","167,9","9,0","24,6","78,6","908,1"
2023-12-27 15:30:00,"1,5","142,6","14,2","24,2","80,9","907,7"
2023-12-27 16:30:00,"2,3","68,9","22,7","22,6","87,7","908,0"
2023-12-27 17:30:00,"1,2","69,7","1,5","21,7","86,2","908,7"
2023-12-27 18:30:00,"1,5","262,5","10,5","21,7","88,1","909,1"
2023-12-27 19:30:00,"1,7","179,2","0,0","21,7","88,6","910,0"
2023-12-27 20:30:00,"1,1","186,5","0,0","21,2","87,8","910,8"
2023-12-27 21:30:00,"1,2","101,0","0,0","20,8","89,5","911,2"
2023-12-27 22:30:00,"1,0","158,7","0,0","20,5","89,8","911,1"
2023-12-27 23:30:00,"0,9","167,3","0,0","20,4","89,5","910,5"
2023-12-28 00:30:00,"1,1","161,4","0,0","20,3","89,9","910,1"
2023-12-28 01:30:00,"1,2","157,7","0,0","20,0","90,1","909,7"
2023-12-28 02:30:00,"1,7","108,0","0,4","19,9","90,3","909,3"
2023-12-28 03:30:00,"3,1","74,4","0,0","20,0","90,5","909,0"
2023-12-28 04:30:00,"3,9","63,5","0,0","19,8","90,4","909,2"
2023-12-28 05:30:00,"4,4","65,9","0,0","19,7","90,4","909,7"
2023-12-28 06:30:00,"5,1","67,3","0,0","19,6","90,4","910,0"
2023-12-28 07:30:00,"3,9","72,7","0,0","19,6","90,4","910,7"
2023-12-28 08:30:00,"3,2","77,1","0,0","20,1","89,1","911,4"
2023-12-28 09:30:00,"3,3","71,0","0,0","20,8","85,5","911,7"
2023-12-28 10:30:00,"3,4","80,7","0,0","22,2","78,0","911,6"
2023-12-28 11:30:00,"2,5","83,4","0,0","22,4","79,2","911,5"
2023-12-28 12:30:00,"1,5","89,0","0,0","23,0","77,5","911,1"
2023-12-28 13:30:00,"3,2","63,4","0,0","23,3","74,9","910,5"
2023-12-28 14:30:00,"3,5","59,4","0,0","23,4","74,9","909,6"
2023-12-28 15:30:00,"3,1","76,7","0,0","23,7","74,0","909,1"
2023-12-28 16:30:00,"4,2","65,9","0,0","23,7","73,8","908,7"
2023-12-28 17:30:00,"3,2","79,6","0,0","23,6","73,5","908,8"
2023-12-28 18:30:00,"3,5","61,1","0,0","22,6","77,9","909,2"
2023-12-28 19:30:00,"4,2","65,9","0,0","21,7","82,0","909,6"
2023-12-28 20:30:00,"4,5","66,4","0,0","21,0","84,5","909,9"
2023-12-28 21:30:00,"3,3","54,5","0,0","20,8","85,2","910,3"
2023-12-28 22:30:00,"3,5","56,1","0,0","20,4","86,5","910,6"
2023-12-28 23:30:00,"4,7","55,7","0,0","20,3","86,4","910,4"
2023-12-29 00:30:00,"4,0","49,4","0,0","20,4","85,8","909,7"
2023-12-29 01:30:00,"3,2","49,2","0,0","20,1","87,2","909,1"
2023-12-29 02:30:00,"2,8","67,5","0,0","20,0","88,4","908,8"
2023-12-29 03:30:00,"3,0","68,4","0,0","19,9","89,3","908,6"
2023-12-29 04:30:00,"3,4","73,6","0,0","19,8","89,9","908,5"
2023-12-29 05:30:00,"3,9","70,5","0,0","19,8","90,2","908,6"
2023-12-29 06:30:00,"3,6","74,0","0,0","20,1","88,3","908,9"
2023-12-29 07:30:00,"4,4","67,2","0,0","20,8","85,1","909,1"
2023-12-29 08:30:00,"4,4","69,5","0,0","21,8","81,2","909,1"
2023-12-29 09:30:00,"4,2","62,4","0,0","22,0","79,0","909,5"
2023-12-29 10:30:00,"3,5","41,0","0,0","23,1","72,0","909,7"
2023-12-29 11:30:00,"3,4","61,5","0,0","24,4","68,3","909,5"
2023-12-29 12:30:00,"3,5","78,0","0,0","25,4","66,3","908,8"
2023-12-29 13:30:00,"3,7","74,9","0,0","26,5","64,1","907,9"
2023-12-29 14:30:00,"3,5","65,1","0,0","27,4","62,1","907,3"
2023-12-29 15:30:00,"4,0","64,0","0,0","27,8","61,8","906,3"
2023-12-29 16:30:00,"4,7","61,6","0,0","27,6","62,8","905,7"
2023-12-29 17:30:00,"4,4","66,3","0,0","26,9","65,8","905,4"
2023-12-29 18:30:00,"4,2","64,3","0,0","26,0","69,4","906,1"
2023-12-29 19:30:00,"2,6","108,4","0,0","25,0","75,0","907,2"
2023-12-29 20:30:00,"1,4","195,4","0,0","23,5","83,1","907,9"
2023-12-29 21:30:00,"3,2","66,4","14,2","22,5","82,4","908,8"
2023-12-29 22:30:00,"1,7","47,4","0,0","21,8","82,8","908,9"
2023-12-29 23:30:00,"2,2","55,5","0,0","22,3","78,9","908,6"
2023-12-30 00:30:00,"2,5","55,8","0,0","22,0","82,2","907,8"
2023-12-30 01:30:00,"3,5","54,4","0,0","21,9","85,1","907,3"
2023-12-30 02:30:00,"3,6","40,3","0,0","22,1","84,9","907,0"
2023-12-30 03:30:00,"4,1","53,4","0,0","21,6","85,8","906,7"
2023-12-30 04:30:00,"3,4","47,0","0,0","21,5","83,2","906,9"
2023-12-30 05:30:00,"4,4","52,8","0,0","21,3","82,4","907,3"
2023-12-30 06:30:00,"3,8","54,6","0,0","21,4","81,2","907,9"
2023-12-30 07:30:00,"4,1","58,3","0,0","22,4","77,4","908,4"
2023-12-30 08:30:00,"1,8","62,2","0,0","24,9","72,1","908,7"
2023-12-30 09:30:00,"4,4","42,0","0,0","25,8","68,0","908,4"
2023-12-30 10:30:00,"3,4","41,4","0,0","26,7","65,7","908,2"
2023-12-30 11:30:00,"3,8","349,2","0,6","25,3","68,4","908,1"
2023-12-30 12:30:00,"1,4","142,7","0,0","23,0","71,9","908,3"
2023-12-30 13:30:00,"1,6","129,8","0,2","22,7","77,0","907,3"
2023-12-30 14:30:00,"1,8","70,6","0,0","22,2","81,2","906,2"
2023-12-30 15:30:00,"1,2","90,7","0,0","23,0","74,9","905,7"
2023-12-30 16:30:00,"2,2","68,0","0,0","22,6","78,7","906,0"
2023-12-30 17:30:00,"1,6","46,2","0,0","22,7","77,4","906,6"
2023-12-30 18:30:00,"2,0","229,6","0,0","22,3","81,2","907,2"
2023-12-30 19:30:00,"2,0","239,7","0,0","22,1","79,7","907,7"
2023-12-30 20:30:00,"1,2","246,5","0,0","22,0","76,2","908,6"
2023-12-30 21:30:00,"1,3","176,4","0,0","21,9","79,3","909,2"
2023-12-30 22:30:00,"1,7","229,7","0,0","21,2","86,2","908,9"
2023-12-30 23:30:00,"1,8","233,9","0,0","20,9","88,7","908,3"
2023-12-31 00:30:00,"1,6","184,9","0,0","20,8","88,8","907,8"
2023-12-31 01:30:00,"0,9","125,0","0,0","20,7","89,2","908,0"
2023-12-31 02:30:00,"1,0","169,0","0,0","20,7","88,7","907,6"
2023-12-31 03:30:00,"1,3","158,7","0,0","20,6","89,5","907,4"
2023-12-31 04:30:00,"1,4","152,0","0,0","20,4","89,8","907,7"
2023-12-31 05:30:00,"2,0","87,4","2,7","20,4","90,1","908,3"
2023-12-31 06:30:00,"3,6","65,1","0,0","20,4","90,2","908,9"
2023-12-31 07:30:00,"3,9","65,0","0,0","20,8","87,2","909,5"
2023-12-31 08:30:00,"3,6","66,1","0,0","21,8","81,5","910,0"
2023-12-31 09:30:00,"3,8","60,9","0,0","22,7","76,2","910,4"
2023-12-31 10:30:00,"3,0","70,5","0,0","23,5","72,8","910,5"
2023-12-31 11:30:00,"2,1","90,4","0,0","23,6","72,4","910,2"
2023-12-31 12:30:00,"1,9","80,5","0,0","24,2","71,2","909,6"
2023-12-31 13:30:00,"3,6","59,8","0,0","23,8","71,2","909,0"
2023-12-31 14:30:00,"2,8","63,2","0,0","24,4","69,4","908,2"
2023-12-31 15:30:00,"2,4","79,5","0,0","24,5","68,6","907,8"
2023-12-31 16:30:00,"2,0","158,7","0,0","23,4","77,9","907,4"
2023-12-31 17:30:00,"1,4","177,8","0,1","22,5","83,1","907,6"
2023-12-31 18:30:00,"1,5","166,2","0,0","21,7","84,2","907,9"
2023-12-31 19:30:00,"1,7","169,6","0,0","21,3","85,7","908,5"
2023-12-31 20:30:00,"2,2","176,4","0,0","20,8","87,5","909,0"
2023-12-31 21:30:00,"2,0","178,0","0,0","20,5","87,6","909,4"
2023-12-31 22:30:00,"1,5","161,9","0,0","20,4","87,2","909,8"
2023-12-31 23:30:00,"1,1","162,9","2,4","20,1","87,9","909,6"
2024-01-01 00:30:00,"1,3","166,5","0,5","19,7","89,1","909,3"
2024-01-01 01:30:00,"1,1","153,7","0,5","19,5","89,7","908,9"
2024-01-01 02:30:00,"1,2","167,8","0,2","19,2","90,0","908,4"
2024-01-01 03:30:00,"1,5","187,7","0,5","19,0","90,1","908,2"
2024-01-01 04:30:00,"1,9","194,5","16,5","18,8","90,3","908,4"
2024-01-01 05:30:00,"1,7","226,4","16,3","18,5","90,3","908,8"
2024-01-01 06:30:00,"0,8","212,4","12,5","18,5","90,4","909,4"
2024-01-01 07:30:00,"1,3","160,5","5,3","18,4","90,3","909,5"
2024-01-01 08:30:00,"1,7","195,8","0,3","18,6","90,4","909,9"
2024-01-01 09:30:00,"1,5","191,0","0,0","18,8","90,3","910,0"
2024-01-01 10:30:00,"1,4","170,7","0,0","18,9","90,2","910,1"
2024-01-01 11:30:00,"1,4","186,2","2,7","19,0","90,1","909,8"
2024-01-01 12:30:00,"1,3","174,3","0,1","19,0","90,0","909,3"
2024-01-01 13:30:00,"1,3","157,6","0,2","19,1","90,0","908,6"
2024-01-01 14:30:00,"1,4","164,2","0,0","19,2","89,7","908,0"
2024-01-01 15:30:00,"1,3","167,9","0,1","19,1","89,7","907,8"
2024-01-01 16:30:00,"1,0","156,4","0,7","19,1","89,9","908,0"
2024-01-01 17:30:00,"1,2","176,7","0,6","19,0","90,0","908,1"
2024-01-01 18:30:00,"1,4","207,3","0,0","18,8","90,2","908,4"
2024-01-01 19:30:00,"0,9","182,1","0,0","18,8","90,3","908,7"
2024-01-01 20:30:00,"0,6","177,9","0,1","18,8","90,4","909,0"
2024-01-01 21:30:00,"0,7","179,6","0,0","18,9","90,4","909,5"
2024-01-01 22:30:00,"0,8","187,2","0,0","18,8","90,4","909,5"
2024-01-01 23:30:00,"0,7","224,5","0,1","18,8","90,5","909,3"
2024-01-02 00:30:00,"1,5","59,7","0,3","18,9","90,3","908,7"
2024-01-02 01:30:00,"1,0","75,7","0,0","19,0","90,1","908,2"
2024-01-02 02:30:00,"0,7","49,1","0,1","19,0","90,3","908,0"
2024-01-02 03:30:00,"0,7","160,0","0,0","18,8","90,4","907,7"
2024-01-02 04:30:00,"0,4","204,5","0,0","18,9","90,4","907,9"
2024-01-02 05:30:00,"0,9","184,5","0,2","18,9","90,4","908,3"
2024-01-02 06:30:00,"1,0","181,6","5,1","18,9","90,5","908,6"
2024-01-02 07:30:00,"1,0","188,3","0,9","19,1","90,5","908,8"
2024-01-02 08:30:00,"0,8","228,8","0,0","19,3","90,5","909,0"
2024-01-02 09:30:00,"0,9","56,6","0,0","19,9","88,5","909,0"
2024-01-02 10:30:00,"2,1","74,5","0,0","21,4","80,3","908,8"
2024-01-02 11:30:00,"2,0","76,8","0,0","21,9","78,9","908,4"
2024-01-02 12:30:00,"2,6","73,5","0,0","22,5","76,1","907,8"
2024-01-02 13:30:00,"1,8","157,7","0,0","22,0","81,3","906,9"
2024-01-02 14:30:00,"1,5","142,1","0,0","22,8","77,9","906,4"
2024-01-02 15:30:00,"2,0","96,2","0,0","23,6","73,8","905,8"
2024-01-02 16:30:00,"1,9","85,0","0,0","23,3","75,7","905,6"
2024-01-02 17:30:00,"1,8","95,3","0,0","23,0","78,9","905,9"
2024-01-02 18:30:00,"2,5","67,7","0,0","22,6","79,9","906,5"
2024-01-02 19:30:00,"3,7","58,7","0,0","22,0","81,7","907,1"
2024-01-02 20:30:00,"3,2","53,7","0,0","21,8","81,0","907,7"
2024-01-02 21:30:00,"4,4","65,9","0,0","21,4","83,6","908,0"
2024-01-02 22:30:00,"3,8","65,3","0,0","21,0","86,1","908,0"
2024-01-02 23:30:00,"3,4","63,7","0,0","20,8","86,1","907,5"
2024-01-03 00:30:00,"4,6","66,2","0,0","20,5","84,7","907,2"
2024-01-03 01:30:00,"4,1","59,6","0,0","20,3","85,6","906,9"
2024-01-03 02:30:00,"5,0","59,7","0,0","20,0","86,7","906,5"
2024-01-03 03:30:00,"4,3","62,8","0,0","19,9","88,3","906,4"
2024-01-03 04:30:00,"4,8","65,9","0,0","19,9","89,3","906,6"
2024-01-03 05:30:00,"4,4","80,3","0,0","19,9","89,2","906,9"
2024-01-03 07:30:00,"4,3","63,7","0,0","20,1","90,6","908,4"
2024-01-03 08:30:00,"3,8","61,6","0,0","20,5","89,1","908,6"
2024-01-03 09:30:00,"3,6","67,4","0,0","21,2","86,1","908,9"
2024-01-03 10:30:00,"3,2","42,0","0,0","22,2","81,4","908,9"
2024-01-03 11:30:00,"3,1","55,2","0,0","23,4","76,2","908,1"
2024-01-03 12:30:00,"5,0","27,5","1,8","21,5","82,2","907,9"
2024-01-03 13:30:00,"3,6","23,5","0,3","21,3","83,8","907,5"
2024-01-03 14:30:00,"1,7","44,1","0,2","21,2","87,0","907,0"
2024-01-03 15:30:00,"1,3","105,8","0,0","21,4","88,0","906,8"
2024-01-03 16:30:00,"1,2","150,8","0,0","21,7","87,2","906,6"
2024-01-03 17:30:00,"1,2","161,8","0,0","21,4","88,5","906,7"
2024-01-03 18:30:00,"0,8","177,2","0,0","21,2","89,3","907,1"
2024-01-03 19:30:00,"1,9","81,2","3,6","21,1","90,2","907,5"
2024-01-03 20:30:00,"6,3","72,7","19,1","20,4","90,5","907,9"
2024-01-03 21:30:00,"5,2","64,3","12,1","20,4","90,6","908,3"
2024-01-03 22:30:00,"4,7","68,4","7,0","20,3","90,7","908,1"
2024-01-03 23:30:00,"4,4","60,3","1,2","20,3","90,7","907,6"
2024-01-04 00:30:00,"4,1","63,1","0,6","20,3","90,8","906,9"
2024-01-04 01:30:00,"4,3","58,6","1,3","20,4","90,8","906,2"
2024-01-04 02:30:00,"4,7","52,1","0,0","20,3","90,4","905,7"
2024-01-04 03:30:00,"4,8","52,0","0,0","20,3","90,1","905,5"
2024-01-04 04:30:00,"5,0","48,8","0,0","20,5","88,7","905,7"
2024-01-04 05:30:00,"4,6","46,9","0,3","20,5","88,6","906,1"
2024-01-04 06:30:00,"3,6","44,6","1,0","20,5","89,5","906,5"
2024-01-04 07:30:00,"3,6","44,2","0,5","20,6","89,3","907,0"
2024-01-04 08:30:00,"4,5","48,4","0,2","20,7","89,2","907,4"
2024-01-04 09:30:00,"4,1","45,3","0,2","21,3","87,6","907,3"
2024-01-04 10:30:00,"4,8","44,4","8,9","21,1","88,9","907,0"
2024-01-04 11:30:00,"4,1","47,9","0,7","21,2","88,1","906,6"
2024-01-04 12:30:00,"4,4","21,6","6,0","21,4","87,2","906,2"
2024-01-04 13:30:00,"4,1","35,4","0,2","21,9","86,1","905,4"
2024-01-04 14:30:00,"2,8","45,8","0,5","22,1","86,6","904,9"
2024-01-04 15:30:00,"1,7","12,6","0,5","23,0","82,2","904,5"
2024-01-04 16:30:00,"1,2","36,6","0,5","22,3","86,0","904,4"
2024-01-04 17:30:00,"2,0","60,4","0,0","22,4","88,5","904,9"
2024-01-04 18:30:00,"2,4","63,3","0,0","22,2","90,0","905,2"
2024-01-04 19:30:00,"1,2","68,4","0,0","22,0","90,0","905,7"
2024-01-04 20:30:00,"1,3","58,5","0,0","21,8","89,4","906,2"
2024-01-04 21:30:00,"1,1","63,5","0,0","21,9","87,4","906,6"
2024-01-04 22:30:00,"1,2","64,6","0,1","21,9","86,4","906,9"
2024-01-04 23:30:00,"1,5","32,3","0,0","21,6","87,4","906,5"
2024-01-05 00:30:00,"1,7","40,8","0,0","21,6","87,1","905,9"
2024-01-05 01:30:00,"1,3","21,2","0,0","21,3","88,3","905,3"
2024-01-05 02:30:00,"0,8","255,0","2,1","21,1","88,8","904,8"
2024-01-05 03:30:00,"1,5","228,6","2,1","20,9","90,1","904,7"
2024-01-05 04:30:00,"1,8","229,0","7,2","20,7","90,6","905,1"
2024-01-05 05:30:00,"1,5","228,6","0,5","20,6","90,8","905,6"
2024-01-05 06:30:00,"1,5","225,8","0,0","20,6","90,8","905,9"
2024-01-05 07:30:00,"1,4","228,1","0,0","20,8","90,6","906,3"
2024-01-05 08:30:00,"2,0","227,3","0,0","21,8","82,1","906,7"
2024-01-05 09:30:00,"1,9","223,2","0,0","22,9","76,5","906,9"
2024-01-05 10:30:00,"2,0","230,9","0,0","24,2","70,9","906,7"
2024-01-05 11:30:00,"1,7","240,8","0,0","25,2","67,2","906,2"
2024-01-05 12:30:00,"1,0","93,9","0,0","26,3","64,0","905,5"
2024-01-05 13:30:00,"0,9","221,5","0,0","27,8","56,8","904,7"
2024-01-05 14:30:00,"1,9","253,3","0,3","26,6","61,1","904,1"
2024-01-05 15:30:00,"2,2","81,3","5,9","22,9","81,7","903,9"
2024-01-05 16:30:00,"2,5","65,4","0,0","23,1","82,6","903,8"
2024-01-05 17:30:00,"4,2","52,9","0,3","21,9","84,1","904,1"
2024-01-05 18:30:00,"3,0","48,2","0,0","21,6","84,0","904,8"
2024-01-05 19:30:00,"3,6","49,6","0,0","21,6","80,3","905,6"
2024-01-05 20:30:00,"2,6","60,9","0,0","21,2","83,0","906,4"
2024-01-05 21:30:00,"1,5","57,0","0,0","20,9","83,8","907,2"
2024-01-05 22:30:00,"1,0","42,4","0,0","20,9","84,3","907,8"
2024-01-05 23:30:00,"1,4","42,5","0,0","20,7","85,9","907,7"
2024-01-06 00:30:00,"0,9","70,0","0,0","20,7","88,3","907,1"
2024-01-06 01:30:00,"1,1","54,4","0,0","20,6","88,3","906,8"
2024-01-06 02:30:00,"0,8","221,8","0,0","20,5","88,7","906,6"
2024-01-06 03:30:00,"1,0","81,9","0,0","20,2","89,8","906,6"
2024-01-06 04:30:00,"0,8","259,0","0,0","20,1","90,2","906,8"
2024-01-06 05:30:00,"0,4","253,4","0,0","20,3","90,3","907,0"
2024-01-06 06:30:00,"0,7","220,8","0,0","20,4","90,3","907,5"
2024-01-06 07:30:00,"0,6","206,4","0,0","21,1","86,8","907,8"
2024-01-06 08:30:00,"0,9","193,3","0,0","21,9","81,9","908,1"
2024-01-06 09:30:00,"0,9","247,1","0,0","23,3","75,9","908,3"
2024-01-06 10:30:00,"0,8","274,4","0,0","23,9","73,3","908,1"
2024-01-06 11:30:00,"1,4","32,5","0,0","25,0","67,4","908,0"
2024-01-06 12:30:00,"1,7","38,8","0,0","25,7","65,2","907,6"
2024-01-06 13:30:00,"1,5","52,2","0,0","26,5","61,2","906,9"
2024-01-06 14:30:00,"1,8","53,7","0,0","27,5","56,7","906,0"
2024-01-06 15:30:00,"1,6","102,7","0,0","27,8","55,7","905,5"
2024-01-06 16:30:00,"3,1","243,6","0,0","26,3","59,0","905,5"
2024-01-06 17:30:00,"1,8","209,2","0,0","24,9","65,4","905,8"
2024-01-06 18:30:00,"1,3","223,6","0,0","23,1","73,5","906,6"
2024-01-06 19:30:00,"0,9","255,9","0,0","22,8","76,3","907,5"
2024-01-06 20:30:00,"0,9","240,1","0,0","23,1","75,3","908,2"
2024-01-06 21:30:00,"1,8","60,7","0,0","23,0","77,2","908,6"
2024-01-06 22:30:00,"1,2","26,7","0,0","22,6","79,8","908,8"
2024-01-06 23:30:00,"3,0","43,6","0,0","23,2","74,1","908,2"
2024-01-07 00:30:00,"0,8","272,1","0,0","21,7","85,2","908,0"
2024-01-07 01:30:00,"0,5","209,8","0,0","21,4","86,0","907,6"
2024-01-07 02:30:00,"0,9","227,1","0,0","21,2","87,7","907,4"
2024-01-07 03:30:00,"0,9","179,1","0,0","20,9","89,5","907,1"
2024-01-07 04:30:00,"1,2","183,3","0,0","20,8","90,2","907,4"
2024-01-07 05:30:00,"1,5","59,3","0,0","20,7","90,3","907,7"
2024-01-07 06:30:00,"2,6","81,4","0,0","20,9","89,3","908,5"
2024-01-07 07:30:00,"3,2","65,2","0,0","21,2","87,8","909,3"
2024-01-07 08:30:00,"4,3","67,2","0,0","22,2","82,7","909,4"
2024-01-07 09:30:00,"4,1","58,3","0,0","23,3","76,5","909,8"
2024-01-07 10:30:00,"4,1","61,2","0,1","23,9","74,6","909,8"
2024-01-07 11:30:00,"2,4","78,5","0,0","23,6","78,3","909,6"
2024-01-07 12:30:00,"2,0","137,6","0,0","23,1","77,1","909,3"
2024-01-07 13:30:00,"2,3","133,8","0,0","24,5","72,3","908,6"
2024-01-07 14:30:00,"3,0","88,7","0,0","25,3","65,3","907,8"
2024-01-07 15:30:00,"3,1","86,9","0,0","25,4","67,3","907,3"
2024-01-07 16:30:00,"1,8","97,3","0,0","25,6","68,8","907,3"
2024-01-07 17:30:00,"1,5","94,3","0,0","25,0","71,6","907,6"
2024-01-07 18:30:00,"1,2","164,7","0,0","23,8","79,8","908,2"
2024-01-07 19:30:00,"1,0","150,1","0,0","23,0","81,7","908,5"
2024-01-07 20:30:00,"0,9","57,1","0,0","22,9","82,0","909,0"
2024-01-07 21:30:00,"2,5","58,9","0,0","22,9","79,7","909,3"
2024-01-07 22:30:00,"3,4","63,5","0,0","22,7","77,8","909,4"
2024-01-07 23:30:00,"4,3","68,6","0,0","22,3","77,6","908,9"
2024-01-08 00:30:00,"4,4","63,8","0,0","22,0","78,2","908,4"
2024-01-08 01:30:00,"3,6","59,8","0,0","21,9","78,6","908,2"
2024-01-08 02:30:00,"2,8","59,1","0,0","21,6","80,7","908,0"
2024-01-08 03:30:00,"3,1","60,1","0,0","21,2","82,7","908,2"
2024-01-08 04:30:00,"3,8","55,5","0,0","21,0","84,5","908,6"
2024-01-08 05:30:00,"3,4","59,5","0,0","20,7","85,3","908,8"
2024-01-08 06:30:00,"3,6","71,9","0,0","21,1","83,5","909,3"
2024-01-08 07:30:00,"4,9","72,1","0,0","21,9","80,1","909,7"
2024-01-08 08:30:00,"5,4","69,5","0,0","22,9","73,5","910,0"
2024-01-08 09:30:00,"3,8","54,0","0,0","23,8","69,7","910,2"
2024-01-08 10:30:00,"4,0","48,6","0,0","24,3","68,4","909,9"
2024-01-08 11:30:00,"4,0","60,3","0,0","25,8","62,7","909,3"
2024-01-08 12:30:00,"3,5","61,9","0,0","26,7","59,6","908,7"
2024-01-08 13:30:00,"3,1","69,3","0,0","27,1","58,4","907,9"
2024-01-08 14:30:00,"3,1","74,8","0,0","27,3","58,6","907,4"
2024-01-08 15:30:00,"3,1","88,9","0,0","26,2","65,2","907,1"
2024-01-08 16:30:00,"3,2","56,5","0,0","25,2","69,5","907,2"
2024-01-08 17:30:00,"3,4","54,0","0,0","24,8","71,5","907,6"
2024-01-08 18:30:00,"2,8","59,2","0,0","24,1","73,2","908,4"
2024-01-08 19:30:00,"4,4","38,5","0,0","23,2","75,1","909,1"
2024-01-08 20:30:00,"4,4","55,2","0,0","22,0","78,8","909,7"
2024-01-08 21:30:00,"1,5","134,5","0,6","21,6","82,5","910,4"
2024-01-08 22:30:00,"1,3","272,8","0,0","21,5","82,1","910,5"
2024-01-08 23:30:00,"0,7","225,5","0,0","21,3","85,3","910,1"
2024-01-09 00:30:00,"1,0","225,9","0,0","21,1","87,4","909,7"
2024-01-09 01:30:00,"0,8","266,2","0,1","20,8","87,5","909,4"
2024-01-09 02:30:00,"2,5","288,1","0,2","21,3","81,9","909,0"
2024-01-09 03:30:00,"1,1","249,1","0,0","21,4","80,8","908,7"
2024-01-09 04:30:00,"3,3","291,0","0,0","21,6","77,1","908,9"
2024-01-09 05:30:00,"1,7","278,4","0,0","21,6","77,2","909,3"
2024-01-09 06:30:00,"1,8","313,3","0,0","22,0","75,2","909,7"
2024-01-09 07:30:00,"2,2","69,1","0,0","21,3","84,3","910,3"
2024-01-09 08:30:00,"2,0","83,0","0,0","22,0","84,4","910,9"
2024-01-09 09:30:00,"1,1","157,3","0,0","24,0","75,3","911,2"
2024-01-09 10:30:00,"1,4","75,8","0,0","24,9","73,0","911,0"
2024-01-09 11:30:00,"1,6","292,6","0,0","26,9","59,4","910,7"
2024-01-09 12:30:00,"1,7","245,0","0,0","28,1","52,6","909,8"
2024-01-09 13:30:00,"2,5","97,4","13,4","25,8","63,2","909,0"
2024-01-09 14:30:00,"3,7","85,9","0,6","23,0","72,0","908,5"
2024-01-09 15:30:00,"4,0","73,1","0,0","22,3","78,6","908,3"
2024-01-09 16:30:00,"1,4","184,4","0,0","21,9","79,8","908,8"
2024-01-09 17:30:00,"0,9","198,3","0,0","21,5","79,5","908,6"
2024-01-09 18:30:00,"0,9","269,3","0,0","21,3","81,6","908,7"
2024-01-09 19:30:00,"1,2","242,6","0,0","21,0","82,1","909,1"
2024-01-09 20:30:00,"0,9","233,1","0,0","20,6","84,3","909,8"
2024-01-09 21:30:00,"0,6","269,7","0,0","20,7","84,6","910,2"
2024-01-09 22:30:00,"0,6","136,8","0,0","20,7","86,3","910,5"
2024-01-09 23:30:00,"0,8","251,0","0,0","20,3","89,0","909,9"
2024-01-10 00:30:00,"0,5","270,1","0,0","20,1","89,8","909,5"
2024-01-10 01:30:00,"0,6","263,6","0,0","20,4","89,2","908,9"
2024-01-10 02:30:00,"0,6","239,6","0,0","20,1","88,9","908,7"
2024-01-10 03:30:00,"0,8","241,0","0,0","20,3","86,5","908,9"
2024-01-10 04:30:00,"1,3","93,5","0,0","20,1","88,0","909,0"
2024-01-10 05:30:00,"1,4","72,4","0,0","20,1","86,4","909,5"
2024-01-10 06:30:00,"0,8","58,7","0,0","20,7","85,8","910,1"
2024-01-10 07:30:00,"1,3","87,3","0,0","22,4","79,0","910,4"
2024-01-10 08:30:00,"3,2","72,7","0,0","23,5","72,4","910,6"
2024-01-10 09:30:00,"4,0","72,6","0,0","24,8","68,9","910,6"
2024-01-10 10:30:00,"4,6","67,9","0,0","25,6","62,8","910,3"
2024-01-10 11:30:00,"3,8","65,8","0,0","26,6","60,5","909,7"
2024-01-10 12:30:00,"2,8","63,0","0,0","27,9","55,3","909,1"
2024-01-10 13:30:00,"2,8","70,3","0,0","28,6","52,1","908,4"
2024-01-10 14:30:00,"2,7","91,4","0,0","27,9","55,0","907,9"
2024-01-10 15:30:00,"2,2","101,6","0,0","26,5","63,0","907,6"
2024-01-10 16:30:00,"1,6","120,4","0,0","25,5","70,6","907,8"
2024-01-10 17:30:00,"3,1","73,4","0,0","25,0","68,5","908,3"
2024-01-10 18:30:00,"1,9","63,0","0,0","24,6","70,3","908,8"
2024-01-10 19:30:00,"2,0","63,7","0,0","24,2","71,7","909,0"
2024-01-10 20:30:00,"2,6","54,9","0,0","24,1","71,9","909,3"
2024-01-10 21:30:00,"1,4","101,5","0,0","23,7","75,3","910,0"
2024-01-10 22:30:00,"1,0","25,7","0,0","23,2","79,9","910,3"
2024-01-10 23:30:00,"1,1","110,9","0,0","22,8","82,2","910,1"
2024-01-11 00:30:00,"0,9","47,5","0,0","22,5","83,6","909,8"
2024-01-11 01:30:00,"1,3","68,8","0,0","22,4","81,4","909,3"
2024-01-11 02:30:00,"0,4","239,3","0,0","21,8","87,0","908,9"
2024-01-11 03:30:00,"1,3","53,1","0,0","21,6","86,4","908,8"
2024-01-11 04:30:00,"2,8","68,6","0,0","21,7","83,6","909,1"
2024-01-11 05:30:00,"3,3","63,0","0,0","21,5","83,2","909,5"
2024-01-11 06:30:00,"4,2","67,9","0,0","21,2","85,3","909,8"
2024-01-11 07:30:00,"4,7","65,8","0,0","21,7","83,2","909,9"
2024-01-11 08:30:00,"4,9","67,1","0,0","22,5","78,4","910,1"
2024-01-11 09:30:00,"4,6","63,3","0,0","23,0","76,5","910,2"
2024-01-11 10:30:00,"5,1","61,0","0,0","24,1","71,0","910,1"
2024-01-11 11:30:00,"4,8","58,7","0,0","25,5","64,1","909,5"
2024-01-11 12:30:00,"4,2","53,6","0,0","26,3","61,2","909,0"
2024-01-11 13:30:00,"3,4","65,9","0,0","27,1","57,9","908,2"
2024-01-11 14:30:00,"3,2","66,8","0,0","27,6","56,9","907,3"
2024-01-11 15:30:00,"3,0","79,9","0,0","27,6","56,7","906,7"
2024-01-11 16:30:00,"2,8","206,7","16,0","25,8","66,1","906,7"
2024-01-11 17:30:00,"2,2","235,8","5,5","21,2","88,5","907,4"
2024-01-11 18:30:00,"0,8","246,2","0,1","20,6","86,8","907,5"
2024-01-11 19:30:00,"1,6","258,2","0,0","21,0","84,7","907,9"
2024-01-11 20:30:00,"0,9","91,8","0,0","22,6","76,3","908,3"
2024-01-11 21:30:00,"1,3","51,6","0,0","22,4","78,3","908,5"
2024-01-11 22:30:00,"1,2","54,4","0,0","22,1","81,2","909,0"
2024-01-11 23:30:00,"3,0","49,6","0,0","22,2","78,1","908,4"
2024-01-12 00:30:00,"2,5","40,4","0,0","22,0","73,9","907,9"
2024-01-12 01:30:00,"3,5","44,1","0,0","22,2","70,2","907,5"
2024-01-12 02:30:00,"2,9","42,4","0,0","21,8","73,1","907,2"
2024-01-12 03:30:00,"4,3","48,5","0,0","21,5","74,4","907,0"
2024-01-12 04:30:00,"3,5","48,8","0,0","21,4","77,8","907,2"
2024-01-12 05:30:00,"3,7","51,1","0,0","21,3","75,0","907,4"
2024-01-12 06:30:00,"3,7","64,6","0,0","21,0","77,9","907,7"
2024-01-12 07:30:00,"4,3","44,5","0,0","22,4","68,5","907,8"
2024-01-12 08:30:00,"4,3","49,7","0,0","23,7","59,4","908,1"
2024-01-12 09:30:00,"3,3","59,9","0,0","24,9","59,8","908,4"
2024-01-12 10:30:00,"2,6","43,4","0,0","26,2","54,3","908,5"
2024-01-12 13:30:00,"2,1","67,3","0,0","28,6","51,8","906,1"
2024-01-12 14:30:00,"2,6","38,9","0,0","29,2","50,8","905,7"
2024-01-12 15:30:00,"2,6","12,5","0,0","29,2","52,1","905,3"
2024-01-12 16:30:00,"2,2","211,9","0,0","26,0","64,8","905,5"
2024-01-12 17:30:00,"1,2","230,3","0,0","24,9","70,0","905,8"
2024-01-12 18:30:00,"1,2","197,9","0,0","23,8","76,9","906,6"
2024-01-12 19:30:00,"1,3","148,0","0,0","22,9","80,4","907,1"
2024-01-12 20:30:00,"0,7","232,2","0,0","22,9","80,4","907,6"
2024-01-12 21:30:00,"0,7","121,2","0,0","23,2","79,0","908,2"
2024-01-12 22:30:00,"0,8","278,7","0,0","22,8","83,7","908,7"
2024-01-12 23:30:00,"3,7","44,4","11,5","22,0","84,5","908,7"
2024-01-13 00:30:00,"2,5","19,2","0,6","21,6","83,4","908,4"
2024-01-13 01:30:00,"1,3","239,7","0,0","21,1","86,9","908,5"
2024-01-13 02:30:00,"1,6","134,1","0,0","20,8","87,2","908,2"
2024-01-13 03:30:00,"3,3","66,3","0,0","20,4","88,7","908,1"
2024-01-13 04:30:00,"5,9","62,8","1,6","20,0","89,5","908,1"
2024-01-13 05:30:00,"5,8","56,8","0,0","19,4","88,9","908,3"
2024-01-13 06:30:00,"3,6","43,6","0,0","19,9","84,5","908,8"
2024-01-13 07:30:00,"2,9","64,6","0,0","21,0","81,6","909,1"
2024-01-13 08:30:00,"3,1","69,1","0,0","22,2","77,3","909,4"
2024-01-13 09:30:00,"3,1","58,6","0,0","23,8","70,3","909,6"
2024-01-13 10:30:00,"3,0","53,7","0,0","24,9","65,5","909,6"
2024-01-13 11:30:00,"3,0","76,2","0,0","25,9","62,0","909,2"
2024-01-13 12:30:00,"3,3","74,1","0,0","26,8","60,0","908,4"
2024-01-13 13:30:00,"3,2","66,1","0,0","27,9","55,4","907,6"
2024-01-13 14:30:00,"2,7","65,9","0,0","28,1","54,8","907,2"
2024-01-13 15:30:00,"1,7","76,5","0,0","28,9","51,7","906,4"
2024-01-13 16:30:00,"2,2","94,3","0,0","28,1","56,0","906,3"
2024-01-13 17:30:00,"2,2","143,8","16,8","22,7","81,6","907,2"
2024-01-13 18:30:00,"1,5","209,7","6,6","20,5","88,6","908,1"
2024-01-13 19:30:00,"1,3","90,9","0,6","20,5","87,7","908,8"
2024-01-13 20:30:00,"0,9","248,6","0,8","20,5","89,0","909,5"
2024-01-13 21:30:00,"1,2","245,6","0,0","19,9","88,7","909,9"
2024-01-13 22:30:00,"1,3","186,4","8,5","20,1","89,2","910,7"
2024-01-13 23:30:00,"1,0","269,4","26,4","19,7","89,2","911,0"
2024-01-14 00:30:00,"1,3","59,2","4,9","20,1","89,9","910,7"
2024-01-14 01:30:00,"2,1","34,7","16,9","19,9","88,7","910,7"
2024-01-14 02:30:00,"1,9","336,5","10,9","20,0","87,1","910,5"
2024-01-14 03:30:00,"1,3","229,7","0,2","19,4","89,0","910,5"
2024-01-14 04:30:00,"0,8","250,6","0,1","19,2","88,3","910,6"
2024-01-14 05:30:00,"0,6","250,6","0,0","19,2","89,0","910,8"
2024-01-14 06:30:00,"0,5","256,8","0,0","19,8","88,2","911,0"
2024-01-14 07:30:00,"0,7","226,9","0,0","21,5","79,6","911,2"
2024-01-14 08:30:00,"1,8","68,6","0,0","22,4","77,2","911,3"
2024-01-14 09:30:00,"4,2","68,8","0,0","23,5","74,4","911,6"
2024-01-14 10:30:00,"3,2","48,3","0,0","24,4","71,0","911,7"
2024-01-14 11:30:00,"3,6","44,3","0,0","24,9","68,1","911,4"
2024-01-14 12:30:00,"4,0","43,1","0,0","26,0","62,1","910,9"
2024-01-14 13:30:00,"3,2","44,7","0,0","27,0","58,3","910,2"
2024-01-14 14:30:00,"3,0","51,2","0,0","27,0","58,1","909,5"
2024-01-14 15:30:00,"1,6","24,9","0,0","26,9","59,8","909,0"
2024-01-14 16:30:00,"1,3","123,5","0,0","26,1","67,7","908,9"
2024-01-14 17:30:00,"1,0","154,0","0,0","25,5","67,4","909,1"
2024-01-14 18:30:00,"2,3","43,2","0,0","24,7","70,1","909,5"
2024-01-14 19:30:00,"2,3","43,5","0,0","24,0","73,2","910,0"
2024-01-14 20:30:00,"2,0","54,9","0,0","23,9","72,9","910,3"
2024-01-14 21:30:00,"2,7","54,6","0,0","23,4","74,7","910,5"
2024-01-14 22:30:00,"3,2","55,7","0,0","22,8","78,2","910,5"
2024-01-14 23:30:00,"2,7","44,1","0,0","22,4","75,3","910,6"
2024-01-15 00:30:00,"2,0","31,0","0,0","22,8","72,6","910,7"
2024-01-15 01:30:00,"0,7","329,8","0,0","22,2","78,8","910,3"
2024-01-15 02:30:00,"1,6","315,2","3,6","21,2","85,7","910,1"
2024-01-15 03:30:00,"2,4","55,7","0,0","21,2","84,7","910,1"
2024-01-15 04:30:00,"2,3","64,4","0,0","20,5","87,2","910,1"
2024-01-15 05:30:00,"3,7","63,7","0,0","20,2","89,5","910,7"
2024-01-15 06:30:00,"1,7","45,2","0,0","20,8","86,4","911,7"
2024-01-15 07:30:00,"2,0","39,8","0,0","22,2","78,5","912,3"
2024-01-15 08:30:00,"1,7","39,0","0,0","23,5","74,6","912,7"
2024-01-15 09:30:00,"2,4","49,4","0,0","24,7","67,8","912,7"
2024-01-15 10:30:00,"3,1","54,2","0,0","25,6","63,6","912,4"
2024-01-15 11:30:00,"3,1","42,6","0,0","26,6","59,4","912,0"
2024-01-15 12:30:00,"2,6","39,6","0,0","28,0","54,8","911,5"
2024-01-15 13:30:00,"2,5","63,7","0,0","28,2","53,7","910,7"
2024-01-15 14:30:00,"2,5","78,8","0,0","28,2","55,0","910,0"
2024-01-15 15:30:00,"2,1","87,2","0,0","28,0","56,3","909,4"
2024-01-15 16:30:00,"6,1","287,2","0,1","25,4","63,5","909,3"
2024-01-15 19:30:00,"0,7","48,1","0,0","23,3","67,5","910,6"
2024-01-15 20:30:00,"1,9","38,2","0,0","23,4","70,8","910,8"
2024-01-15 21:30:00,"2,6","37,4","0,0","23,4","74,1","911,3"
2024-01-15 22:30:00,"3,2","49,1","0,0","23,9","64,4","911,8"
2024-01-15 23:30:00,"2,4","45,4","0,0","23,0","70,0","911,3"
2024-01-16 00:30:00,"3,2","41,4","0,0","22,5","72,9","910,8"
2024-01-16 01:30:00,"4,5","39,5","0,0","22,2","74,1","910,1"
2024-01-16 02:30:00,"3,5","40,5","0,0","21,5","78,1","909,9"
2024-01-16 03:30:00,"3,2","33,4","0,0","21,7","76,6","909,9"
2024-01-16 04:30:00,"0,8","300,7","0,0","20,4","85,0","910,4"
2024-01-16 05:30:00,"2,0","61,4","0,0","19,9","86,5","911,1"
2024-01-16 06:30:00,"2,4","72,2","0,0","20,9","83,2","911,8"
2024-01-16 07:30:00,"3,9","77,2","0,0","22,1","78,9","912,4"
2024-01-16 08:30:00,"3,7","61,0","0,0","22,8","77,7","912,6"
2024-01-16 09:30:00,"3,4","68,2","0,0","23,9","73,1","912,8"
2024-01-16 10:30:00,"3,7","75,8","0,0","24,7","68,6","912,5"
2024-01-16 11:30:00,"3,9","60,3","0,0","25,5","65,1","912,0"
2024-01-16 12:30:00,"3,4","53,4","0,0","26,6","60,7","911,3"
2024-01-16 13:30:00,"4,0","60,2","0,0","27,2","58,8","910,6"
2024-01-16 14:30:00,"3,5","49,2","0,0","27,8","56,5","909,8"
2024-01-16 15:30:00,"3,3","76,0","0,0","28,4","54,6","909,1"
2024-01-16 16:30:00,"3,9","66,6","0,0","28,2","52,7","908,8"
2024-01-16 17:30:00,"3,4","57,6","0,0","27,9","53,6","908,9"
2024-01-16 18:30:00,"2,4","59,6","0,0","26,9","56,8","909,3"
2024-01-16 19:30:00,"1,8","118,5","0,0","25,3","71,2","909,7"
2024-01-16 20:30:00,"1,6","69,3","0,0","24,9","70,9","910,5"
2024-01-16 21:30:00,"1,2","73,5","0,0","24,5","71,6","911,3"
2024-01-16 22:30:00,"2,9","54,3","0,0","24,6","69,3","911,4"
2024-01-16 23:30:00,"3,1","49,7","0,0","24,3","68,8","911,1"
2024-01-17 00:30:00,"3,0","51,9","0,0","24,0","69,8","910,5"
2024-01-17 01:30:00,"3,2","51,3","0,0","23,7","70,7","910,2"
2024-01-17 02:30:00,"2,5","45,1","0,0","23,5","72,1","910,0"
2024-01-17 03:30:00,"2,2","46,8","0,0","23,2","74,3","910,1"
2024-01-17 04:30:00,"2,5","72,6","0,0","22,3","78,5","910,3"
2024-01-17 05:30:00,"3,0","60,8","0,0","21,6","80,4","911,2"
2024-01-17 06:30:00,"4,4","67,9","0,0","21,6","81,1","911,7"
2024-01-17 07:30:00,"5,3","67,9","0,0","22,2","78,0","912,1"
2024-01-17 08:30:00,"5,4","59,9","0,0","23,6","71,9","912,3"
2024-01-17 09:30:00,"4,7","61,0","0,0","24,5","66,5","912,3"
2024-01-17 10:30:00,"2,7","72,1","0,0","26,1","62,6","912,1"
2024-01-17 11:30:00,"2,8","84,3","0,0","27,1","57,3","911,4"
2024-01-17 12:30:00,"1,9","86,4","0,0","28,2","52,7","910,7"
2024-01-17 13:30:00,"2,1","87,9","0,0","29,3","50,6","910,1"
2024-01-17 14:30:00,"2,0","101,5","0,0","30,0","50,9","909,3"
2024-01-17 15:30:00,"2,3","94,3","0,0","29,9","52,8","908,6"
2024-01-17 16:30:00,"2,8","84,5","0,0","29,2","55,3","908,2"
2024-01-17 17:30:00,"1,8","92,7","0,0","28,7","58,3","908,4"
2024-01-17 18:30:00,"2,5","87,1","0,0","27,5","62,9","908,8"
2024-01-17 19:30:00,"2,1","75,5","0,0","26,2","67,4","909,3"
2024-01-17 20:30:00,"3,6","69,1","0,0","25,4","68,7","909,8"
2024-01-17 21:30:00,"3,1","57,8","0,0","24,9","69,6","910,2"
2024-01-17 22:30:00,"2,8","54,4","0,0","24,7","67,3","910,5"
2024-01-17 23:30:00,"3,5","61,8","0,0","24,2","65,5","909,9"
2024-01-18 00:30:00,"2,4","51,1","0,0","23,9","64,9","909,8"
2024-01-18 01:30:00,"4,2","41,1","0,0","23,8","64,2","909,1"
2024-01-18 02:30:00,"3,5","50,2","0,0","23,3","67,2","908,8"
2024-01-18 03:30:00,"4,7","51,1","0,0","22,6","71,1","908,4"
2024-01-18 04:30:00,"4,0","36,1","0,0","22,3","74,7","908,6"
2024-01-18 05:30:00,"2,2","52,6","0,0","21,6","77,6","909,5"
2024-01-18 06:30:00,"2,6","59,1","0,0","22,1","74,6","910,2"
2024-01-18 07:30:00,"3,7","76,6","0,0","22,8","70,3","910,6"
2024-01-18 08:30:00,"3,5","75,0","0,0","23,8","65,0","911,0"
2024-01-18 09:30:00,"2,8","73,4","0,0","25,6","56,2","911,1"
2024-01-18 10:30:00,"3,4","83,2","0,0","26,3","52,3","910,8"
2024-01-18 11:30:00,"2,0","70,2","0,0","27,6","47,5","910,5"
2024-01-18 12:30:00,"2,1","67,0","0,0","28,6","44,5","909,9"
2024-01-18 13:30:00,"1,9","98,6","0,0","29,4","41,4","909,1"
2024-01-18 14:30:00,"1,8","48,1","0,0","30,1","38,1","908,1"
2024-01-18 15:30:00,"1,5","62,8","0,0","30,9","36,9","907,4"
2024-01-18 16:30:00,"1,5","97,3","0,0","30,5","41,9","907,3"
2024-01-18 17:30:00,"2,4","82,4","0,0","29,5","47,6","907,6"
2024-01-18 18:30:00,"3,4","78,4","0,0","27,6","52,0","908,2"
2024-01-18 19:30:00,"1,9","88,1","0,0","26,3","57,2","908,8"
2024-01-18 20:30:00,"1,3","77,0","0,0","25,6","59,3","909,5"
2024-01-18 21:30:00,"3,6","58,5","0,0","25,1","58,5","909,8"
2024-01-18 22:30:00,"3,5","54,7","0,0","24,8","56,3","910,0"
2024-01-18 23:30:00,"4,3","44,2","0,0","24,5","56,3","909,4"
2024-01-19 00:30:00,"5,2","38,4","0,0","24,2","56,0","908,4"
2024-01-19 01:30:00,"4,8","40,0","0,0","24,0","57,2","908,2"
2024-01-19 02:30:00,"2,8","44,6","0,0","23,5","60,5","908,1"
2024-01-19 03:30:00,"3,7","49,9","0,0","23,1","61,4","908,1"
2024-01-19 04:30:00,"3,7","58,5","0,0","22,0","65,8","908,4"
2024-01-19 05:30:00,"4,5","47,9","0,0","22,3","64,3","908,7"
2024-01-19 06:30:00,"3,8","53,3","0,0","22,5","62,9","909,3"
2024-01-19 07:30:00,"4,1","57,2","0,0","23,3","59,6","909,7"
2024-01-19 08:30:00,"4,3","67,7","0,0","23,2","64,2","909,9"
2024-01-19 09:30:00,"2,3","38,6","0,0","24,4","57,7","910,4"
2024-01-19 10:30:00,"3,1","52,5","0,0","25,1","55,3","910,2"
2024-01-19 11:30:00,"2,6","35,4","0,0","26,6","50,8","909,8"
2024-01-19 12:30:00,"2,4","48,6","0,0","27,6","49,4","909,0"
2024-01-19 13:30:00,"2,7","62,0","0,0","28,4","50,2","907,9"
2024-01-19 14:30:00,"2,5","73,1","0,0","28,7","51,7","907,2"
2024-01-19 15:30:00,"2,9","70,1","0,0","28,9","51,8","906,5"
2024-01-19 16:30:00,"2,2","88,3","0,0","28,8","52,7","906,2"
2024-01-19 17:30:00,"1,5","93,6","0,0","28,1","56,6","906,6"
2024-01-19 18:30:00,"1,5","196,1","0,0","26,4","67,3","906,9"
2024-01-19 19:30:00,"3,1","245,3","0,0","24,3","64,9","907,5"
2024-01-19 20:30:00,"2,2","237,9","0,0","22,4","69,3","908,1"
2024-01-19 21:30:00,"1,1","264,0","0,0","22,1","71,8","908,7"
2024-01-19 22:30:00,"1,0","270,9","0,0","22,5","68,2","908,5"
2024-01-19 23:30:00,"1,5","80,6","0,0","22,0","74,4","907,6"
2024-01-20 00:30:00,"1,2","23,6","0,0","23,1","68,9","907,0"
2024-01-20 01:30:00,"0,9","295,6","0,0","22,4","73,6","906,3"
2024-01-20 02:30:00,"1,0","100,6","0,0","21,5","75,9","906,2"
2024-01-20 03:30:00,"1,0","254,5","0,0","21,5","79,3","906,1"
2024-01-20 04:30:00,"1,0","104,4","0,0","22,1","76,2","906,3"
2024-01-20 05:30:00,"1,0","90,2","0,0","22,0","77,0","906,4"
2024-01-20 06:30:00,"0,7","254,9","0,0","24,0","64,9","907,0"
2024-01-20 07:30:00,"0,7","247,6","0,0","26,3","60,0","907,6"
2024-01-20 08:30:00,"1,4","86,2","0,0","27,0","59,6","907,6"
2024-01-20 09:30:00,"1,4","273,9","0,0","28,3","52,0","907,7"
2024-01-20 10:30:00,"2,1","297,5","0,0","28,7","51,3","907,3"
2024-01-20 11:30:00,"2,2","299,8","0,0","29,7","49,5","906,7"
2024-01-20 12:30:00,"2,5","311,9","0,0","30,4","46,8","906,1"
2024-01-20 13:30:00,"2,5","309,2","0,0","31,3","43,8","905,3"
2024-01-20 14:30:00,"3,2","287,4","0,0","31,3","43,9","904,6"
2024-01-20 15:30:00,"3,5","286,3","0,0","31,7","42,4","903,9"
2024-01-20 16:30:00,"3,8","288,9","0,0","31,7","41,2","903,8"
2024-01-20 17:30:00,"3,8","57,6","0,0","29,6","50,8","903,9"
2024-01-20 18:30:00,"4,1","48,4","0,0","26,9","60,3","904,4"
2024-01-20 19:30:00,"3,6","35,5","0,0","26,6","64,2","905,2"
2024-01-20 20:30:00,"3,6","37,1","0,0","26,4","65,0","905,9"
2024-01-20 21:30:00,"2,8","48,8","0,0","25,6","67,7","906,8"
2024-01-20 22:30:00,"1,6","77,1","0,0","24,2","73,9","906,6"
2024-01-20 23:30:00,"1,7","88,0","0,0","23,5","75,1","906,2"
2024-01-21 00:30:00,"3,1","48,4","0,0","23,4","73,5","906,2"
2024-01-21 01:30:00,"2,8","41,5","0,0","23,0","74,8","906,1"
2024-01-21 02:30:00,"1,2","58,0","0,0","22,9","75,4","905,5"
2024-01-21 03:30:00,"1,1","87,9","0,0","21,8","80,5","905,6"
2024-01-21 04:30:00,"1,0","65,5","0,0","21,8","80,2","906,3"
2024-01-21 05:30:00,"0,8","287,6","0,0","22,0","81,0","906,9"
2024-01-21 06:30:00,"0,6","335,5","0,0","22,6","78,1","907,2"
2024-01-21 07:30:00,"1,1","281,3","0,0","23,9","70,6","907,5"
2024-01-21 08:30:00,"1,1","291,3","0,0","25,0","65,5","907,6"
2024-01-21 09:30:00,"1,9","291,6","0,0","26,1","59,9","907,7"
2024-01-21 10:30:00,"3,9","292,0","0,0","27,2","56,4","907,4"
2024-01-21 11:30:00,"3,3","294,8","0,0","27,2","57,0","907,2"
2024-01-21 12:30:00,"3,0","326,1","0,0","27,7","54,9","906,7"
2024-01-21 13:30:00,"2,9","339,3","0,0","28,1","54,2","906,1"
2024-01-21 14:30:00,"4,2","306,5","0,0","29,3","46,8","905,3"
2024-01-21 15:30:00,"5,4","293,8","0,0","28,9","47,3","904,5"
2024-01-21 16:30:00,"3,5","275,8","0,0","27,8","52,8","904,4"
2024-01-21 17:30:00,"2,0","222,0","0,0","25,8","62,1","905,3"
2024-01-21 18:30:00,"1,6","326,1","0,0","25,3","64,4","906,1"
2024-01-21 19:30:00,"4,8","314,6","0,0","25,6","60,5","906,1"
2024-01-21 20:30:00,"2,8","281,3","0,0","25,3","60,6","907,0"
2024-01-21 21:30:00,"1,8","277,0","0,0","24,8","63,3","907,3"
2024-01-21 22:30:00,"2,6","232,6","0,0","23,8","67,6","908,0"
2024-01-21 23:30:00,"2,4","224,4","0,0","22,9","72,0","908,2"
2024-01-22 00:30:00,"2,2","219,2","0,0","22,6","72,2","907,9"
2024-01-22 01:30:00,"2,9","231,3","0,0","22,1","74,6","907,4"
2024-01-22 02:30:00,"2,1","243,6","0,0","21,5","75,6","907,3"
2024-01-22 03:30:00,"2,1","234,0","0,0","21,3","76,1","907,2"
2024-01-22 04:30:00,"1,2","231,2","0,0","21,2","77,0","907,9"
2024-01-22 05:30:00,"1,7","241,4","0,0","21,0","76,3","908,7"
2024-01-22 06:30:00,"1,3","239,7","0,0","21,1","74,5","909,1"
2024-01-22 07:30:00,"1,5","221,3","0,0","22,2","70,0","909,2"
2024-01-22 08:30:00,"1,5","226,0","0,0","23,7","64,4","909,6"
2024-01-22 09:30:00,"1,4","165,6","0,0","25,5","58,8","909,6"
2024-01-22 10:30:00,"1,7","133,0","0,0","26,2","55,1","909,1"
2024-01-22 11:30:00,"1,6","198,1","0,0","27,5","51,6","908,4"
2024-01-22 12:30:00,"1,5","176,3","0,0","28,3","49,8","907,6"
2024-01-22 13:30:00,"1,6","207,4","0,0","28,7","49,0","906,8"
2024-01-22 14:30:00,"2,0","156,4","0,0","28,2","52,6","906,3"
2024-01-22 15:30:00,"1,6","152,9","0,0","28,4","50,8","905,6"
2024-01-22 16:30:00,"1,6","156,0","0,0","27,7","53,3","905,2"
2024-01-22 17:30:00,"1,9","170,9","0,0","27,1","55,5","905,5"
2024-01-22 18:30:00,"6,2","291,7","0,0","23,5","71,0","906,2"
2024-01-22 19:30:00,"1,9","97,6","0,2","23,3","73,3","907,1"
2024-01-22 20:30:00,"1,4","86,0","0,0","22,8","77,0","907,6"
2024-01-22 21:30:00,"0,7","263,4","0,0","23,2","75,7","908,2"
2024-01-22 22:30:00,"1,4","157,3","0,0","23,2","76,6","908,8"
2024-01-22 23:30:00,"1,3","182,4","0,0","22,6","77,8","908,5"
2024-01-23 00:30:00,"1,7","172,2","0,0","21,6","79,7","908,1"
2024-01-23 01:30:00,"1,6","175,2","0,0","21,0","81,8","907,9"
2024-01-23 02:30:00,"1,4","182,9","0,0","20,8","83,4","907,5"
2024-01-23 03:30:00,"1,0","138,6","0,0","20,7","84,0","907,4"
2024-01-23 04:30:00,"1,0","141,0","0,0","20,7","83,7","907,5"
2024-01-23 05:30:00,"1,4","89,8","0,0","20,4","85,4","907,8"
2024-01-23 06:30:00,"1,7","77,6","0,0","20,8","81,4","908,1"
2024-01-23 07:30:00,"1,8","73,8","0,0","21,7","73,8","908,4"
2024-01-23 08:30:00,"2,8","62,2","0,0","22,3","71,3","908,7"
2024-01-23 09:30:00,"2,9","68,8","0,0","23,0","69,7","908,9"
2024-01-23 10:30:00,"3,4","62,6","0,0","23,7","69,0","908,6"
2024-01-23 11:30:00,"3,3","59,5","0,0","24,7","66,2","908,0"
2024-01-23 12:30:00,"4,1","68,3","0,0","25,5","61,6","907,3"
2024-01-23 13:30:00,"3,4","71,5","0,0","26,0","60,6","906,3"
2024-01-23 14:30:00,"3,2","82,5","0,0","26,5","59,2","905,4"
2024-01-23 15:30:00,"2,4","93,0","0,0","27,2","57,3","904,4"
2024-01-23 16:30:00,"2,2","99,1","0,0","26,2","64,1","903,7"
2024-01-23 17:30:00,"2,4","89,0","0,0","25,4","67,9","903,7"
2024-01-23 18:30:00,"2,7","91,5","0,0","24,5","72,0","904,0"
2024-01-23 19:30:00,"3,3","81,7","0,0","23,8","74,8","904,3"
2024-01-23 20:30:00,"4,1","71,4","0,0","23,2","75,2","904,7"
2024-01-23 21:30:00,"3,1","57,9","5,3","22,4","79,3","905,6"
2024-01-23 22:30:00,"4,0","66,0","5,4","21,3","87,3","905,7"
2024-01-23 23:30:00,"2,7","61,5","8,2","21,0","89,8","905,4"
2024-01-24 00:30:00,"2,8","311,8","24,9","20,0","88,3","905,7"
2024-01-24 01:30:00,"1,5","278,1","5,5","19,6","87,8","904,8"
2024-01-24 02:30:00,"1,5","210,9","0,6","19,8","87,9","904,2"
2024-01-24 03:30:00,"2,6","229,7","0,0","18,9","89,3","904,0"
2024-01-24 04:30:00,"1,2","246,4","0,0","17,4","89,7","904,3"
2024-01-24 05:30:00,"1,4","190,6","0,0","17,1","90,0","905,0"
2024-01-24 06:30:00,"1,4","209,1","0,0","17,2","90,1","905,3"
2024-01-24 07:30:00,"0,8","216,2","0,0","17,5","89,9","905,7"
2024-01-24 08:30:00,"1,0","227,7","0,0","18,0","88,7","906,0"
2024-01-24 09:30:00,"0,8","272,9","0,0","19,3","84,1","906,2"
2024-01-24 10:30:00,"1,6","57,6","0,0","20,9","81,0","906,1"
2024-01-24 11:30:00,"1,9","59,3","0,0","22,3","78,2","905,4"
2024-01-24 12:30:00,"3,0","70,9","0,1","22,7","78,3","905,1"
2024-01-24 13:30:00,"2,3","48,2","0,0","21,4","88,4","904,3"
2024-01-24 14:30:00,"2,1","63,9","0,4","21,6","87,3","903,9"
2024-01-24 15:30:00,"1,5","57,6","0,8","21,8","86,6","903,3"
2024-01-24 16:30:00,"1,0","145,6","0,1","22,5","86,1","902,9"
2024-01-24 17:30:00,"1,3","187,9","0,0","22,4","85,3","903,1"
2024-01-24 18:30:00,"1,2","152,5","0,0","22,0","86,3","903,4"
2024-01-24 19:30:00,"1,1","193,3","0,2","21,6","86,4","904,0"
2024-01-24 20:30:00,"1,3","190,9","2,2","21,3","89,0","904,6"
2024-01-24 21:30:00,"2,3","216,9","6,1","20,9","90,0","905,2"
2024-01-24 22:30:00,"1,0","235,0","3,1","20,5","90,2","905,5"
2024-01-24 23:30:00,"0,8","221,5","1,8","20,4","90,3","904,9"
2024-01-25 00:30:00,"1,0","212,2","0,0","20,2","90,3","904,1"
2024-01-25 01:30:00,"1,0","206,8","0,0","20,1","90,3","903,7"
2024-01-25 02:30:00,"1,2","208,3","0,0","19,9","90,4","903,4"
2024-01-25 03:30:00,"1,2","226,4","0,0","19,8","90,4","903,2"
2024-01-25 04:30:00,"1,5","214,9","0,0","19,7","90,4","903,3"
2024-01-25 05:30:00,"1,3","165,9","0,0","19,5","90,4","903,7"
2024-01-25 06:30:00,"1,0","189,4","0,0","19,4","90,5","904,3"
2024-01-25 07:30:00,"1,3","220,3","0,0","19,6","90,4","904,6"
2024-01-25 08:30:00,"1,1","205,4","0,0","20,1","90,1","904,7"
2024-01-25 09:30:00,"0,8","167,1","0,0","20,8","88,7","904,9"
2024-01-25 10:30:00,"0,9","280,9","0,0","23,3","76,2","904,6"
2024-01-25 11:30:00,"1,2","297,8","0,0","24,3","72,9","904,3"
2024-01-25 12:30:00,"1,0","308,1","0,7","23,4","79,8","903,9"
2024-01-25 13:30:00,"1,5","281,8","0,8","22,8","82,8","903,6"
2024-01-25 14:30:00,"1,2","252,9","0,0","24,4","75,8","903,1"
2024-01-25 15:30:00,"1,7","66,4","0,0","25,2","71,7","902,8"
2024-01-25 16:30:00,"2,4","65,2","0,0","24,8","73,8","902,5"
2024-01-25 17:30:00,"2,4","66,9","0,0","24,1","74,5","902,6"
2024-01-25 18:30:00,"3,6","51,5","0,0","23,3","77,4","903,2"
2024-01-25 19:30:00,"2,9","50,0","0,0","23,0","81,0","903,5"
2024-01-25 20:30:00,"1,7","61,2","0,0","22,7","83,7","904,4"
2024-01-25 21:30:00,"1,3","172,2","0,0","22,5","84,7","905,3"
2024-01-25 22:30:00,"2,3","223,9","4,9","20,9","85,0","905,7"
2024-01-25 23:30:00,"1,3","247,2","0,0","20,5","86,3","905,3"
2024-01-26 00:30:00,"1,3","241,4","0,0","20,3","88,9","905,0"
2024-01-26 01:30:00,"1,4","232,7","0,0","20,3","86,6","904,6"
2024-01-26 02:30:00,"1,4","243,1","0,0","20,1","87,4","904,4"
2024-01-26 03:30:00,"1,6","238,9","0,0","19,9","87,9","904,6"
2024-01-26 04:30:00,"1,7","229,7","0,0","19,7","88,4","905,1"
2024-01-26 05:30:00,"1,5","243,0","0,0","19,4","87,4","905,6"
2024-01-26 06:30:00,"2,0","231,6","0,0","19,2","85,8","906,2"
2024-01-26 07:30:00,"1,6","222,7","0,0","19,7","84,4","906,8"
2024-01-26 08:30:00,"1,4","214,0","0,0","20,6","79,6","907,3"
2024-01-26 09:30:00,"1,5","229,0","0,0","21,5","75,5","907,4"
2024-01-26 10:30:00,"1,3","239,7","0,0","23,3","69,7","907,2"
2024-01-26 11:30:00,"1,2","246,8","0,0","24,9","64,5","906,8"
2024-01-26 12:30:00,"0,9","248,5","0,0","26,0","60,5","906,1"
2024-01-26 13:30:00,"1,4","308,7","0,0","26,0","60,9","905,5"
2024-01-26 14:30:00,"1,2","116,5","0,0","26,2","61,9","904,9"
2024-01-26 15:30:00,"1,4","85,2","0,0","26,1","63,7","904,3"
2024-01-26 16:30:00,"1,8","204,4","0,0","25,5","65,6","904,3"
2024-01-26 17:30:00,"2,4","219,9","0,1","21,2","74,2","904,7"
2024-01-26 18:30:00,"1,8","193,8","1,1","20,0","82,6","905,4"
2024-01-26 19:30:00,"0,9","236,0","1,4","19,5","86,8","906,4"
2024-01-26 20:30:00,"1,4","77,1","0,1","19,8","86,8","906,6"
2024-01-26 21:30:00,"2,6","39,4","0,0","20,5","84,9","907,5"
2024-01-26 22:30:00,"2,2","49,2","0,0","20,8","83,0","907,7"
2024-01-26 23:30:00,"0,8","269,2","0,0","20,1","88,0","907,4"
2024-01-27 00:30:00,"0,9","179,5","0,0","19,7","89,4","907,2"
2024-01-27 01:30:00,"0,8","115,0","0,0","19,6","87,4","906,8"
2024-01-27 02:30:00,"0,6","248,2","0,0","19,6","86,7","906,7"
2024-01-27 03:30:00,"0,5","260,6","0,1","19,4","87,6","906,7"
2024-01-27 04:30:00,"0,6","260,4","0,1","19,6","87,7","906,9"
2024-01-27 05:30:00,"0,7","148,2","0,1","19,5","89,0","907,2"
2024-01-27 06:30:00,"0,9","102,5","0,4","19,6","89,9","907,8"
2024-01-27 07:30:00,"1,2","98,0","0,2","19,7","90,0","908,4"
2024-01-27 08:30:00,"0,7","190,1","0,1","20,2","89,4","908,8"
2024-01-27 09:30:00,"0,8","189,3","0,2","20,6","88,5","909,1"
2024-01-27 10:30:00,"2,2","77,9","0,0","21,9","83,3","909,1"
2024-01-27 11:30:00,"2,6","66,3","0,0","22,6","79,5","909,0"
2024-01-27 12:30:00,"2,2","77,5","0,0","23,0","78,1","908,5"
2024-01-27 13:30:00,"3,5","67,2","0,0","23,9","73,7","907,9"
2024-01-27 14:30:00,"2,9","70,4","0,0","24,8","70,5","907,1"
2024-01-27 15:30:00,"2,9","89,3","0,0","25,1","66,6","906,7"
2024-01-27 16:30:00,"1,7","82,2","0,0","24,9","65,8","906,5"
2024-01-27 17:30:00,"0,4","153,3","0,1","24,5","71,3","906,7"
2024-01-27 18:30:00,"1,0","136,8","0,2","23,3","80,1","907,1"
2024-01-27 19:30:00,"1,4","52,0","0,0","23,0","80,1","907,9"
2024-01-27 20:30:00,"0,8","231,0","0,0","22,6","87,0","908,5"
2024-01-27 21:30:00,"0,8","126,5","0,0","22,3","87,6","909,2"
2024-01-27 22:30:00,"2,3","52,6","0,0","22,2","85,8","909,6"
2024-01-27 23:30:00,"3,2","69,2","0,0","21,7","88,9","909,2"
2024-01-28 00:30:00,"3,5","66,2","0,0","21,4","90,5","909,1"
2024-01-28 01:30:00,"3,5","66,6","0,0","21,2","90,1","908,6"
2024-01-28 02:30:00,"2,4","68,9","0,0","21,1","89,9","908,2"
2024-01-28 03:30:00,"1,6","78,6","0,0","20,9","89,0","908,2"
2024-01-28 04:30:00,"3,4","71,1","1,8","20,6","88,9","908,4"
2024-01-28 05:30:00,"5,0","57,8","1,8","19,6","90,3","908,8"
2024-01-28 06:30:00,"3,6","48,3","0,1","20,0","86,4","909,1"
2024-01-28 07:30:00,"2,4","48,1","0,0","20,3","86,4","909,6"
2024-01-28 08:30:00,"1,4","81,0","0,0","20,5","87,7","910,1"
2024-01-28 09:30:00,"1,9","72,0","0,0","21,0","84,9","910,3"
2024-01-28 10:30:00,"2,2","55,7","0,0","22,0","81,0","910,3"
2024-01-28 11:30:00,"2,9","48,7","0,0","22,9","76,5","910,0"
2024-01-28 12:30:00,"3,5","78,3","0,0","23,7","74,2","909,6"
2024-01-28 13:30:00,"3,0","75,0","0,0","24,9","69,6","908,9"
2024-01-28 14:30:00,"3,4","76,1","0,0","25,5","68,0","908,0"
2024-01-28 15:30:00,"4,1","64,0","0,0","25,4","68,2","907,5"
2024-01-28 16:30:00,"3,7","74,5","0,0","25,6","64,8","907,2"
2024-01-28 17:30:00,"4,3","68,2","0,0","25,1","64,5","907,1"
2024-01-28 18:30:00,"3,2","69,4","0,0","24,1","69,5","907,7"
2024-01-28 19:30:00,"1,6","81,6","0,0","23,5","73,9","908,7"
2024-01-28 20:30:00,"1,4","139,5","0,0","22,4","85,4","909,4"
2024-01-28 21:30:00,"1,2","88,0","0,0","22,3","84,3","909,9"
2024-01-28 22:30:00,"2,9","61,1","0,0","22,0","82,3","910,3"
2024-01-28 23:30:00,"3,4","47,2","0,0","21,8","82,4","910,2"
2024-01-29 00:30:00,"2,9","58,4","0,0","21,4","85,1","909,4"
2024-01-29 01:30:00,"5,2","55,2","0,0","21,2","86,3","908,2"
2024-01-29 02:30:00,"3,5","46,3","0,0","21,3","85,5","908,5"
2024-01-29 03:30:00,"3,7","69,0","0,0","20,9","88,8","908,6"
2024-01-29 04:30:00,"3,2","65,9","0,0","20,6","90,5","908,5"
2024-01-29 09:30:00,"3,2","303,0","0,0","25,0","66,8","910,8"
2024-01-29 10:30:00,"3,6","289,9","0,0","24,9","66,8","910,7"
2024-01-29 11:30:00,"4,2","292,7","0,0","25,5","64,1","910,3"
2024-01-29 12:30:00,"3,9","288,2","0,0","26,5","59,3","909,7"
2024-01-29 13:30:00,"2,5","277,2","0,0","27,4","54,3","909,4"
2024-01-29 14:30:00,"2,7","288,8","0,0","27,8","51,4","908,6"
2024-01-29 15:30:00,"4,0","302,8","0,0","28,4","49,1","907,8"
2024-01-29 16:30:00,"2,5","280,4","0,0","28,6","48,6","907,4"
2024-01-29 17:30:00,"2,2","286,2","0,0","28,9","47,1","907,6"
2024-01-29 18:30:00,"1,6","302,0","0,0","27,5","51,8","907,8"
2024-01-29 19:30:00,"0,9","27,4","0,0","26,6","53,5","908,4"
2024-01-29 20:30:00,"1,5","75,1","0,0","25,7","57,8","908,9"
2024-01-29 21:30:00,"3,0","56,1","0,0","24,5","65,6","909,3"
2024-01-29 22:30:00,"5,1","44,6","0,0","23,6","75,1","909,5"
2024-01-29 23:30:00,"6,1","45,0","0,0","22,9","82,5","909,1"
2024-01-30 00:30:00,"4,4","40,8","0,0","22,6","84,6","908,8"
2024-01-30 01:30:00,"3,4","41,3","0,0","22,6","82,3","908,4"
2024-01-30 02:30:00,"3,1","47,6","0,0","22,7","78,1","908,0"
2024-01-30 03:30:00,"1,8","52,4","0,0","22,5","78,6","908,3"
2024-01-30 04:30:00,"1,0","246,5","0,0","21,5","87,1","908,4"
2024-01-30 05:30:00,"1,3","87,5","0,0","21,2","87,9","908,6"
2024-01-30 06:30:00,"1,0","78,9","0,0","21,7","85,5","909,0"
2024-01-30 07:30:00,"0,9","188,0","0,0","23,5","78,7","909,4"
2024-01-30 08:30:00,"0,9","145,6","0,0","25,1","72,3","909,6"
2024-01-30 09:30:00,"1,1","149,2","0,0","26,0","68,5","909,7"
2024-01-30 10:30:00,"1,3","189,8","0,0","26,5","63,7","909,5"
2024-01-30 11:30:00,"1,6","135,8","0,0","27,2","60,6","909,2"
2024-01-30 12:30:00,"1,0","266,5","0,1","28,7","56,2","908,7"
2024-01-30 13:30:00,"4,2","64,8","0,5","25,3","69,1","908,2"
2024-01-30 14:30:00,"1,4","91,7","0,0","26,4","63,1","907,8"
2024-01-30 15:30:00,"1,3","106,9","0,0","27,4","63,0","906,9"
2024-01-30 16:30:00,"2,9","64,4","0,0","27,7","60,2","906,8"
2024-01-30 17:30:00,"5,3","59,0","5,1","23,6","77,5","907,0"
2024-01-30 18:30:00,"3,4","93,9","14,1","21,4","88,3","908,1"
2024-01-30 19:30:00,"2,0","74,7","0,0","20,5","89,5","908,9"
2024-01-30 20:30:00,"1,3","161,3","0,0","20,5","85,9","909,6"
2024-01-30 21:30:00,"2,3","57,9","0,0","20,7","80,7","909,9"
2024-01-30 22:30:00,"8,6","52,6","9,5","19,3","88,2","910,8"
2024-01-30 23:30:00,"6,4","45,2","0,8","19,0","86,5","910,3"
2024-01-31 00:30:00,"4,0","41,6","0,0","19,3","83,2","909,6"
2024-01-31 01:30:00,"0,9","278,8","0,0","19,1","87,1","908,9"
2024-01-31 02:30:00,"1,5","78,7","0,8","18,8","89,6","908,7"
2024-01-31 03:30:00,"3,6","55,5","0,0","18,5","89,9","908,5"
2024-01-31 04:30:00,"1,1","266,4","0,0","18,8","88,8","908,9"
2024-01-31 05:30:00,"1,9","67,5","0,0","18,6","89,2","909,3"
2024-01-31 06:30:00,"2,3","50,0","0,0","18,8","87,0","909,9"
2024-01-31 07:30:00,"2,0","72,1","0,0","19,3","86,3","910,2"
2024-01-31 08:30:00,"2,3","56,1","0,0","19,9","86,1","910,8"
2024-01-31 09:30:00,"2,3","59,5","0,0","20,6","84,6","911,0"
2024-01-31 10:30:00,"2,0","32,8","0,0","21,4","78,2","911,1"
2024-01-31 11:30:00,"2,4","48,1","0,0","21,8","75,4","910,9"
2024-01-31 12:30:00,"2,2","78,7","0,0","23,1","69,2","910,3"
2024-01-31 13:30:00,"1,9","81,5","0,0","24,1","65,4","909,7"
2024-01-31 14:30:00,"1,3","189,1","0,0","25,5","61,2","909,2"
2024-01-31 15:30:00,"1,5","136,4","0,0","25,6","59,0","908,8"
2024-01-31 16:30:00,"1,1","102,3","0,3","25,3","58,5","908,8"
2024-01-31 17:30:00,"1,0","213,6","0,2","23,6","70,8","909,4"
2024-01-31 18:30:00,"2,3","233,3","0,0","22,2","77,6","909,3"
2024-01-31 19:30:00,"1,5","245,1","0,2","21,9","65,7","910,5"
2024-01-31 20:30:00,"2,4","243,7","0,8","20,9","79,1","911,3"
2024-01-31 21:30:00,"2,6","263,1","1,4","20,2","79,8","912,3"
2024-01-31 22:30:00,"2,4","258,5","6,1","19,0","82,0","912,7"
2024-01-31 23:30:00,"2,0","182,3","0,7","18,2","87,8","911,5"
