2023-09-01 00:30:00,"4,1","62,4","0,0","18,7","79,4","912,4"
2023-09-01 01:30:00,"2,8","54,3","0,0","19,0","79,1","912,1"
2023-09-01 02:30:00,"2,0","43,3","0,1","18,9","78,7","911,8"
2023-09-01 03:30:00,"1,8","69,4","0,0","18,5","85,1","911,6"
2023-09-01 04:30:00,"1,2","94,4","0,0","18,2","84,8","911,6"
2023-09-01 05:30:00,"2,8","61,0","0,0","18,2","86,3","912,3"
2023-09-01 06:30:00,"4,7","66,0","0,0","17,8","87,0","912,8"
2023-09-01 07:30:00,"4,7","64,7","0,0","18,2","79,8","913,6"
2023-09-01 08:30:00,"6,0","66,1","0,0","18,9","73,3","914,2"
2023-09-01 09:30:00,"5,4","76,5","0,0","20,6","67,1","914,7"
2023-09-01 10:30:00,"4,8","71,6","0,0","21,6","63,1","914,7"
2023-09-01 11:30:00,"5,5","61,9","0,0","22,7","58,9","913,8"
2023-09-01 12:30:00,"4,7","73,5","0,0","23,1","56,9","913,3"
2023-09-01 13:30:00,"4,1","67,6","0,0","23,8","53,3","912,6"
2023-09-01 14:30:00,"4,0","73,2","0,0","24,0","52,5","911,9"
2023-09-01 15:30:00,"3,7","66,7","0,0","24,1","52,1","911,7"
2023-09-01 16:30:00,"4,7","75,6","0,0","23,7","54,6","911,8"
2023-09-01 17:30:00,"3,4","88,9","0,0","22,6","60,7","911,8"
2023-09-01 18:30:00,"3,3","74,1","0,0","21,4","65,0","912,0"
2023-09-01 19:30:00,"4,1","70,4","0,0","20,7","67,6","912,6"
2023-09-01 20:30:00,"4,4","66,3","0,0","20,0","71,1","913,4"
2023-09-01 21:30:00,"4,9","60,4","0,0","19,6","72,9","913,7"
2023-09-01 22:30:00,"4,3","63,8","0,0","19,0","75,7","913,8"
2023-09-01 23:30:00,"4,8","50,4","0,0","18,8","76,8","913,5"
2023-09-02 00:30:00,"3,7","56,6","0,0","18,5","79,2","913,3"
2023-09-02 01:30:00,"3,9","73,0","0,0","18,0","81,8","913,0"
2023-09-02 02:30:00,"3,4","64,6","0,0","18,0","83,0","912,7"
2023-09-02 03:30:00,"3,2","72,9","0,0","17,8","83,8","912,6"
2023-09-02 04:30:00,"3,7","70,2","0,0","17,7","84,9","912,6"
2023-09-02 05:30:00,"3,1","70,4","0,0","17,7","85,1","913,2"
2023-09-02 06:30:00,"3,4","76,2","0,0","17,7","85,2","913,9"
2023-09-02 07:30:00,"3,5","76,8","0,0","17,9","85,0","914,1"
2023-09-02 08:30:00,"4,6","71,0","0,0","18,3","82,4","914,5"
2023-09-02 09:30:00,"6,1","62,0","0,0","18,6","80,6","914,6"
2023-09-02 10:30:00,"4,3","57,6","0,0","19,8","75,9","914,4"
2023-09-02 11:30:00,"4,8","66,8","0,0","20,3","72,5","913,8"
2023-09-02 12:30:00,"4,4","56,0","0,0","21,8","66,0","912,9"
2023-09-02 13:30:00,"3,9","65,6","0,0","22,3","64,1","912,2"
2023-09-02 14:30:00,"4,0","74,4","0,0","23,1","59,9","911,6"
2023-09-02 15:30:00,"4,1","75,0","0,0","23,4","58,4","911,2"
2023-09-02 16:30:00,"4,1","67,8","0,0","22,9","61,1","911,2"
2023-09-02 17:30:00,"3,6","70,9","0,0","22,4","63,3","911,4"
2023-09-02 18:30:00,"1,7","142,6","0,0","20,8","73,0","911,6"
2023-09-02 19:30:00,"1,5","81,9","0,0","20,0","77,3","912,0"
2023-09-02 20:30:00,"3,2","65,7","0,0","19,9","76,3","912,5"
2023-09-02 21:30:00,"4,8","55,0","0,0","19,5","76,6","913,0"
2023-09-02 22:30:00,"5,8","53,5","0,0","18,9","79,2","913,4"
2023-09-02 23:30:00,"4,7","57,1","0,0","18,3","81,6","913,5"
2023-09-03 00:30:00,"5,6","56,5","0,0","17,9","83,5","912,6"
2023-09-03 01:30:00,"5,6","65,4","0,0","17,6","84,7","912,1"
2023-09-03 02:30:00,"4,9","66,9","0,0","17,3","86,1","911,8"
2023-09-03 03:30:00,"5,5","65,0","0,0","17,1","87,2","911,5"
2023-09-03 04:30:00,"4,5","63,9","0,0","17,0","88,5","911,8"
2023-09-03 05:30:00,"3,5","74,8","0,0","16,9","89,7","912,5"
2023-09-03 06:30:00,"2,6","77,7","0,0","16,9","90,0","913,4"
2023-09-03 07:30:00,"3,2","70,7","0,0","17,2","88,8","913,9"
2023-09-03 08:30:00,"4,0","66,5","0,0","18,2","83,6","914,1"
2023-09-03 09:30:00,"3,2","43,0","0,0","18,9","78,7","914,3"
2023-09-03 10:30:00,"3,5","52,0","0,0","19,5","76,7","913,7"
2023-09-03 11:30:00,"3,9","66,4","0,0","20,6","72,4","913,2"
2023-09-03 12:30:00,"3,2","83,4","0,0","22,3","66,0","912,4"
2023-09-03 13:30:00,"3,0","71,9","0,0","23,1","63,2","911,5"
2023-09-03 14:30:00,"2,1","135,7","0,0","24,2","58,3","910,8"
2023-09-03 15:30:00,"2,1","83,1","0,0","25,0","57,0","910,4"
2023-09-03 16:30:00,"1,9","73,0","0,0","24,7","59,5","910,5"
2023-09-03 17:30:00,"2,2","107,1","0,0","23,1","67,2","910,6"
2023-09-03 18:30:00,"1,9","156,3","0,0","20,8","78,6","911,0"
2023-09-03 19:30:00,"1,7","170,0","0,0","19,5","83,4","911,7"
2023-09-03 20:30:00,"1,6","194,4","0,0","18,6","85,8","912,3"
2023-09-03 21:30:00,"1,1","206,2","0,0","18,2","87,2","913,0"
2023-09-03 22:30:00,"1,9","63,9","0,0","18,3","86,9","913,2"
2023-09-03 23:30:00,"4,1","63,2","0,0","18,4","85,5","913,2"
2023-09-04 00:30:00,"4,2","62,5","0,0","18,2","84,9","912,9"
2023-09-04 01:30:00,"4,6","66,4","0,0","18,0","85,1","912,4"
2023-09-04 02:30:00,"3,9","68,3","0,0","17,9","85,6","911,9"
2023-09-04 03:30:00,"3,3","70,1","0,0","17,6","86,6","911,6"
2023-09-04 04:30:00,"3,5","63,0","0,0","17,6","85,4","911,5"
2023-09-04 05:30:00,"3,1","77,8","0,0","17,4","87,1","912,0"
2023-09-04 06:30:00,"4,1","69,5","0,0","17,5","86,1","912,3"
2023-09-04 07:30:00,"3,9","72,1","0,0","18,0","83,3","912,8"
2023-09-04 08:30:00,"3,7","71,6","0,0","18,9","79,0","913,6"
2023-09-04 09:30:00,"3,7","53,9","0,0","19,5","75,2","913,7"
2023-09-04 10:30:00,"3,8","67,2","0,0","20,1","72,0","913,5"
2023-09-04 11:30:00,"4,0","63,6","0,0","21,4","67,3","912,9"
2023-09-04 12:30:00,"3,2","74,5","0,0","22,8","61,9","912,3"
2023-09-04 13:30:00,"3,0","78,4","0,0","24,2","57,2","911,5"
2023-09-04 14:30:00,"3,6","71,8","0,0","24,9","54,4","911,0"
2023-09-04 15:30:00,"4,6","59,8","0,0","24,8","53,9","910,7"
2023-09-04 16:30:00,"4,9","59,8","0,0","24,3","56,3","910,9"
2023-09-04 17:30:00,"4,9","61,5","0,0","23,2","61,6","911,2"
2023-09-04 18:30:00,"6,3","63,8","0,0","21,9","67,3","911,3"
2023-09-04 19:30:00,"6,4","64,7","0,0","21,0","70,5","911,8"
2023-09-04 20:30:00,"5,1","69,3","0,0","20,1","73,7","912,3"
2023-09-04 21:30:00,"4,8","69,6","0,0","19,4","78,0","912,7"
2023-09-04 22:30:00,"4,9","67,7","0,0","19,1","79,9","913,1"
2023-09-04 23:30:00,"4,8","59,6","0,0","18,9","80,5","913,0"
2023-09-05 00:30:00,"5,2","58,2","0,0","18,8","81,2","912,6"
2023-09-05 01:30:00,"5,3","62,1","0,0","18,5","82,2","912,2"
2023-09-05 02:30:00,"5,6","56,5","0,0","18,4","82,7","911,7"
2023-09-05 03:30:00,"5,2","52,7","0,0","18,2","83,7","911,5"
2023-09-05 04:30:00,"4,9","56,4","0,0","18,1","84,6","911,7"
2023-09-05 05:30:00,"5,4","63,4","0,0","17,8","85,8","912,2"
2023-09-05 06:30:00,"5,5","62,5","0,0","17,7","86,2","912,9"
2023-09-05 07:30:00,"5,2","62,4","0,0","17,7","86,1","913,6"
2023-09-05 08:30:00,"4,2","68,6","0,0","17,6","87,1","914,5"
2023-09-05 09:30:00,"3,8","54,9","0,0","17,8","85,9","915,1"
2023-09-05 10:30:00,"3,7","55,6","0,0","18,7","81,0","915,0"
2023-09-05 11:30:00,"3,1","62,9","0,0","19,6","77,2","914,6"
2023-09-05 12:30:00,"2,3","74,6","0,0","20,6","73,0","914,1"
2023-09-05 13:30:00,"2,1","52,0","0,0","22,0","67,4","913,4"
2023-09-05 14:30:00,"2,2","59,9","0,0","23,5","62,3","912,5"
2023-09-05 15:30:00,"2,1","58,8","0,0","24,1","61,0","912,2"
2023-09-05 16:30:00,"1,3","104,6","0,0","24,0","63,2","912,4"
2023-09-05 17:30:00,"1,7","155,4","0,0","22,4","71,5","912,6"
2023-09-05 18:30:00,"1,6","178,4","0,0","20,8","78,1","913,1"
2023-09-05 19:30:00,"2,2","199,5","0,0","19,7","82,1","914,1"
2023-09-05 20:30:00,"1,5","227,5","0,0","19,0","84,7","914,6"
2023-09-05 21:30:00,"1,6","223,8","0,0","18,9","85,0","915,1"
2023-09-05 22:30:00,"0,9","179,3","0,0","19,1","83,9","915,2"
2023-09-05 23:30:00,n,n,n,n,n,n
2023-09-06 00:30:00,"1,4","57,5","0,0","19,1","81,3","914,1"
2023-09-06 01:30:00,"1,2","162,5","0,0","18,4","85,9","913,8"
2023-09-06 02:30:00,"1,3","183,2","0,0","18,3","85,6","913,5"
2023-09-06 03:30:00,"0,7","166,9","0,0","18,5","84,1","913,1"
2023-09-06 04:30:00,"1,2","213,5","0,0","18,3","85,5","913,4"
2023-09-06 05:30:00,"1,3","175,2","0,0","17,9","88,1","914,0"
2023-09-06 06:30:00,"1,1","165,9","0,1","17,8","89,2","914,8"
2023-09-06 07:30:00,"1,1","151,6","0,0","17,9","89,5","915,4"
2023-09-06 08:30:00,"1,6","169,7","0,0","18,1","89,7","915,9"
2023-09-06 09:30:00,"1,4","184,3","0,0","18,6","89,1","916,3"
2023-09-06 10:30:00,"1,9","169,2","0,0","19,6","84,4","916,2"
2023-09-06 11:30:00,"2,1","152,6","0,0","20,7","76,9","915,9"
2023-09-06 12:30:00,"2,6","143,7","0,0","22,1","69,5","915,2"
2023-09-06 13:30:00,"2,7","103,0","0,0","21,8","68,4","914,7"
2023-09-06 14:30:00,"2,4","97,2","0,0","20,9","73,8","914,4"
2023-09-06 15:30:00,"2,3","115,0","0,0","21,7","69,4","914,4"
2023-09-06 16:30:00,"1,7","124,4","0,0","21,2","71,0","914,6"
2023-09-06 17:30:00,"1,4","167,7","0,0","20,5","76,2","914,7"
2023-09-06 18:30:00,"1,5","181,9","0,0","19,7","80,3","915,0"
2023-09-06 19:30:00,"1,8","196,0","0,0","19,1","83,6","915,4"
2023-09-06 20:30:00,"1,6","161,7","0,0","18,7","84,3","915,9"
2023-09-06 21:30:00,"1,2","142,1","0,0","18,4","85,3","916,2"
2023-09-06 22:30:00,"1,1","133,9","0,0","18,3","85,6","916,3"
2023-09-06 23:30:00,"2,1","101,7","0,0","18,4","80,3","916,3"
2023-09-07 00:30:00,"2,0","105,7","0,0","18,3","75,8","916,1"
2023-09-07 01:30:00,"2,7","99,9","0,0","18,1","75,3","915,7"
2023-09-07 02:30:00,"2,0","107,1","0,0","17,7","76,6","915,5"
2023-09-07 03:30:00,"1,5","108,1","0,0","17,1","78,2","915,3"
2023-09-07 04:30:00,"0,8","129,4","0,0","16,6","79,1","915,5"
2023-09-07 05:30:00,"0,8","134,5","0,0","16,5","79,9","915,9"
2023-09-07 06:30:00,"1,0","148,4","0,0","16,7","79,1","916,6"
2023-09-07 07:30:00,"1,8","123,6","0,0","17,8","74,3","917,1"
2023-09-07 08:30:00,"2,5","122,4","0,0","18,4","72,4","917,7"
2023-09-07 09:30:00,"2,8","116,8","0,0","20,0","65,0","917,8"
2023-09-07 10:30:00,"2,7","136,0","0,0","20,5","63,2","917,5"
2023-09-07 11:30:00,"3,0","116,4","0,0","21,5","58,4","916,8"
2023-09-07 12:30:00,"2,9","125,7","0,0","22,3","56,2","915,8"
2023-09-07 13:30:00,"2,7","147,0","0,0","22,7","53,7","914,8"
2023-09-07 14:30:00,"3,2","96,8","0,0","24,0","44,0","914,0"
2023-09-07 15:30:00,"2,8","96,9","0,0","24,2","43,3","913,8"
2023-09-07 16:30:00,"2,7","99,7","0,0","23,3","46,9","913,8"
2023-09-07 17:30:00,"3,0","95,7","0,0","22,1","50,7","913,9"
2023-09-07 18:30:00,"2,3","92,1","0,0","20,9","55,6","914,2"
2023-09-07 19:30:00,"3,1","85,4","0,0","20,6","55,9","914,5"
2023-09-07 20:30:00,"3,2","82,7","0,0","20,2","56,4","914,8"
2023-09-07 21:30:00,"2,4","89,1","0,0","19,8","57,7","915,0"
2023-09-07 22:30:00,"3,9","83,0","0,0","19,2","62,8","915,0"
2023-09-07 23:30:00,"4,2","66,2","0,0","18,2","68,9","915,1"
2023-09-08 00:30:00,"4,3","66,9","0,0","17,6","74,0","914,7"
2023-09-08 01:30:00,"3,7","68,2","0,0","17,0","78,1","914,2"
2023-09-08 02:30:00,"3,5","68,9","0,0","16,8","79,3","913,7"
2023-09-08 03:30:00,"4,4","65,1","0,0","16,5","79,4","913,7"
2023-09-08 04:30:00,"5,9","67,6","0,0","16,1","78,8","913,6"
2023-09-08 05:30:00,"4,6","70,0","0,0","15,9","79,9","914,0"
2023-09-08 06:30:00,"3,1","71,0","0,0","15,7","81,1","914,7"
2023-09-08 07:30:00,"4,7","67,3","0,0","16,4","76,0","915,5"
2023-09-08 08:30:00,"4,5","67,9","0,0","18,3","65,2","916,0"
2023-09-08 09:30:00,"4,1","72,8","0,0","19,8","55,9","916,1"
2023-09-08 10:30:00,"3,6","63,8","0,0","20,5","51,8","915,9"
2023-09-08 11:30:00,"4,0","57,4","0,0","21,2","48,4","915,4"
2023-09-08 12:30:00,"3,8","67,7","0,0","21,9","45,3","914,5"
2023-09-08 13:30:00,"3,4","54,0","0,0","22,8","41,3","913,5"
2023-09-08 14:30:00,"3,9","65,2","0,0","23,3","39,8","912,4"
2023-09-08 15:30:00,"3,0","51,8","0,0","23,5","39,9","912,1"
2023-09-08 16:30:00,"3,4","60,7","0,0","23,2","41,3","912,3"
2023-09-08 17:30:00,"2,3","75,7","0,0","22,2","44,8","912,7"
2023-09-08 18:30:00,"2,3","97,7","0,0","20,3","52,9","913,3"
2023-09-08 19:30:00,"3,2","77,6","0,0","19,4","55,4","913,9"
2023-09-08 20:30:00,"3,7","68,3","0,0","18,8","56,4","914,4"
2023-09-08 21:30:00,"3,5","61,5","0,0","18,4","57,1","914,7"
2023-09-08 22:30:00,"4,1","61,9","0,0","18,4","55,6","914,8"
2023-09-08 23:30:00,"3,6","63,5","0,0","18,3","55,7","914,6"
2023-09-09 00:30:00,"2,8","56,0","0,0","18,0","56,6","914,1"
2023-09-09 01:30:00,"3,2","63,0","0,0","17,7","56,5","913,7"
2023-09-09 02:30:00,"3,8","62,7","0,0","17,1","58,7","913,5"
2023-09-09 03:30:00,"4,3","57,8","0,0","16,6","62,7","913,3"
2023-09-09 04:30:00,"4,7","48,0","0,0","16,1","67,9","913,4"
2023-09-09 05:30:00,"4,6","49,2","0,0","15,5","74,2","914,0"
2023-09-09 06:30:00,"5,3","58,3","0,0","15,2","78,8","914,7"
2023-09-09 07:30:00,"6,9","63,1","0,0","15,2","79,2","915,2"
2023-09-09 08:30:00,"5,6","61,6","0,0","16,1","76,5","915,8"
2023-09-09 09:30:00,"6,5","52,9","0,0","17,2","69,8","915,9"
2023-09-09 10:30:00,"4,9","54,8","0,0","18,9","62,6","915,6"
2023-09-09 11:30:00,"4,4","62,1","0,0","20,8","55,7","914,6"
2023-09-09 12:30:00,"3,6","65,2","0,0","22,4","47,0","913,9"
2023-09-09 13:30:00,"2,8","56,9","0,0","23,5","39,5","913,0"
2023-09-09 14:30:00,"3,4","62,1","0,0","24,3","39,1","912,2"
2023-09-09 15:30:00,"3,0","53,2","0,0","24,9","36,9","911,9"
2023-09-09 16:30:00,"3,0","56,1","0,0","24,9","34,0","912,0"
2023-09-09 17:30:00,"2,1","77,2","0,0","23,7","38,6","912,3"
2023-09-09 18:30:00,"1,9","88,0","0,0","21,8","50,8","912,9"
2023-09-09 19:30:00,"2,0","80,1","0,0","20,9","54,2","913,3"
2023-09-09 20:30:00,"2,1","59,4","0,0","20,1","57,9","913,7"
2023-09-09 21:30:00,"2,8","60,2","0,0","19,9","58,1","913,8"
2023-09-09 22:30:00,"3,7","57,9","0,0","19,7","56,6","913,9"
2023-09-09 23:30:00,"3,9","49,9","0,0","19,5","57,2","913,8"
2023-09-10 00:30:00,"3,5","45,8","0,0","18,9","60,3","913,2"
2023-09-10 01:30:00,"3,8","44,1","0,0","18,5","62,7","912,9"
2023-09-10 02:30:00,"3,6","44,7","0,0","18,3","63,8","912,4"
2023-09-10 03:30:00,"4,1","66,9","0,0","17,5","66,7","912,3"
2023-09-10 04:30:00,"5,1","63,3","0,0","16,9","69,4","912,5"
2023-09-10 05:30:00,"6,0","69,0","0,0","15,8","75,9","912,9"
2023-09-10 06:30:00,"6,5","70,5","0,0","15,4","82,4","913,5"
2023-09-10 07:30:00,"4,8","70,8","0,0","16,5","80,0","914,3"
2023-09-10 08:30:00,"6,1","74,0","0,0","17,9","73,2","914,8"
2023-09-10 09:30:00,"5,1","70,8","0,0","19,5","63,1","915,1"
2023-09-10 10:30:00,"3,5","70,3","0,0","20,9","55,9","915,1"
2023-09-10 11:30:00,"2,0","158,8","0,0","22,2","51,2","914,5"
2023-09-10 12:30:00,"2,2","165,2","0,0","23,1","47,7","913,9"
2023-09-10 13:30:00,"2,7","148,5","0,0","23,6","44,6","913,0"
2023-09-10 14:30:00,"2,7","146,9","0,0","24,2","42,9","912,4"
2023-09-10 15:30:00,"2,6","165,0","0,0","24,1","42,5","912,3"
2023-09-10 16:30:00,"2,7","156,2","0,0","23,4","43,9","912,7"
2023-09-10 17:30:00,"1,6","141,9","0,0","22,2","46,4","913,4"
2023-09-10 18:30:00,"1,8","103,7","0,0","21,3","47,6","913,8"
2023-09-10 19:30:00,"2,3","93,0","0,0","20,7","46,4","914,3"
2023-09-10 20:30:00,"3,0","81,5","0,0","20,6","46,0","914,6"
2023-09-10 21:30:00,"2,4","65,4","0,0","20,2","48,3","914,7"
2023-09-10 22:30:00,"2,2","70,3","0,0","19,9","49,5","914,6"
2023-09-10 23:30:00,"3,9","69,4","0,0","19,9","48,4","914,0"
2023-09-11 00:30:00,"4,1","76,8","0,0","19,8","47,6","913,7"
2023-09-11 01:30:00,"3,6","67,1","0,0","18,8","52,5","913,2"
2023-09-11 02:30:00,"3,0","57,5","0,0","18,3","56,7","912,8"
2023-09-11 03:30:00,"5,1","61,0","0,0","17,2","67,3","912,6"
2023-09-11 04:30:00,"3,6","50,2","0,0","16,5","78,0","912,8"
2023-09-11 05:30:00,"1,8","74,9","0,0","16,0","80,4","913,3"
2023-09-11 06:30:00,"1,2","97,6","0,0","16,3","78,0","913,9"
2023-09-11 07:30:00,"1,8","72,1","0,0","18,0","71,7","914,4"
2023-09-11 08:30:00,"1,8","110,2","0,0","18,3","72,0","915,1"
2023-09-11 09:30:00,"4,7","68,1","0,0","17,9","77,6","915,4"
2023-09-11 10:30:00,"5,0","78,7","0,0","20,1","63,2","915,2"
2023-09-11 11:30:00,"5,5","74,6","0,0","21,9","49,6","914,5"
2023-09-11 12:30:00,"4,9","82,4","0,0","23,1","43,2","913,3"
2023-09-11 13:30:00,"5,0","65,1","0,0","24,0","40,0","912,3"
2023-09-11 14:30:00,"5,5","59,4","0,0","24,3","38,8","911,6"
2023-09-11 15:30:00,"4,8","59,0","0,0","24,2","39,2","911,5"
2023-09-11 16:30:00,"5,0","70,7","0,0","23,8","40,5","911,9"
2023-09-11 17:30:00,"4,8","77,8","0,0","22,5","43,2","912,3"
2023-09-11 18:30:00,"4,3","87,2","0,0","21,2","47,6","912,9"
2023-09-11 19:30:00,"3,6","86,5","0,0","20,6","50,1","913,5"
2023-09-11 20:30:00,"3,2","74,6","0,0","20,0","53,5","914,0"
2023-09-11 21:30:00,"3,1","71,5","0,0","19,6","55,6","914,3"
2023-09-11 22:30:00,"2,9","56,6","0,0","19,2","56,7","914,3"
2023-09-11 23:30:00,"3,1","55,2","0,0","18,9","56,8","914,1"
2023-09-12 00:30:00,"3,7","61,8","0,0","18,6","58,0","913,5"
2023-09-12 01:30:00,"3,5","67,6","0,0","18,1","59,6","913,0"
2023-09-12 02:30:00,"2,9","64,1","0,0","17,5","62,1","912,7"
2023-09-12 03:30:00,"3,4","53,2","0,0","17,2","66,7","912,6"
2023-09-12 04:30:00,"5,4","63,6","0,0","17,0","70,3","912,8"
2023-09-12 05:30:00,"6,8","64,8","0,0","16,1","74,3","913,0"
2023-09-12 06:30:00,"7,3","64,7","0,0","15,9","77,0","913,6"
2023-09-12 07:30:00,"6,2","63,5","0,0","16,7","74,3","914,6"
2023-09-12 08:30:00,"7,1","59,6","0,0","18,1","67,0","915,3"
2023-09-12 09:30:00,"4,0","39,6","0,0","19,5","61,3","915,8"
2023-09-12 10:30:00,"3,6","82,1","0,0","21,6","51,7","915,6"
2023-09-12 11:30:00,"3,4","82,0","0,0","23,5","43,5","914,8"
2023-09-12 12:30:00,"3,9","46,7","0,0","24,4","39,8","913,7"
2023-09-12 13:30:00,"2,9","63,1","0,0","25,5","36,5","912,5"
2023-09-12 14:30:00,"2,7","63,8","0,0","26,3","34,5","911,5"
2023-09-12 15:30:00,"3,1","71,9","0,0","26,2","34,1","911,1"
2023-09-12 16:30:00,"3,0","72,4","0,0","26,0","34,1","910,9"
2023-09-12 17:30:00,"2,7","74,8","0,0","25,0","37,2","911,0"
2023-09-12 18:30:00,"2,0","87,6","0,0","23,5","45,5","911,3"
2023-09-12 19:30:00,"3,7","68,8","0,0","22,4","51,3","911,7"
2023-09-12 20:30:00,"4,4","71,1","0,0","21,2","59,2","912,2"
2023-09-12 21:30:00,"5,2","68,2","0,0","20,4","64,6","912,7"
2023-09-12 22:30:00,"4,4","69,8","0,0","19,6","69,9","913,0"
2023-09-12 23:30:00,"4,6","74,1","0,0","18,9","75,3","913,2"
2023-09-13 00:30:00,"4,3","74,4","0,0","18,6","78,5","912,9"
2023-09-13 01:30:00,"4,1","81,2","0,0","18,4","79,9","912,4"
2023-09-13 02:30:00,"3,7","74,1","0,0","18,2","81,0","911,9"
2023-09-13 03:30:00,"3,5","77,4","0,0","18,1","81,8","911,7"
2023-09-13 04:30:00,"3,5","75,7","0,0","18,1","82,9","911,7"
2023-09-13 05:30:00,"3,6","70,2","0,0","17,9","84,2","911,9"
2023-09-13 06:30:00,"4,8","68,3","0,0","17,8","84,4","912,1"
2023-09-13 07:30:00,"5,9","65,8","0,0","18,3","81,6","912,5"
2023-09-13 08:30:00,"5,8","61,3","0,0","19,7","71,6","912,7"
2023-09-13 09:30:00,"6,0","53,1","0,0","20,4","65,8","912,8"
2023-09-13 10:30:00,"4,7","63,7","0,0","21,0","66,1","912,6"
2023-09-13 11:30:00,"4,3","70,7","0,0","22,3","61,3","912,0"
2023-09-13 12:30:00,"3,8","69,2","0,0","23,7","55,7","911,0"
2023-09-13 13:30:00,"4,2","78,5","0,0","25,0","50,8","909,6"
2023-09-13 14:30:00,"3,9","69,5","0,0","25,7","48,1","908,7"
2023-09-13 15:30:00,"3,6","68,3","0,0","25,7","47,2","908,4"
2023-09-13 16:30:00,"4,7","72,2","0,0","25,1","48,8","908,3"
2023-09-13 17:30:00,"5,0","68,1","0,0","24,1","52,7","908,4"
2023-09-13 18:30:00,"4,9","78,1","0,0","22,7","57,9","908,7"
2023-09-13 19:30:00,"4,7","73,3","0,0","21,4","64,6","909,3"
2023-09-13 20:30:00,"4,3","67,0","0,0","20,4","70,5","910,0"
2023-09-13 21:30:00,"4,4","56,9","0,0","19,6","73,9","910,6"
2023-09-13 22:30:00,"3,7","58,7","0,0","19,2","75,4","911,0"
2023-09-13 23:30:00,"5,7","57,0","0,0","19,0","75,5","910,6"
2023-09-14 00:30:00,"6,8","62,1","0,0","18,8","76,1","910,0"
2023-09-14 01:30:00,"7,0","56,9","0,0","18,4","77,9","909,2"
2023-09-14 02:30:00,"5,9","51,6","0,0","18,4","78,1","908,7"
2023-09-14 03:30:00,"4,6","58,5","0,0","17,8","81,1","908,5"
2023-09-14 04:30:00,"4,9","57,3","0,0","17,5","82,3","908,6"
2023-09-14 05:30:00,"6,0","52,9","0,0","17,6","81,1","908,5"
2023-09-14 06:30:00,"5,6","57,2","0,0","17,6","81,8","909,2"
2023-09-14 07:30:00,"4,9","53,4","0,0","18,5","78,9","910,0"
2023-09-14 08:30:00,"4,0","48,6","0,0","20,4","70,3","910,7"
2023-09-14 09:30:00,"4,1","47,1","0,0","22,3","62,5","910,9"
2023-09-14 10:30:00,"3,8","50,6","0,0","24,0","55,6","911,1"
2023-09-14 11:30:00,"2,3","81,9","0,0","26,6","49,5","910,2"
2023-09-14 12:30:00,"2,1","281,8","0,0","28,7","42,5","909,3"
2023-09-14 13:30:00,"3,7","335,8","0,0","30,0","36,0","908,3"
2023-09-14 14:30:00,"3,5","328,2","0,0","30,9","33,4","907,6"
2023-09-14 15:30:00,"3,2","335,4","0,0","31,3","30,4","907,2"
2023-09-14 16:30:00,"3,5","330,7","0,0","31,0","29,1","907,6"
2023-09-14 17:30:00,"3,3","314,8","0,0","30,1","31,3","908,0"
2023-09-14 18:30:00,"3,0","318,6","0,0","29,4","32,8","908,2"
2023-09-14 19:30:00,"1,2","308,0","0,0","28,3","36,4","908,6"
2023-09-14 20:30:00,"1,0","343,0","0,0","25,7","48,9","909,2"
2023-09-14 21:30:00,"4,1","277,5","0,0","25,3","48,2","910,1"
2023-09-14 22:30:00,"2,2","251,4","0,0","24,2","50,9","910,9"
2023-09-14 23:30:00,"1,4","251,9","0,0","23,6","53,5","911,0"
2023-09-15 00:30:00,"1,8","207,6","0,0","23,0","56,1","910,8"
2023-09-15 01:30:00,"1,7","214,8","0,0","22,4","58,4","910,6"
2023-09-15 02:30:00,"1,1","180,6","0,0","21,8","61,1","910,1"
2023-09-15 03:30:00,"2,0","209,2","0,0","21,1","63,6","909,9"
2023-09-15 04:30:00,"2,4","215,3","0,0","20,4","67,6","910,2"
2023-09-15 05:30:00,"1,2","226,9","1,4","19,5","75,7","910,8"
2023-09-15 06:30:00,"1,2","224,5","0,1","18,8","81,6","911,4"
2023-09-15 07:30:00,"0,7","197,5","0,0","19,2","81,8","911,9"
2023-09-15 08:30:00,"0,9","243,7","0,0","19,9","78,5","912,3"
2023-09-15 09:30:00,"1,0","244,8","0,0","20,7","73,9","912,7"
2023-09-15 10:30:00,"1,1","216,2","0,0","20,8","75,0","912,9"
2023-09-15 11:30:00,"1,2","227,1","0,0","21,6","73,0","912,4"
2023-09-15 12:30:00,"1,7","82,4","0,0","21,5","74,1","911,6"
2023-09-15 13:30:00,"1,3","130,7","0,0","22,0","72,9","910,4"
2023-09-15 14:30:00,"1,5","149,4","0,0","22,1","74,0","910,3"
2023-09-15 15:30:00,"1,2","147,0","0,0","22,3","72,0","910,2"
2023-09-15 16:30:00,"1,5","168,4","0,0","22,4","72,7","910,2"
2023-09-15 17:30:00,"1,2","166,7","0,0","21,6","75,9","910,5"
2023-09-15 18:30:00,"1,2","131,9","0,0","21,0","78,4","910,9"
2023-09-15 19:30:00,"3,8","76,2","0,0","20,5","78,2","911,3"
2023-09-15 20:30:00,"4,0","73,0","0,0","20,1","78,7","912,2"
2023-09-15 21:30:00,"3,3","84,3","0,0","19,7","79,8","912,7"
2023-09-15 22:30:00,"2,1","87,8","0,0","19,4","81,1","913,3"
2023-09-15 23:30:00,"3,8","67,8","0,0","19,4","80,9","913,4"
2023-09-16 00:30:00,"3,0","75,7","0,0","19,3","80,8","912,9"
2023-09-16 01:30:00,"1,1","115,9","0,0","19,1","82,6","912,4"
2023-09-16 02:30:00,"0,9","90,6","0,0","19,1","83,1","912,1"
2023-09-16 03:30:00,"2,1","93,8","0,0","18,9","84,2","912,1"
2023-09-16 04:30:00,"3,2","85,6","0,0","18,8","83,2","912,3"
2023-09-16 05:30:00,"3,3","72,1","0,0","18,7","82,0","913,0"
2023-09-16 06:30:00,"4,9","65,6","0,0","18,6","81,9","913,4"
2023-09-16 07:30:00,"5,6","65,7","0,0","18,7","80,9","913,8"
2023-09-16 08:30:00,"5,8","65,0","0,0","19,4","77,7","914,1"
2023-09-16 09:30:00,"5,2","61,9","0,0","19,7","76,5","914,3"
2023-09-16 10:30:00,"4,9","65,4","0,0","20,5","73,1","914,2"
2023-09-16 11:30:00,"4,3","53,3","0,0","21,7","68,2","913,5"
2023-09-16 12:30:00,"4,2","59,3","0,0","22,8","63,4","912,8"
2023-09-16 13:30:00,"4,1","69,2","0,0","24,2","58,7","911,9"
2023-09-16 14:30:00,"3,4","77,7","0,0","25,4","54,1","911,1"
2023-09-16 15:30:00,"3,1","71,4","0,0","25,8","51,7","910,9"
2023-09-16 16:30:00,"3,4","57,2","0,0","25,8","52,1","910,8"
2023-09-16 17:30:00,"2,2","87,9","0,0","24,6","58,9","910,9"
2023-09-16 18:30:00,"2,0","100,8","0,0","22,8","67,8","911,4"
2023-09-16 19:30:00,"2,2","89,2","0,0","21,7","72,7","912,2"
2023-09-16 20:30:00,"4,3","78,6","0,0","21,1","75,9","912,8"
2023-09-16 21:30:00,"4,6","71,6","0,0","20,5","77,5","913,2"
2023-09-16 22:30:00,"4,7","67,8","0,0","20,1","78,9","913,3"
2023-09-16 23:30:00,"4,2","63,8","0,0","19,6","80,6","913,2"
2023-09-17 00:30:00,"4,6","73,5","0,0","19,1","82,4","912,9"
2023-09-17 01:30:00,"4,6","73,9","0,0","18,9","83,0","912,5"
2023-09-17 02:30:00,"5,1","73,0","0,0","19,1","82,1","912,1"
2023-09-17 03:30:00,"4,0","77,2","0,0","18,7","84,0","912,0"
2023-09-17 04:30:00,"3,6","77,6","0,0","18,4","85,8","912,6"
2023-09-17 05:30:00,"4,0","79,5","0,0","18,2","86,2","913,2"
2023-09-17 06:30:00,"4,0","75,0","0,0","18,5","83,1","913,8"
2023-09-17 07:30:00,"4,5","69,8","0,0","19,1","79,3","914,5"
2023-09-17 08:30:00,"4,5","70,2","0,0","20,4","72,0","915,0"
2023-09-17 09:30:00,"4,5","65,4","0,0","21,8","61,5","915,1"
2023-09-17 10:30:00,"4,0","67,6","0,0","23,2","56,3","915,0"
2023-09-17 11:30:00,"3,9","53,3","0,0","24,7","52,1","914,5"
2023-09-17 12:30:00,"3,4","63,0","0,0","26,0","46,4","913,5"
2023-09-17 13:30:00,"3,3","69,5","0,0","27,2","42,7","912,7"
2023-09-17 14:30:00,"2,3","95,6","0,0","27,4","40,2","912,1"
2023-09-17 15:30:00,"2,2","101,6","0,0","28,2","32,6","911,8"
2023-09-17 16:30:00,"1,9","117,9","0,0","27,5","34,2","911,8"
2023-09-17 17:30:00,"2,3","102,5","0,0","25,6","43,1","912,0"
2023-09-17 18:30:00,"2,9","81,6","0,0","23,9","46,0","912,4"
2023-09-17 19:30:00,"5,1","65,4","0,0","22,3","59,5","912,9"
2023-09-17 20:30:00,"5,4","63,8","0,0","21,9","60,4","913,3"
2023-09-17 21:30:00,"3,9","67,0","0,0","21,1","61,0","913,7"
2023-09-17 22:30:00,"3,6","64,7","0,0","20,8","62,8","913,7"
2023-09-17 23:30:00,"2,9","64,3","0,0","20,5","65,2","913,7"
2023-09-18 00:30:00,"2,9","67,9","0,0","20,1","68,7","913,2"
2023-09-18 01:30:00,"1,7","65,2","0,0","19,7","71,0","912,7"
2023-09-18 02:30:00,"1,7","76,3","0,0","19,4","71,8","912,3"
2023-09-18 03:30:00,"2,6","63,3","0,0","19,2","71,8","912,3"
2023-09-18 04:30:00,"3,9","65,9","0,0","18,4","75,4","912,5"
2023-09-18 05:30:00,"4,5","67,7","0,0","18,1","79,3","913,2"
2023-09-18 06:30:00,"3,8","64,7","0,0","18,0","80,7","913,7"
2023-09-18 07:30:00,"4,0","74,8","0,0","18,8","78,0","914,1"
2023-09-18 10:30:00,"4,8","72,1","0,0","22,8","53,5","914,4"
2023-09-18 11:30:00,"3,8","63,3","0,0","24,0","51,6","913,9"
2023-09-18 12:30:00,"3,1","63,4","0,0","25,0","48,1","913,0"
2023-09-18 13:30:00,"3,2","69,0","0,0","25,1","48,2","912,1"
2023-09-18 14:30:00,"3,2","71,8","0,0","26,3","43,4","911,2"
2023-09-18 15:30:00,"3,3","66,0","0,0","26,9","40,8","910,9"
2023-09-18 16:30:00,"2,0","142,0","0,0","26,2","47,9","911,1"
2023-09-18 17:30:00,"1,7","150,2","0,0","24,3","53,7","911,2"
2023-09-18 18:30:00,"1,7","159,7","0,0","22,6","58,9","911,5"
2023-09-18 19:30:00,"0,7","204,7","0,0","21,5","62,4","911,9"
2023-09-18 20:30:00,"1,9","57,4","0,0","21,4","63,2","912,3"
2023-09-18 21:30:00,"4,4","60,6","0,0","21,2","62,3","912,3"
2023-09-18 22:30:00,"3,6","51,6","0,0","20,9","62,0","912,6"
2023-09-18 23:30:00,"4,3","64,2","0,0","20,5","62,3","912,5"
2023-09-19 00:30:00,"3,5","60,8","0,0","20,0","64,4","912,3"
2023-09-19 01:30:00,"3,5","59,2","0,0","19,5","66,6","911,9"
2023-09-19 02:30:00,"3,7","56,0","0,0","19,1","68,5","911,5"
2023-09-19 03:30:00,"4,3","46,8","0,0","18,9","69,8","911,3"
2023-09-19 04:30:00,"4,6","53,9","0,0","18,4","72,1","911,5"
2023-09-19 05:30:00,"5,2","57,7","0,0","17,4","76,6","911,7"
2023-09-19 06:30:00,"5,0","64,1","0,0","17,5","77,4","912,4"
2023-09-19 07:30:00,"5,0","76,7","0,0","18,5","75,1","913,0"
2023-09-19 08:30:00,"3,6","77,5","0,0","20,2","69,2","913,4"
2023-09-19 09:30:00,"4,3","71,0","0,0","21,9","62,4","913,3"
2023-09-19 10:30:00,"4,0","85,0","0,0","23,4","56,3","913,0"
2023-09-19 11:30:00,"4,2","81,0","0,0","24,6","52,3","912,2"
2023-09-19 12:30:00,"4,0","64,4","0,0","25,5","47,7","911,3"
2023-09-19 13:30:00,"3,2","75,0","0,0","26,2","46,5","910,6"
2023-09-19 14:30:00,"3,3","83,8","0,0","26,6","46,5","910,0"
2023-09-19 15:30:00,"3,5","80,4","0,0","26,5","47,2","909,5"
2023-09-19 16:30:00,"4,2","70,1","0,0","25,6","49,8","909,5"
2023-09-19 17:30:00,"4,9","69,2","0,0","24,0","55,3","909,7"
2023-09-19 18:30:00,"5,0","66,4","0,0","22,1","62,9","910,2"
2023-09-19 19:30:00,"4,2","72,2","0,0","20,8","67,2","910,7"
2023-09-19 20:30:00,"3,2","60,3","0,0","20,1","70,1","911,5"
2023-09-19 21:30:00,"4,1","59,9","0,0","19,8","69,0","912,1"
2023-09-19 22:30:00,"4,3","51,5","0,0","19,5","70,6","912,3"
2023-09-19 23:30:00,"3,7","50,3","0,0","19,1","72,8","912,4"
2023-09-20 00:30:00,"3,2","40,4","0,0","19,0","73,8","912,1"
2023-09-20 01:30:00,"3,3","44,3","0,0","18,7","75,1","911,7"
2023-09-20 02:30:00,"2,6","59,2","0,0","18,4","76,3","911,4"
2023-09-20 03:30:00,"3,0","65,5","0,0","18,2","77,2","911,5"
2023-09-20 04:30:00,"3,3","63,7","0,0","18,1","77,7","911,8"
2023-09-20 05:30:00,"3,3","61,7","0,0","17,5","80,5","912,3"
2023-09-20 06:30:00,"2,3","66,9","0,0","17,2","82,2","912,9"
2023-09-20 07:30:00,"4,2","68,7","0,0","17,5","81,5","913,5"
2023-09-20 08:30:00,"4,3","72,5","0,0","18,0","79,7","914,1"
2023-09-20 09:30:00,"4,0","68,0","0,0","18,8","75,2","914,3"
2023-09-20 10:30:00,"4,4","60,0","0,0","19,5","71,9","914,3"
2023-09-20 11:30:00,"4,3","60,2","0,0","21,3","62,6","913,8"
2023-09-20 12:30:00,"3,7","54,2","0,0","22,5","57,1","913,0"
2023-09-20 13:30:00,"4,2","67,6","0,0","23,0","54,7","912,1"
2023-09-20 14:30:00,"4,4","57,3","0,0","23,6","52,5","911,3"
2023-09-20 15:30:00,"4,0","54,9","0,0","23,8","52,5","910,8"
2023-09-20 16:30:00,"4,0","51,9","0,0","23,4","54,3","910,6"
2023-09-20 17:30:00,"4,0","46,6","0,0","22,2","58,7","910,7"
2023-09-20 18:30:00,"3,8","40,1","0,0","21,0","62,6","910,9"
2023-09-20 19:30:00,"5,3","50,6","0,0","20,6","64,6","911,3"
2023-09-20 20:30:00,"5,3","60,0","0,0","20,1","65,7","911,7"
2023-09-20 21:30:00,"4,2","53,0","0,0","19,8","65,3","912,0"
2023-09-20 22:30:00,"4,3","47,3","0,0","19,4","68,0","912,2"
2023-09-20 23:30:00,"3,6","47,2","0,0","19,1","70,5","912,3"
2023-09-21 00:30:00,"3,0","47,6","0,0","18,6","72,7","911,8"
2023-09-21 01:30:00,"2,9","59,9","0,0","18,1","74,5","911,2"
2023-09-21 02:30:00,"2,3","56,5","0,0","17,8","75,2","910,8"
2023-09-21 03:30:00,"1,9","82,1","0,0","17,2","75,2","911,0"
2023-09-21 04:30:00,"5,1","66,3","0,0","16,9","79,3","911,3"
2023-09-21 05:30:00,"4,0","66,1","0,0","16,9","82,1","911,9"
2023-09-21 06:30:00,"1,8","70,5","0,0","16,8","83,0","912,6"
2023-09-21 07:30:00,"1,8","70,5","0,0","16,8","83,0","912,6"
2023-09-21 08:30:00,"2,8","65,7","0,0","17,8","78,8","913,5"
2023-09-21 09:30:00,"4,8","77,4","0,0","19,4","69,6","913,6"
2023-09-21 10:30:00,"5,7","84,2","0,0","20,5","60,1","913,6"
2023-09-21 11:30:00,"5,1","83,9","0,0","21,0","57,1","913,3"
2023-09-21 12:30:00,"4,2","82,2","0,0","22,0","52,0","912,8"
2023-09-21 13:30:00,"3,7","85,3","0,0","23,2","48,0","911,9"
2023-09-21 14:30:00,"3,6","76,0","0,0","24,0","45,3","911,0"
2023-09-21 15:30:00,"4,4","64,0","0,0","24,4","43,5","910,3"
2023-09-21 16:30:00,"3,7","69,7","0,0","24,8","42,1","910,0"
2023-09-21 17:30:00,"3,6","53,7","0,0","24,5","42,7","910,1"
2023-09-21 18:30:00,"3,3","74,4","0,0","23,5","44,7","910,5"
2023-09-21 19:30:00,"2,1","95,5","0,0","21,7","51,0","911,2"
2023-09-21 20:30:00,"2,0","85,2","0,0","21,0","52,7","911,9"
2023-09-21 21:30:00,"3,9","66,0","0,0","20,5","53,6","912,2"
2023-09-21 22:30:00,"4,2","62,3","0,0","20,2","54,6","912,4"
2023-09-21 23:30:00,"4,5","63,3","0,0","19,9","55,6","912,4"
2023-09-22 00:30:00,"5,1","64,6","0,0","19,6","56,9","911,9"
2023-09-22 01:30:00,"5,5","68,4","0,0","19,3","57,7","911,2"
2023-09-22 02:30:00,"4,5","66,1","0,0","18,5","60,0","910,8"
2023-09-22 03:30:00,"5,2","66,0","0,0","17,8","62,4","910,5"
2023-09-22 04:30:00,"5,0","56,7","0,0","17,1","66,5","910,6"
2023-09-22 05:30:00,"6,2","55,1","0,0","16,5","72,5","910,7"
2023-09-22 06:30:00,"6,8","64,8","0,0","16,0","77,7","911,1"
2023-09-22 07:30:00,"6,5","55,0","0,0","16,1","76,9","911,4"
2023-09-22 08:30:00,"6,2","61,8","0,0","16,6","73,9","911,7"
2023-09-22 10:30:00,"5,1","65,1","0,0","18,4","67,3","912,1"
2023-09-22 11:30:00,"2,9","64,5","0,0","20,5","59,4","911,8"
2023-09-22 12:30:00,"2,8","70,8","0,0","22,6","51,3","911,2"
2023-09-22 13:30:00,"2,8","73,9","0,0","23,9","46,8","910,4"
2023-09-22 14:30:00,"2,5","67,6","0,0","25,6","43,1","909,3"
2023-09-22 15:30:00,"2,2","69,1","0,0","26,8","40,4","908,5"
2023-09-22 16:30:00,"1,9","71,5","0,0","27,1","39,6","907,9"
2023-09-22 17:30:00,"1,7","65,1","0,0","27,4","39,6","907,9"
2023-09-22 18:30:00,"2,0","82,8","0,0","26,3","43,2","908,2"
2023-09-22 19:30:00,"2,4","99,7","0,0","24,3","49,9","908,6"
2023-09-22 20:30:00,"3,3","69,9","0,0","23,2","52,5","908,9"
2023-09-22 21:30:00,"3,0","59,2","0,0","22,3","55,6","909,4"
2023-09-22 22:30:00,"4,1","60,6","0,0","21,6","56,2","909,8"
2023-09-22 23:30:00,"4,5","52,9","0,0","21,0","57,3","910,0"
2023-09-23 00:30:00,"4,7","47,1","0,0","20,9","55,5","909,8"
2023-09-23 01:30:00,"4,5","46,2","0,0","20,9","54,2","909,4"
2023-09-23 02:30:00,"3,9","50,3","0,0","20,6","55,0","908,9"
2023-09-23 03:30:00,"3,2","59,5","0,0","20,2","57,1","908,7"
2023-09-23 04:30:00,"3,5","59,2","0,0","19,6","59,3","908,5"
2023-09-23 05:30:00,"4,1","44,1","0,0","19,9","58,8","908,6"
2023-09-23 06:30:00,"3,9","43,9","0,0","19,8","58,5","909,0"
2023-09-23 07:30:00,"4,0","51,2","0,0","19,6","60,1","909,6"
2023-09-23 08:30:00,"3,6","73,4","0,0","19,9","60,1","910,3"
2023-09-23 09:30:00,"3,4","60,2","0,0","21,9","55,0","910,6"
2023-09-23 10:30:00,"2,6","32,7","0,0","24,0","46,1","910,5"
2023-09-23 11:30:00,"2,6","62,8","0,0","25,9","42,6","910,1"
2023-09-23 12:30:00,"2,7","88,7","0,0","27,1","40,2","909,3"
2023-09-23 13:30:00,"2,0","129,2","0,0","29,2","36,0","908,3"
2023-09-23 14:30:00,"2,0","216,4","0,0","30,0","31,9","907,3"
2023-09-23 15:30:00,"2,5","231,5","0,0","30,7","29,0","906,6"
2023-09-23 16:30:00,"1,9","204,2","0,0","31,4","28,2","906,6"
2023-09-23 17:30:00,"1,9","176,9","0,0","30,5","31,0","906,9"
2023-09-23 18:30:00,"1,5","153,8","0,0","28,6","36,5","907,3"
2023-09-23 19:30:00,"1,0","124,6","0,0","26,6","44,9","907,9"
2023-09-23 20:30:00,"0,6","203,3","0,0","25,3","49,8","908,4"
2023-09-23 21:30:00,"0,6","312,1","0,0","24,6","52,2","908,9"
2023-09-23 22:30:00,"1,6","50,6","0,0","25,0","52,4","909,0"
2023-09-23 23:30:00,"3,9","37,6","0,0","24,2","54,7","908,9"
2023-09-24 00:30:00,"5,4","38,0","0,0","23,1","57,5","908,5"
2023-09-24 01:30:00,"5,5","45,2","0,0","22,6","60,9","907,9"
2023-09-24 02:30:00,"4,2","55,0","0,0","21,9","63,2","907,7"
2023-09-24 03:30:00,"4,4","58,7","0,0","21,6","64,6","907,3"
2023-09-24 04:30:00,"3,9","62,3","0,0","21,5","64,8","907,4"
2023-09-24 05:30:00,"3,3","61,0","0,0","21,2","65,7","907,6"
2023-09-24 06:30:00,"3,5","61,6","0,0","21,0","65,7","908,0"
2023-09-24 07:30:00,"3,6","67,2","0,0","20,6","68,2","908,8"
2023-09-24 08:30:00,"4,9","72,0","0,0","21,0","66,3","909,7"
2023-09-24 09:30:00,"4,3","70,6","0,0","22,8","59,7","910,1"
2023-09-24 10:30:00,"3,9","59,8","0,0","25,1","51,1","909,7"
2023-09-24 11:30:00,"3,1","40,9","0,0","26,6","45,4","909,4"
2023-09-24 12:30:00,"2,3","64,9","0,0","28,5","40,9","908,6"
2023-09-24 13:30:00,"2,4","75,8","0,0","30,1","37,7","907,6"
2023-09-24 14:30:00,"2,3","70,3","0,0","31,4","34,3","906,4"
2023-09-24 15:30:00,"2,6","40,6","0,0","32,0","32,5","905,5"
2023-09-24 16:30:00,"2,2","41,6","0,0","32,4","31,5","905,1"
2023-09-24 17:30:00,"2,3","49,3","0,0","32,2","31,8","905,1"
2023-09-24 18:30:00,"2,2","96,9","0,0","30,6","39,4","905,6"
2023-09-24 19:30:00,"1,3","158,1","0,0","27,8","52,6","906,5"
2023-09-24 20:30:00,"1,0","221,4","0,0","26,7","56,2","907,4"
2023-09-24 21:30:00,"1,3","202,7","0,0","25,9","57,9","908,1"
2023-09-24 22:30:00,"0,8","251,9","0,0","25,0","60,0","908,4"
2023-09-24 23:30:00,"2,0","43,2","0,0","25,2","58,9","908,6"
2023-09-25 00:30:00,"3,2","46,8","0,0","25,0","58,6","908,5"
2023-09-25 01:30:00,"3,6","41,6","0,0","25,0","56,5","908,0"
2023-09-25 02:30:00,"5,0","40,1","0,0","25,1","52,0","907,2"
2023-09-25 03:30:00,"3,9","42,4","0,0","24,5","54,1","906,9"
2023-09-25 04:30:00,"4,5","48,3","0,0","23,9","56,3","906,9"
2023-09-25 05:30:00,"4,1","51,8","0,0","23,8","58,6","907,3"
2023-09-25 06:30:00,"3,7","51,6","0,0","23,3","60,1","908,0"
2023-09-25 07:30:00,"3,6","43,9","0,0","24,0","56,6","908,3"
2023-09-25 08:30:00,"4,3","46,6","0,0","25,1","52,3","908,5"
2023-09-25 09:30:00,"3,9","33,9","0,0","26,9","46,8","908,9"
2023-09-25 10:30:00,"3,9","39,2","0,0","28,8","39,9","908,9"
2023-09-25 11:30:00,"2,9","38,5","0,0","31,0","34,7","908,6"
2023-09-25 12:30:00,"3,2","76,2","0,0","32,8","28,0","907,8"
2023-09-25 13:30:00,"3,7","81,4","0,0","34,0","23,0","906,7"
2023-09-25 14:30:00,"2,9","82,4","0,0","34,3","23,2","905,5"
2023-09-25 15:30:00,"2,7","63,6","0,0","34,6","22,3","904,6"
2023-09-25 16:30:00,"2,1","57,3","0,0","34,9","21,2","904,5"
2023-09-25 17:30:00,"2,2","107,8","0,0","33,9","26,1","904,5"
2023-09-25 18:30:00,"2,3","98,4","0,0","31,9","30,1","905,0"
2023-09-25 19:30:00,"1,8","98,3","0,0","30,6","29,9","905,7"
2023-09-25 20:30:00,"3,7","72,5","0,0","29,9","30,4","906,2"
2023-09-25 21:30:00,"4,8","61,0","0,0","29,1","30,4","906,8"
2023-09-25 22:30:00,"4,0","57,8","0,0","29,0","29,3","907,3"
2023-09-25 23:30:00,"4,2","54,7","0,0","28,4","33,7","907,6"
2023-09-26 00:30:00,"4,8","44,0","0,0","27,9","36,6","907,2"
2023-09-26 01:30:00,"5,4","50,2","0,0","27,2","40,4","906,6"
2023-09-26 02:30:00,"6,0","56,1","0,0","26,5","43,3","906,1"
2023-09-26 03:30:00,"5,1","59,0","0,0","25,7","45,5","905,9"
2023-09-26 04:30:00,"4,7","57,4","0,0","24,8","49,4","905,9"
2023-09-26 05:30:00,"3,0","63,3","0,0","24,6","51,2","906,4"
2023-09-26 06:30:00,"2,6","74,5","0,0","23,9","53,4","907,0"
2023-09-26 07:30:00,"0,7","87,3","0,0","23,1","57,0","907,8"
2023-09-26 08:30:00,"0,6","279,1","0,0","24,1","55,0","908,5"
2023-09-26 09:30:00,"0,9","5,0","0,0","24,5","56,0","908,9"
2023-09-26 10:30:00,"2,7","61,7","0,0","25,6","53,0","908,9"
2023-09-26 11:30:00,"3,0","58,4","0,0","26,0","51,6","908,7"
2023-09-26 12:30:00,"3,4","54,1","0,0","26,1","51,3","907,9"
2023-09-26 13:30:00,"4,5","57,8","0,0","27,7","46,7","906,9"
2023-09-26 14:30:00,"4,6","62,2","0,0","29,3","42,1","905,9"
2023-09-26 15:30:00,"5,2","70,6","0,0","30,4","40,4","904,7"
2023-09-26 16:30:00,"4,4","65,0","0,0","30,8","39,8","904,3"
2023-09-26 17:30:00,"4,3","67,5","0,0","30,5","40,1","904,2"
2023-09-26 18:30:00,"4,8","58,4","0,0","29,7","40,5","904,6"
2023-09-26 19:30:00,"3,8","61,7","0,0","28,5","46,6","905,2"
2023-09-26 20:30:00,"4,7","67,2","0,0","27,1","54,1","905,8"
2023-09-26 21:30:00,"4,6","67,6","0,0","26,1","59,1","906,4"
2023-09-26 22:30:00,"4,8","52,9","0,0","25,5","61,7","906,9"
2023-09-26 23:30:00,"5,5","50,9","0,0","25,0","63,5","906,8"
2023-09-27 00:30:00,"7,1","49,1","0,0","24,6","65,4","906,6"
2023-09-27 01:30:00,"6,9","53,7","0,0","24,1","66,5","906,0"
2023-09-27 02:30:00,"6,5","49,2","0,0","23,6","67,7","905,4"
2023-09-27 03:30:00,"7,3","48,2","0,0","23,5","67,8","904,8"
2023-09-27 04:30:00,"7,0","48,1","0,0","23,3","68,7","904,7"
2023-09-27 05:30:00,"6,5","54,5","0,0","22,9","69,1","904,8"
2023-09-27 06:30:00,"6,0","47,2","0,0","23,0","67,4","905,2"
2023-09-27 07:30:00,"4,0","68,8","0,0","22,4","70,8","906,1"
2023-09-27 08:30:00,"3,4","59,5","0,0","23,8","65,8","906,6"
2023-09-27 09:30:00,"3,1","44,3","0,0","25,6","58,0","907,1"
2023-09-27 10:30:00,"1,8","358,2","0,0","27,5","51,2","907,1"
2023-09-27 11:30:00,"1,5","215,5","0,0","28,6","48,5","906,7"
2023-09-27 12:30:00,"1,8","237,8","0,0","28,6","47,6","906,2"
2023-09-27 13:30:00,"1,8","232,1","0,0","29,4","44,8","905,4"
2023-09-27 14:30:00,"1,7","201,4","0,0","30,0","44,1","904,3"
2023-09-27 15:30:00,"1,8","157,4","0,0","30,5","43,2","903,7"
2023-09-27 16:30:00,"1,5","210,0","0,0","31,1","41,7","903,4"
2023-09-27 17:30:00,"1,7","221,2","0,0","31,7","37,3","903,3"
2023-09-27 18:30:00,"2,1","220,1","0,0","30,3","38,3","903,9"
2023-09-27 19:30:00,"1,1","197,6","0,0","28,9","48,8","904,5"
2023-09-27 20:30:00,"1,4","215,6","0,0","27,8","53,4","905,0"
2023-09-27 21:30:00,"1,6","219,6","0,0","26,9","58,1","906,0"
2023-09-27 22:30:00,"1,5","224,4","0,1","26,1","62,3","906,5"
2023-09-27 23:30:00,"1,3","207,6","0,0","25,3","66,1","906,5"
2023-09-28 00:30:00,"1,4","51,7","0,0","25,3","63,7","906,7"
2023-09-28 01:30:00,"3,1","353,9","6,2","23,4","70,1","906,9"
2023-09-28 02:30:00,"1,0","230,5","0,0","23,2","69,1","905,7"
2023-09-28 03:30:00,"0,9","250,6","0,0","23,0","69,2","905,6"
2023-09-28 04:30:00,"1,2","248,4","0,0","22,1","77,9","905,6"
2023-09-28 05:30:00,"1,6","221,0","0,0","22,2","78,8","906,0"
2023-09-28 06:30:00,"2,3","245,8","0,0","21,5","81,2","906,9"
2023-09-28 07:30:00,"1,4","213,5","0,0","21,5","76,3","906,8"
2023-09-28 08:30:00,"1,0","228,5","0,0","22,5","74,3","907,0"
2023-09-28 09:30:00,"1,2","196,9","0,0","23,7","69,8","907,7"
2023-09-28 10:30:00,"1,2","193,3","0,0","25,5","62,6","908,0"
2023-09-28 11:30:00,"1,5","70,2","0,0","27,6","53,3","907,9"
2023-09-28 12:30:00,"1,6","54,1","0,0","29,0","49,5","907,7"
2023-09-28 13:30:00,"1,6","45,8","0,0","29,4","50,6","907,1"
2023-09-28 14:30:00,"2,4","60,9","0,0","29,0","52,2","906,6"
2023-09-28 15:30:00,"1,7","85,8","0,0","29,8","51,2","906,1"
2023-09-28 16:30:00,"1,4","155,3","0,0","29,5","50,4","906,1"
2023-09-28 17:30:00,"1,2","131,2","0,0","28,7","50,4","906,3"
2023-09-28 18:30:00,"1,3","210,5","0,0","27,7","52,5","906,8"
2023-09-28 19:30:00,"4,2","209,4","0,0","26,1","57,3","907,7"
2023-09-28 20:30:00,"4,6","212,6","0,0","23,8","64,2","908,7"
2023-09-28 21:30:00,"3,4","231,2","0,1","22,4","67,2","909,7"
2023-09-28 22:30:00,"2,9","200,0","0,0","20,9","70,6","910,9"
2023-09-28 23:30:00,"2,7","217,8","0,0","20,0","72,9","911,1"
2023-09-29 00:30:00,"2,2","191,8","0,0","19,5","70,9","911,3"
2023-09-29 01:30:00,"2,6","209,4","0,0","18,9","72,2","911,0"
2023-09-29 02:30:00,"3,0","205,7","0,0","18,2","73,4","910,8"
2023-09-29 03:30:00,"2,8","211,2","0,0","17,6","73,9","910,7"
2023-09-29 04:30:00,"1,7","207,6","0,0","17,1","77,7","911,2"
2023-09-29 05:30:00,"1,0","165,5","0,0","17,0","78,4","911,7"
2023-09-29 06:30:00,"1,1","178,5","0,0","16,7","80,0","912,4"
2023-09-29 07:30:00,"1,4","197,3","0,0","16,1","84,7","913,1"
2023-09-29 08:30:00,"1,8","207,5","0,0","15,8","88,0","913,7"
2023-09-29 09:30:00,"1,6","198,8","0,0","15,7","88,8","914,2"
2023-09-29 10:30:00,"1,3","172,7","0,0","15,7","88,9","914,2"
2023-09-29 11:30:00,"1,2","187,2","0,0","16,1","88,8","914,1"
2023-09-29 12:30:00,"0,8","245,6","0,0","16,4","88,7","913,7"
2023-09-29 13:30:00,"0,5","75,9","0,0","17,1","88,2","912,6"
2023-09-29 14:30:00,"0,8","217,4","0,0","17,4","88,1","912,0"
2023-09-29 15:30:00,"1,0","193,9","0,0","17,4","88,7","911,6"
2023-09-29 16:30:00,"0,9","136,9","0,0","17,8","89,0","911,6"
2023-09-29 17:30:00,"1,1","159,0","0,0","17,8","89,2","911,8"
2023-09-29 18:30:00,"1,2","165,0","0,0","17,7","89,3","911,6"
2023-09-29 19:30:00,"1,1","161,2","0,0","17,6","89,5","912,0"
2023-09-29 20:30:00,"1,1","160,5","0,0","17,6","89,6","912,6"
2023-09-29 21:30:00,"0,7","69,9","0,0","17,6","89,7","913,2"
2023-09-29 22:30:00,"2,5","55,8","0,0","17,9","87,8","913,5"
2023-09-29 23:30:00,"4,5","58,4","0,0","18,1","84,1","913,5"
2023-09-30 00:30:00,"4,3","55,6","0,0","17,9","84,7","913,1"
2023-09-30 01:30:00,"4,0","49,1","0,0","17,8","82,9","912,7"
2023-09-30 02:30:00,"3,3","60,4","0,0","17,6","82,9","912,3"
2023-09-30 03:30:00,"3,3","57,1","0,0","17,4","83,6","911,7"
2023-09-30 04:30:00,"3,4","54,3","0,0","17,2","83,8","911,4"
2023-09-30 05:30:00,"3,9","55,5","0,0","16,9","84,2","911,4"
2023-09-30 06:30:00,"3,8","55,3","0,0","16,8","84,1","911,8"
2023-09-30 07:30:00,"5,2","47,4","0,0","16,7","83,1","912,0"
2023-09-30 08:30:00,"5,0","37,4","0,0","17,1","80,6","912,5"
2023-09-30 09:30:00,"4,6","45,8","0,0","18,5","75,3","912,9"
2023-09-30 10:30:00,"3,5","44,4","0,0","19,3","71,3","913,2"
2023-09-30 11:30:00,"3,7","52,0","0,0","20,2","67,9","913,0"
2023-09-30 12:30:00,"3,4","46,8","0,0","20,8","66,6","912,5"
2023-09-30 13:30:00,"3,8","58,5","0,0","21,2","65,0","911,7"
2023-09-30 14:30:00,"2,7","64,3","0,0","21,9","62,3","910,8"
2023-09-30 15:30:00,"3,0","72,3","0,0","22,1","61,7","910,2"
2023-09-30 16:30:00,"2,2","45,3","0,0","21,9","64,3","910,1"
2023-09-30 17:30:00,"3,4","60,2","0,0","21,8","63,0","910,1"
2023-09-30 18:30:00,"3,0","49,8","0,0","21,4","66,1","910,0"
2023-09-30 19:30:00,"3,6","68,9","0,0","21,0","66,8","909,8"
2023-09-30 20:30:00,"2,0","95,0","0,0","20,7","69,1","910,7"
2023-09-30 21:30:00,"1,8","95,6","0,0","20,0","72,9","911,5"
2023-09-30 22:30:00,"3,8","82,0","0,0","19,7","74,1","911,6"
2023-09-30 23:30:00,"3,8","76,2","0,0","19,5","74,0","911,8"
