2025-04-01 00:30:00,"0,7","223,6","0,0","21,4","81,9","911,8"
2025-04-01 01:30:00,"0,7","86,9","0,0","21,7","75,6","911,4"
2025-04-01 02:30:00,"2,1","63,5","0,0","21,9","75,2","911,2"
2025-04-01 03:30:00,"3,0","54,3","0,0","21,5","76,7","911,2"
2025-04-01 04:30:00,"3,3","57,1","0,0","21,2","77,5","911,2"
2025-04-01 05:30:00,"3,7","56,2","0,0","20,7","79,6","911,4"
2025-04-01 06:30:00,"3,5","56,6","0,0","20,6","80,6","912,0"
2025-04-01 07:30:00,"4,8","63,4","0,0","20,9","79,9","912,5"
2025-04-01 08:30:00,"5,5","64,0","0,0","21,2","79,2","912,7"
2025-04-01 09:30:00,"4,9","72,3","0,0","22,2","72,4","913,1"
2025-04-01 10:30:00,"3,3","69,6","0,0","22,6","71,7","913,2"
2025-04-01 11:30:00,"3,3","66,2","0,0","23,6","65,6","912,6"
2025-04-01 12:30:00,"2,8","58,0","0,0","25,1","58,5","911,8"
2025-04-01 13:30:00,"2,5","61,5","0,0","26,0","54,0","911,0"
2025-04-01 14:30:00,"2,4","41,1","0,0","27,0","51,3","910,1"
2025-04-01 15:30:00,"1,7","48,4","0,0","27,6","50,0","909,7"
2025-04-01 16:30:00,"1,2","114,8","0,0","27,0","54,6","909,5"
2025-04-01 17:30:00,"1,0","111,4","0,0","25,9","60,5","909,4"
2025-04-01 18:30:00,"1,2","89,6","0,0","24,8","65,3","909,9"
2025-04-01 19:30:00,"0,8","189,8","0,0","24,1","67,9","910,5"
2025-04-01 20:30:00,"0,6","268,4","0,0","23,2","72,3","911,1"
2025-04-01 21:30:00,"0,7","226,2","0,0","23,0","72,2","911,4"
2025-04-01 22:30:00,"0,5","199,0","0,0","22,8","71,5","911,2"
2025-04-01 23:30:00,"0,7","194,2","0,0","22,6","72,3","911,2"
2025-04-02 00:30:00,"0,7","131,2","0,0","22,2","72,3","910,9"
2025-04-02 01:30:00,"0,8","80,5","0,0","22,2","74,6","910,7"
2025-04-02 02:30:00,"2,3","67,0","0,0","22,1","74,1","910,3"
2025-04-02 03:30:00,"3,8","56,4","0,0","21,5","77,3","910,2"
2025-04-02 04:30:00,"3,8","59,5","0,0","21,0","80,0","910,3"
2025-04-02 05:30:00,"3,2","47,9","0,0","20,8","81,2","910,8"
2025-04-02 06:30:00,"2,7","55,2","0,0","20,6","81,8","911,4"
2025-04-02 07:30:00,"2,5","68,3","0,0","20,6","83,4","912,2"
2025-04-02 08:30:00,"3,3","63,0","0,0","20,8","83,1","912,7"
2025-04-02 09:30:00,"4,9","61,9","0,0","22,0","74,7","912,9"
2025-04-02 10:30:00,"4,0","52,8","0,0","22,8","69,1","912,7"
2025-04-02 11:30:00,"3,1","56,8","0,0","23,9","65,8","912,2"
2025-04-02 12:30:00,"2,0","78,1","0,0","24,9","61,2","911,4"
2025-04-02 13:30:00,"1,3","121,1","0,0","25,1","61,5","910,6"
2025-04-02 14:30:00,"1,5","161,9","0,0","26,0","59,0","910,0"
2025-04-02 15:30:00,"1,3","106,0","0,0","25,4","61,5","909,6"
2025-04-02 16:30:00,"1,4","96,6","0,0","25,9","58,0","909,4"
2025-04-02 17:30:00,"1,4","77,9","0,0","25,2","61,1","909,3"
2025-04-02 18:30:00,"1,8","71,9","0,0","24,4","61,8","909,4"
2025-04-02 19:30:00,"2,1","64,7","0,0","23,9","62,0","909,6"
2025-04-02 20:30:00,"1,8","51,8","0,0","23,5","62,4","910,0"
2025-04-02 21:30:00,"1,1","52,3","0,0","23,2","61,5","910,4"
2025-04-02 22:30:00,"1,0","59,2","0,0","22,7","63,3","910,4"
2025-04-02 23:30:00,"1,4","63,6","0,0","22,4","63,9","910,4"
2025-04-03 00:30:00,"2,3","57,0","0,0","22,5","63,4","910,2"
2025-04-03 01:30:00,"4,3","54,8","0,0","21,3","70,6","909,8"
2025-04-03 02:30:00,"3,7","51,5","0,0","20,5","77,6","909,6"
2025-04-03 03:30:00,"3,8","54,6","0,0","20,4","78,3","909,7"
2025-04-03 04:30:00,"3,2","52,8","0,0","20,1","79,4","909,9"
2025-04-03 05:30:00,"3,2","38,4","0,0","19,8","81,1","910,4"
2025-04-03 06:30:00,"3,5","43,8","0,0","19,9","81,4","911,1"
2025-04-03 07:30:00,"3,4","59,3","0,0","20,1","81,6","911,6"
2025-04-03 08:30:00,"3,3","56,0","0,0","21,4","76,5","912,1"
2025-04-03 09:30:00,"3,3","34,4","0,0","21,6","74,2","912,2"
2025-04-03 10:30:00,"3,3","60,9","0,0","22,7","69,0","912,1"
2025-04-03 11:30:00,"2,7","29,1","0,0","23,8","64,1","911,4"
2025-04-03 12:30:00,"2,3","25,1","0,0","24,9","59,3","910,8"
2025-04-03 13:30:00,"2,3","27,2","0,0","26,1","55,3","910,0"
2025-04-03 14:30:00,"3,1","64,7","0,0","26,2","55,5","909,0"
2025-04-03 15:30:00,"2,7","73,7","0,0","26,5","55,2","908,7"
2025-04-03 16:30:00,"2,3","67,4","0,0","26,5","53,2","908,5"
2025-04-03 17:30:00,"2,0","70,2","0,0","25,7","57,9","908,8"
2025-04-03 18:30:00,"1,5","66,9","0,0","24,8","61,8","909,0"
2025-04-03 19:30:00,"1,1","48,0","0,0","24,3","61,7","909,4"
2025-04-03 20:30:00,"1,5","69,7","0,0","24,1","63,5","909,8"
2025-04-03 21:30:00,"1,2","41,5","0,0","23,5","67,1","910,1"
2025-04-03 22:30:00,"1,0","54,3","0,0","23,2","68,5","910,3"
2025-04-03 23:30:00,"2,0","43,5","0,0","23,2","67,2","910,2"
2025-04-04 00:30:00,"1,5","40,2","0,0","23,0","67,4","910,2"
2025-04-04 01:30:00,"1,5","38,7","0,0","22,7","68,1","909,2"
2025-04-04 02:30:00,"1,8","60,0","0,0","22,3","69,9","909,0"
2025-04-04 03:30:00,"2,7","58,0","0,0","21,3","74,7","909,0"
2025-04-04 04:30:00,"3,7","50,3","0,0","20,9","74,6","909,4"
2025-04-04 05:30:00,"4,3","45,3","0,0","20,5","76,7","909,9"
2025-04-04 06:30:00,"5,2","43,6","0,0","20,2","79,8","910,5"
2025-04-04 07:30:00,"5,3","47,4","0,0","20,2","81,3","911,1"
2025-04-04 08:30:00,"6,1","51,8","0,0","20,4","81,7","911,4"
2025-04-04 09:30:00,"4,5","37,5","0,0","21,6","75,9","911,8"
2025-04-04 10:30:00,"3,0","40,8","0,0","22,2","73,0","912,1"
2025-04-04 11:30:00,"2,7","29,1","0,0","24,0","64,1","911,6"
2025-04-04 12:30:00,"1,8","48,5","0,0","25,2","59,0","911,0"
2025-04-04 13:30:00,"2,3","64,6","0,0","26,2","56,2","910,2"
2025-04-04 14:30:00,"2,7","65,7","0,0","26,8","54,1","909,4"
2025-04-04 15:30:00,"2,3","71,5","0,0","26,1","57,7","909,0"
2025-04-04 16:30:00,"2,1","64,7","0,0","26,6","53,4","909,1"
2025-04-04 17:30:00,"1,6","82,5","0,0","25,8","56,9","909,3"
2025-04-04 18:30:00,"0,8","104,5","0,0","24,4","65,7","909,9"
2025-04-04 19:30:00,"0,5","221,3","0,0","23,9","67,4","910,6"
2025-04-04 20:30:00,"0,6","224,5","0,0","23,7","68,0","911,0"
2025-04-04 21:30:00,"0,6","207,3","0,0","23,4","67,9","911,4"
2025-04-04 22:30:00,"0,9","163,2","0,0","23,2","67,5","911,5"
2025-04-04 23:30:00,"1,5","192,7","0,0","23,0","68,1","911,8"
2025-04-05 00:30:00,"1,6","193,4","0,0","22,6","71,8","911,9"
2025-04-05 01:30:00,"1,7","154,5","0,0","21,5","77,5","911,6"
2025-04-05 02:30:00,"2,0","180,0","0,0","20,6","81,6","911,3"
2025-04-05 03:30:00,"1,4","182,9","0,0","20,1","82,7","911,3"
2025-04-05 04:30:00,"1,1","177,2","0,0","19,8","83,7","911,4"
2025-04-05 05:30:00,"0,5","216,2","0,0","19,7","87,0","912,1"
2025-04-05 06:30:00,"1,1","199,1","0,0","19,5","86,9","912,9"
2025-04-05 07:30:00,"1,2","181,1","0,0","19,7","85,8","913,7"
2025-04-05 08:30:00,"1,4","182,0","0,0","20,0","85,6","914,4"
2025-04-05 09:30:00,"1,4","153,7","0,2","20,1","86,5","914,6"
2025-04-05 10:30:00,"3,5","65,1","0,0","19,7","85,9","914,5"
2025-04-05 11:30:00,"3,2","48,5","0,0","20,0","79,4","914,2"
2025-04-05 12:30:00,"1,5","61,2","0,0","22,1","63,5","913,6"
2025-04-05 13:30:00,"1,6","207,5","0,0","24,2","57,9","912,9"
2025-04-05 14:30:00,"1,8","218,0","0,0","24,0","62,9","912,3"
2025-04-05 15:30:00,"1,5","193,0","0,0","23,7","64,7","912,0"
2025-04-05 16:30:00,"2,1","190,7","0,0","23,1","67,6","912,2"
2025-04-05 17:30:00,"4,2","210,9","0,0","21,7","76,4","912,7"
2025-04-05 18:30:00,"3,6","214,4","0,0","20,4","78,9","913,4"
2025-04-05 19:30:00,"4,0","211,0","0,0","20,2","78,9","914,0"
2025-04-05 20:30:00,"3,8","216,7","0,0","20,0","79,1","914,3"
2025-04-05 21:30:00,"3,3","222,7","0,0","19,5","79,9","914,4"
2025-04-05 22:30:00,"3,6","210,5","0,0","19,0","82,3","914,6"
2025-04-05 23:30:00,"3,9","215,3","0,0","18,8","83,6","914,4"
2025-04-06 00:30:00,"4,7","206,4","0,0","18,0","83,5","914,3"
2025-04-06 01:30:00,"3,9","203,4","0,0","17,5","83,7","914,2"
2025-04-06 02:30:00,"4,2","206,1","0,0","17,3","82,0","914,2"
2025-04-06 03:30:00,"3,9","207,7","0,0","17,2","79,9","914,3"
2025-04-06 04:30:00,"3,2","210,7","0,0","17,0","80,2","914,3"
2025-04-06 05:30:00,"3,0","209,5","0,0","16,9","80,2","914,6"
2025-04-06 06:30:00,"3,5","205,1","0,0","16,9","79,8","914,8"
2025-04-06 07:30:00,"3,7","204,8","0,0","17,4","78,4","915,3"
2025-04-06 08:30:00,"4,0","199,4","0,0","18,2","75,3","915,8"
2025-04-06 09:30:00,"3,1","188,4","0,0","19,7","70,4","916,3"
2025-04-06 10:30:00,"3,0","203,0","0,0","20,1","69,1","916,2"
2025-04-06 11:30:00,"2,5","205,0","0,0","20,7","68,4","915,7"
2025-04-06 12:30:00,"2,6","203,7","0,0","21,2","67,5","914,8"
2025-04-06 13:30:00,"2,9","203,1","0,0","21,3","68,5","914,1"
2025-04-06 14:30:00,"3,4","208,3","0,0","21,3","67,8","913,5"
2025-04-06 15:30:00,"3,0","204,7","0,0","21,4","67,6","913,3"
2025-04-06 16:30:00,"3,3","215,2","0,0","20,5","72,1","913,4"
2025-04-06 17:30:00,"3,5","203,6","0,0","20,1","71,8","913,4"
2025-04-06 18:30:00,"3,9","207,2","0,0","19,9","72,5","913,6"
2025-04-06 19:30:00,"3,8","205,4","0,0","19,6","73,1","914,2"
2025-04-06 20:30:00,"3,4","200,6","0,0","19,3","75,2","914,6"
2025-04-06 21:30:00,"4,2","202,7","0,0","19,0","76,1","914,6"
2025-04-06 22:30:00,"3,9","201,8","0,0","18,6","77,2","914,3"
2025-04-06 23:30:00,"4,7","203,0","0,0","18,0","79,0","913,7"
2025-04-07 00:30:00,"4,9","200,3","0,0","17,9","78,1","913,6"
2025-04-07 01:30:00,"3,3","199,9","0,0","17,5","79,6","912,6"
2025-04-07 02:30:00,"2,9","202,3","0,0","17,4","81,0","912,4"
2025-04-07 03:30:00,"2,5","208,6","0,0","17,2","82,8","912,2"
2025-04-07 04:30:00,"2,7","205,6","0,0","17,0","83,9","912,2"
2025-04-07 05:30:00,"2,6","218,7","0,0","16,5","85,1","912,3"
2025-04-07 06:30:00,"3,0","211,2","0,0","16,6","83,7","912,9"
2025-04-07 07:30:00,"3,1","209,8","0,0","16,9","81,1","913,5"
2025-04-07 08:30:00,"2,7","204,7","0,0","17,8","74,9","914,0"
2025-04-07 09:30:00,"3,2","190,2","0,0","18,6","69,6","914,2"
2025-04-07 10:30:00,"2,5","181,0","0,0","19,8","65,2","914,0"
2025-04-07 11:30:00,"2,7","189,1","0,0","20,6","61,9","913,6"
2025-04-07 12:30:00,"1,7","142,4","0,0","21,6","58,6","913,1"
2025-04-07 13:30:00,"2,2","185,6","0,0","22,1","57,8","912,3"
2025-04-07 14:30:00,"2,1","197,6","0,0","22,3","57,7","911,7"
2025-04-07 15:30:00,"2,7","203,3","0,0","21,7","60,5","911,6"
2025-04-07 16:30:00,"3,0","204,3","0,0","21,1","63,1","911,6"
2025-04-07 17:30:00,"3,3","209,4","0,0","20,4","63,9","911,5"
2025-04-07 18:30:00,"1,6","186,5","0,0","20,0","64,0","912,1"
2025-04-07 19:30:00,"1,7","209,6","0,0","19,9","64,7","912,4"
2025-04-07 20:30:00,"2,5","209,1","0,0","19,8","64,5","913,0"
2025-04-07 21:30:00,"2,4","216,2","0,0","19,6","64,5","913,2"
2025-04-07 22:30:00,"2,4","218,5","0,0","19,3","64,9","913,2"
2025-04-07 23:30:00,"2,2","223,2","0,0","19,1","64,6","912,9"
2025-04-08 00:30:00,"1,6","223,5","0,0","18,9","64,9","912,5"
2025-04-08 01:30:00,"1,8","220,8","0,0","18,4","67,2","912,0"
2025-04-08 02:30:00,"1,1","220,3","0,0","18,0","69,8","911,7"
2025-04-08 03:30:00,"0,8","188,5","0,0","17,6","72,3","911,7"
2025-04-08 04:30:00,"1,1","190,9","0,0","17,4","74,0","911,8"
2025-04-08 05:30:00,"0,9","210,1","0,0","17,0","77,2","912,2"
2025-04-08 06:30:00,"0,7","199,5","0,0","16,8","79,5","912,6"
2025-04-08 07:30:00,"1,0","221,1","0,0","17,6","75,5","913,2"
2025-04-08 08:30:00,"1,0","151,7","0,0","18,6","70,6","913,8"
2025-04-08 09:30:00,"1,3","69,2","0,0","19,7","66,6","914,0"
2025-04-08 10:30:00,"1,5","50,5","0,0","21,2","61,1","913,9"
2025-04-08 11:30:00,"2,8","61,7","0,0","21,6","59,7","913,2"
2025-04-08 12:30:00,"2,9","56,0","0,0","21,9","61,5","912,5"
2025-04-08 13:30:00,"3,5","59,1","0,0","22,2","60,7","911,8"
2025-04-08 14:30:00,"3,4","45,6","0,0","22,6","60,9","911,1"
2025-04-08 15:30:00,"3,5","57,8","0,0","22,4","62,9","910,9"
2025-04-08 16:30:00,"3,4","64,9","0,0","22,2","63,6","911,0"
2025-04-08 17:30:00,"1,4","94,0","0,0","22,1","64,0","911,1"
2025-04-08 18:30:00,"0,9","83,9","0,0","21,6","66,5","911,3"
2025-04-08 19:30:00,"2,9","52,5","0,0","21,3","67,2","911,6"
2025-04-08 20:30:00,"3,0","48,5","0,0","21,0","67,6","912,1"
2025-04-08 21:30:00,"1,9","49,8","0,0","20,2","73,0","912,3"
2025-04-08 22:30:00,"0,9","46,9","0,0","20,0","73,5","912,2"
2025-04-08 23:30:00,"2,4","45,2","0,0","20,2","71,4","912,2"
2025-04-09 00:30:00,"2,4","48,5","0,0","20,0","71,7","911,9"
2025-04-09 01:30:00,"1,8","56,1","0,0","19,4","74,0","911,5"
2025-04-09 02:30:00,"2,0","61,9","0,0","19,2","75,6","911,4"
2025-04-09 03:30:00,"3,0","52,2","0,0","19,2","75,4","911,1"
2025-04-09 04:30:00,"3,1","53,9","0,0","18,9","77,1","911,0"
2025-04-09 05:30:00,"2,6","45,9","0,0","19,0","78,5","911,5"
2025-04-09 06:30:00,"1,9","70,5","0,0","18,5","81,8","912,2"
2025-04-09 07:30:00,"3,2","55,4","0,0","18,9","81,4","912,7"
2025-04-09 08:30:00,"4,1","39,7","0,0","20,1","77,2","913,1"
2025-04-09 09:30:00,"4,5","38,6","0,0","20,8","73,8","913,3"
2025-04-09 10:30:00,"4,8","45,7","0,0","22,2","64,8","913,0"
2025-04-09 11:30:00,"4,1","43,3","0,0","23,1","62,0","912,1"
2025-04-09 12:30:00,"3,2","48,6","0,0","23,8","61,3","911,5"
2025-04-09 13:30:00,"3,9","56,3","0,0","24,5","59,6","910,6"
2025-04-09 14:30:00,"4,0","71,9","0,0","24,8","59,1","909,9"
2025-04-09 15:30:00,"4,0","64,3","0,0","24,8","59,6","909,5"
2025-04-09 16:30:00,"3,8","61,2","0,0","24,7","59,5","909,3"
2025-04-09 17:30:00,"4,0","55,8","0,0","24,0","61,6","909,2"
2025-04-09 18:30:00,"3,5","46,0","0,0","23,4","63,3","909,3"
2025-04-09 19:30:00,"3,9","43,5","0,0","23,0","64,3","909,9"
2025-04-09 20:30:00,"4,0","45,5","0,0","22,7","65,3","910,3"
2025-04-09 21:30:00,"3,8","47,4","0,0","22,1","67,3","910,5"
2025-04-09 22:30:00,"4,0","42,9","0,0","21,7","68,0","910,3"
2025-04-09 23:30:00,"4,8","38,3","0,0","21,3","70,5","910,0"
2025-04-10 00:30:00,"5,0","42,1","0,0","21,0","72,6","909,4"
2025-04-10 01:30:00,"3,8","37,3","0,0","20,8","73,3","909,2"
2025-04-10 02:30:00,"3,1","34,0","0,0","21,0","71,5","909,0"
2025-04-10 03:30:00,"3,7","41,1","0,0","20,9","71,4","908,6"
2025-04-10 04:30:00,"2,7","46,2","0,0","19,9","77,5","908,7"
2025-04-10 05:30:00,"0,5","288,6","0,0","19,2","82,7","909,2"
2025-04-10 06:30:00,"0,7","69,3","0,0","19,5","81,3","909,7"
2025-04-10 07:30:00,"0,6","67,0","0,0","20,3","78,8","910,4"
2025-04-10 08:30:00,"1,2","231,2","0,0","20,1","80,9","911,0"
2025-04-10 09:30:00,"1,0","222,5","0,0","21,4","73,2","911,3"
2025-04-10 10:30:00,"1,2","148,3","0,0","22,8","67,4","910,8"
2025-04-10 11:30:00,"1,3","67,0","0,0","23,6","65,3","910,0"
2025-04-10 12:30:00,"1,5","34,1","0,0","25,1","61,1","909,1"
2025-04-10 13:30:00,"1,7","319,6","0,0","26,6","53,9","908,1"
2025-04-10 14:30:00,"2,2","322,8","0,0","26,4","54,9","907,0"
2025-04-10 15:30:00,"1,9","2,5","0,0","26,8","55,3","906,5"
2025-04-10 16:30:00,"2,2","16,3","0,0","26,7","55,2","906,4"
2025-04-10 17:30:00,"2,9","31,2","0,0","25,2","62,1","906,3"
2025-04-10 18:30:00,"3,1","26,7","0,0","24,4","64,7","906,3"
2025-04-10 19:30:00,"3,4","27,6","0,0","24,0","66,8","906,9"
2025-04-10 20:30:00,"3,5","15,7","0,0","23,5","70,0","907,5"
2025-04-10 21:30:00,"3,5","222,5","0,0","21,3","74,3","908,6"
2025-04-10 22:30:00,"2,9","195,7","0,0","19,4","77,4","908,9"
2025-04-10 23:30:00,"1,3","234,6","0,5","18,5","81,4","909,0"
2025-04-11 00:30:00,"1,9","199,2","0,0","18,5","83,5","908,7"
2025-04-11 01:30:00,"1,0","224,3","0,0","18,0","87,9","908,2"
2025-04-11 02:30:00,"0,9","83,7","0,0","17,9","88,2","908,0"
2025-04-11 03:30:00,"0,7","280,9","0,0","18,1","87,1","907,6"
2025-04-11 04:30:00,"1,1","210,7","0,0","17,9","88,1","907,4"
2025-04-11 05:30:00,"1,2","213,6","0,0","17,8","88,0","907,6"
2025-04-11 06:30:00,"1,5","222,0","0,0","17,9","86,5","907,9"
2025-04-11 07:30:00,"1,5","218,3","0,0","18,4","84,1","908,4"
2025-04-11 08:30:00,"1,5","209,7","0,0","18,9","81,5","908,9"
2025-04-11 09:30:00,"1,4","196,2","0,0","20,3","75,6","909,3"
2025-04-11 10:30:00,"1,0","202,2","0,0","21,7","69,6","909,4"
2025-04-11 11:30:00,"1,8","164,7","0,0","22,8","65,6","908,9"
2025-04-11 12:30:00,"1,7","161,8","0,0","24,0","61,1","908,2"
2025-04-11 13:30:00,"1,9","204,5","0,0","24,8","57,3","907,4"
2025-04-11 14:30:00,"2,2","177,8","0,0","25,3","56,2","907,0"
2025-04-11 15:30:00,"2,2","150,5","0,0","24,8","57,5","906,9"
2025-04-11 16:30:00,"1,7","136,7","0,0","24,4","58,4","907,1"
2025-04-11 17:30:00,"2,0","161,1","0,0","23,2","63,6","907,3"
2025-04-11 18:30:00,"2,5","196,7","0,0","22,2","68,0","907,7"
2025-04-11 19:30:00,"1,9","207,6","0,0","21,6","69,2","908,4"
2025-04-11 20:30:00,"2,1","208,2","0,0","21,4","69,9","909,4"
2025-04-11 21:30:00,"2,1","199,8","0,0","21,0","69,4","909,8"
2025-04-11 22:30:00,"2,3","200,2","0,0","20,5","70,1","910,0"
2025-04-11 23:30:00,"1,0","212,9","0,0","19,9","73,1","910,2"
2025-04-12 00:30:00,"0,6","322,1","0,0","19,5","75,3","910,2"
2025-04-12 01:30:00,"0,8","243,2","0,0","18,8","78,5","909,9"
2025-04-12 02:30:00,"0,7","258,8","0,0","18,5","77,7","909,8"
2025-04-12 03:30:00,"0,9","229,5","0,0","18,1","79,1","909,6"
2025-04-12 04:30:00,"0,7","218,6","0,0","17,8","79,4","909,6"
2025-04-12 05:30:00,"0,6","236,7","0,0","17,2","82,7","909,9"
2025-04-12 06:30:00,"0,8","221,2","0,0","17,5","80,0","910,5"
2025-04-12 07:30:00,"0,8","242,5","0,0","18,6","75,2","911,1"
2025-04-12 08:30:00,"1,1","264,2","0,0","20,0","68,3","911,4"
2025-04-12 09:30:00,"1,0","258,7","0,0","22,3","60,3","911,6"
2025-04-12 10:30:00,"1,3","69,4","0,0","23,5","54,8","911,4"
2025-04-12 11:30:00,"1,9","86,2","0,0","23,9","53,0","910,6"
2025-04-12 12:30:00,"1,4","79,4","0,0","24,7","49,9","909,7"
2025-04-12 13:30:00,"1,8","114,6","0,0","25,4","46,7","908,8"
2025-04-12 14:30:00,"1,8","163,1","0,0","26,1","44,0","908,3"
2025-04-12 15:30:00,"1,5","146,2","0,0","25,6","42,5","908,2"
2025-04-12 16:30:00,"1,8","140,9","0,0","25,2","45,8","908,5"
2025-04-12 17:30:00,"1,2","121,0","0,0","23,8","52,4","908,5"
2025-04-12 18:30:00,"1,1","78,9","0,0","22,6","57,8","909,0"
2025-04-12 19:30:00,"1,2","88,5","0,0","22,2","58,7","909,7"
2025-04-12 20:30:00,"0,5","247,6","0,0","21,1","64,6","910,5"
2025-04-12 21:30:00,"0,6","202,8","0,0","20,9","64,1","911,1"
2025-04-12 22:30:00,"0,9","195,0","0,0","20,7","64,5","911,0"
2025-04-12 23:30:00,"0,8","221,3","0,0","19,2","71,3","911,2"
2025-04-13 00:30:00,"0,7","201,2","0,0","19,5","70,5","911,0"
2025-04-13 01:30:00,"1,1","145,1","0,0","19,2","72,9","910,6"
2025-04-13 02:30:00,"0,7","90,6","0,0","18,7","76,5","910,1"
2025-04-13 03:30:00,"2,1","55,6","0,0","18,6","78,7","909,9"
2025-04-13 04:30:00,"2,2","49,9","0,0","18,9","78,7","910,0"
2025-04-13 05:30:00,"1,8","50,1","0,0","18,7","80,1","910,7"
2025-04-13 06:30:00,"3,0","60,9","0,0","18,6","81,2","911,3"
2025-04-13 07:30:00,"2,1","62,1","0,0","18,7","81,2","912,0"
2025-04-13 08:30:00,"3,0","66,9","0,0","19,7","76,9","912,6"
2025-04-13 09:30:00,"3,4","46,1","0,0","20,2","75,0","912,9"
2025-04-13 10:30:00,"2,6","51,0","0,0","21,6","67,1","912,5"
2025-04-13 11:30:00,"3,2","56,4","0,0","22,9","59,7","911,7"
2025-04-13 12:30:00,"3,9","55,9","0,0","23,7","55,8","910,9"
2025-04-13 13:30:00,"3,3","56,4","0,0","24,1","52,6","910,1"
2025-04-13 14:30:00,"2,7","55,9","0,0","25,3","45,8","909,4"
2025-04-13 15:30:00,"2,5","61,7","0,0","25,7","44,7","909,1"
2025-04-13 16:30:00,"2,3","44,7","0,0","25,4","48,6","908,9"
2025-04-13 17:30:00,"1,7","55,7","0,0","24,5","52,9","908,8"
2025-04-13 18:30:00,"1,1","142,5","0,0","23,0","65,3","908,8"
2025-04-13 19:30:00,"0,7","310,8","0,0","22,1","68,5","909,5"
2025-04-13 20:30:00,"2,5","51,7","0,0","21,9","69,1","909,9"
2025-04-13 21:30:00,"3,2","51,2","0,0","21,5","69,5","910,1"
2025-04-13 22:30:00,"3,2","47,8","0,0","21,4","67,9","910,3"
2025-04-13 23:30:00,"4,2","38,6","0,0","21,5","66,7","910,0"
2025-04-14 00:30:00,"3,8","35,7","0,0","21,5","66,7","909,6"
2025-04-14 01:30:00,"3,7","33,8","0,0","21,1","68,7","909,0"
2025-04-14 02:30:00,"3,9","34,4","0,0","20,8","69,7","908,4"
2025-04-14 03:30:00,"3,6","37,9","0,0","20,5","70,6","908,2"
2025-04-14 04:30:00,"4,9","38,0","0,0","20,0","72,0","908,1"
2025-04-14 05:30:00,"5,0","41,7","0,0","19,9","71,9","908,7"
2025-04-14 06:30:00,"4,8","51,1","0,0","19,2","76,0","909,4"
2025-04-14 07:30:00,"3,6","48,9","0,0","19,6","75,1","910,0"
2025-04-14 08:30:00,"3,2","43,3","0,0","20,4","73,7","910,7"
2025-04-14 09:30:00,"3,2","44,0","0,0","21,3","71,8","911,3"
2025-04-14 10:30:00,"2,6","55,4","0,0","22,2","69,7","911,0"
2025-04-14 11:30:00,"2,4","63,0","0,0","23,2","65,6","910,4"
2025-04-14 12:30:00,"1,6","84,6","0,0","24,6","61,7","909,7"
2025-04-14 13:30:00,"2,6","50,5","0,0","24,1","65,1","908,8"
2025-04-14 14:30:00,"1,3","317,5","0,7","23,1","72,6","908,4"
2025-04-14 15:30:00,"1,1","152,9","0,0","23,3","73,0","908,1"
2025-04-14 16:30:00,"1,2","148,3","0,0","23,1","74,5","908,2"
2025-04-14 17:30:00,"1,1","167,0","0,0","22,6","77,6","908,4"
2025-04-14 18:30:00,"1,2","170,8","0,0","21,2","85,9","908,5"
2025-04-14 19:30:00,"0,6","291,8","0,0","20,9","87,4","908,8"
2025-04-14 20:30:00,"0,6","197,5","0,0","20,6","88,4","909,5"
2025-04-14 21:30:00,"0,8","261,6","0,0","20,3","89,7","909,7"
2025-04-14 22:30:00,"0,9","182,3","0,0","20,0","90,0","910,0"
2025-04-14 23:30:00,"0,9","16,1","0,0","20,1","89,9","910,0"
2025-04-15 00:30:00,"2,6","42,3","0,0","20,6","86,6","909,9"
2025-04-15 01:30:00,"1,1","219,1","0,0","19,3","89,7","909,3"
2025-04-15 02:30:00,"0,5","254,2","0,0","19,4","90,6","909,1"
2025-04-15 03:30:00,"0,9","190,9","0,0","19,2","90,6","909,3"
2025-04-15 04:30:00,"0,7","217,8","0,0","19,3","90,8","909,3"
2025-04-15 05:30:00,"1,2","206,4","0,0","19,2","90,8","909,7"
2025-04-15 06:30:00,"1,1","193,8","0,0","19,1","90,8","910,4"
2025-04-15 07:30:00,"1,4","207,7","0,0","19,3","90,8","910,9"
2025-04-15 08:30:00,"1,4","191,9","0,0","19,3","90,5","911,5"
2025-04-15 09:30:00,"1,3","216,7","0,0","20,5","81,4","911,9"
2025-04-15 10:30:00,"1,5","237,3","0,0","22,9","70,6","911,8"
2025-04-15 11:30:00,"1,1","215,2","0,0","24,7","62,3","911,2"
2025-04-15 12:30:00,"0,9","273,4","0,0","24,8","61,2","910,3"
2025-04-15 13:30:00,"1,2","220,9","0,0","25,9","57,1","909,5"
2025-04-15 14:30:00,"1,1","188,3","0,0","26,8","54,2","908,6"
2025-04-15 15:30:00,"1,5","165,3","0,0","26,7","55,9","908,1"
2025-04-15 16:30:00,"1,5","147,3","0,0","26,0","57,3","907,9"
2025-04-15 17:30:00,"1,1","155,7","0,0","24,8","62,9","908,2"
2025-04-15 18:30:00,"1,3","176,2","0,0","23,5","72,2","908,4"
2025-04-15 19:30:00,"0,6","198,5","0,0","22,6","76,8","909,1"
2025-04-15 20:30:00,"0,6","242,0","0,0","22,1","79,6","909,6"
2025-04-15 21:30:00,"0,4","254,5","0,0","21,5","82,2","909,9"
2025-04-15 22:30:00,"0,6","212,9","0,0","21,7","81,4","909,9"
2025-04-15 23:30:00,"0,9","178,0","0,0","21,5","81,9","910,0"
2025-04-16 00:30:00,"1,1","168,4","0,0","21,4","81,5","910,0"
2025-04-16 01:30:00,"0,7","261,4","0,0","20,3","86,3","909,1"
2025-04-16 02:30:00,"0,8","206,0","0,0","20,1","87,8","909,1"
2025-04-16 03:30:00,"1,9","53,4","2,1","20,0","88,8","908,6"
2025-04-16 04:30:00,"2,4","31,2","2,1","19,9","87,4","908,6"
2025-04-16 05:30:00,"3,6","42,0","0,4","19,8","87,8","908,8"
2025-04-16 06:30:00,"4,0","62,9","0,1","19,6","90,1","909,1"
2025-04-16 07:30:00,"4,1","45,6","4,8","19,3","90,4","909,8"
2025-04-16 08:30:00,"2,2","65,6","2,4","18,8","90,7","910,4"
2025-04-16 09:30:00,"1,2","178,8","8,4","18,5","90,3","910,8"
2025-04-16 10:30:00,"1,1","218,0","2,8","18,5","90,2","910,7"
2025-04-16 11:30:00,"0,9","244,3","1,5","18,1","90,2","910,1"
2025-04-16 12:30:00,"0,9","243,4","1,6","18,5","90,2","909,5"
2025-04-16 13:30:00,"0,9","245,0","8,7","18,6","90,1","908,9"
2025-04-16 14:30:00,"1,0","254,3","2,9","18,6","90,3","908,4"
2025-04-16 15:30:00,"1,5","217,0","1,6","18,8","90,5","908,0"
2025-04-16 16:30:00,"1,4","164,0","0,0","18,9","90,6","908,3"
2025-04-16 17:30:00,"0,9","136,4","0,0","18,8","90,7","908,9"
2025-04-16 18:30:00,"0,9","160,2","0,0","18,7","90,7","909,0"
2025-04-16 19:30:00,"0,6","172,2","0,0","18,7","90,7","909,2"
2025-04-16 20:30:00,"1,0","70,1","0,0","18,7","90,7","909,5"
2025-04-16 21:30:00,"2,3","45,4","0,0","18,8","90,2","909,4"
2025-04-16 22:30:00,"2,3","51,5","0,0","18,8","90,0","909,2"
2025-04-16 23:30:00,"2,2","42,5","0,0","18,9","90,0","909,9"
2025-04-17 00:30:00,"1,6","49,2","0,0","19,0","90,7","909,9"
2025-04-17 01:30:00,"0,8","90,8","0,0","19,0","90,7","909,7"
2025-04-17 02:30:00,"1,7","64,5","0,0","19,0","90,8","909,4"
2025-04-17 03:30:00,"0,6","46,9","0,0","19,1","91,0","909,3"
2025-04-17 04:30:00,"0,8","168,7","0,0","19,1","90,9","909,3"
2025-04-17 05:30:00,"0,9","89,6","0,0","19,0","91,0","909,5"
2025-04-17 06:30:00,"1,1","65,5","0,0","19,1","91,1","910,1"
2025-04-17 07:30:00,"1,4","73,3","0,0","19,4","91,0","910,9"
2025-04-17 08:30:00,"2,1","67,4","0,0","19,6","90,4","911,7"
2025-04-17 09:30:00,"2,2","74,6","0,0","20,2","88,2","912,1"
2025-04-17 10:30:00,"3,2","64,6","0,0","21,1","83,6","911,9"
2025-04-17 11:30:00,"2,3","73,4","0,0","21,6","81,6","911,3"
2025-04-17 12:30:00,"0,9","214,4","0,0","23,2","74,3","910,6"
2025-04-17 13:30:00,"1,2","240,1","0,0","24,2","70,1","909,9"
2025-04-17 14:30:00,"1,3","199,2","0,0","24,5","69,3","909,4"
2025-04-17 15:30:00,"1,5","144,3","0,0","24,5","70,6","909,0"
2025-04-17 16:30:00,"1,4","160,6","0,0","23,9","73,7","909,3"
2025-04-17 17:30:00,"1,3","154,1","0,0","22,7","78,7","909,5"
2025-04-17 18:30:00,"1,1","171,0","0,0","21,9","83,2","909,9"
2025-04-17 19:30:00,"1,1","215,6","0,0","21,3","85,8","910,4"
2025-04-17 20:30:00,"0,7","223,8","0,0","21,0","86,8","910,9"
2025-04-17 21:30:00,"0,7","211,8","0,0","21,0","86,1","911,2"
2025-04-17 22:30:00,"0,5","220,9","0,0","20,7","87,4","910,9"
2025-04-17 23:30:00,"0,8","174,7","0,0","20,5","86,8","910,8"
2025-04-18 00:30:00,"1,0","136,3","0,0","20,5","87,5","910,9"
2025-04-18 01:30:00,"0,7","156,5","0,0","20,4","87,9","910,5"
2025-04-18 02:30:00,"0,9","174,2","0,0","20,1","88,7","910,3"
2025-04-18 03:30:00,"0,9","147,6","0,0","19,8","90,0","910,1"
2025-04-18 04:30:00,"0,9","169,8","0,0","19,6","90,3","909,8"
2025-04-18 05:30:00,"1,1","136,8","2,4","19,6","90,4","910,2"
2025-04-18 06:30:00,"0,6","170,1","0,0","19,6","90,7","910,7"
2025-04-18 07:30:00,"0,8","148,4","0,0","19,7","90,6","911,7"
2025-04-18 08:30:00,"1,4","66,6","0,0","20,3","87,3","912,0"
2025-04-18 09:30:00,"2,5","67,9","0,0","21,7","78,2","912,2"
2025-04-18 10:30:00,"1,7","87,8","0,0","23,1","71,3","911,9"
2025-04-18 11:30:00,"1,2","197,2","0,0","23,8","67,9","911,6"
2025-04-18 12:30:00,"1,0","246,7","0,0","24,7","64,8","911,2"
2025-04-18 13:30:00,"1,1","216,7","0,0","24,7","66,7","910,2"
2025-04-18 14:30:00,"1,3","130,4","0,0","24,8","65,8","909,4"
2025-04-18 15:30:00,"1,7","76,3","0,0","24,8","65,3","909,2"
2025-04-18 16:30:00,"2,3","60,5","0,0","23,6","72,9","909,2"
2025-04-18 17:30:00,"0,8","114,8","0,0","23,3","72,2","909,4"
2025-04-18 18:30:00,"0,7","138,3","0,0","22,7","74,3","909,9"
2025-04-18 19:30:00,"0,4","116,8","0,0","22,5","75,4","910,8"
2025-04-18 20:30:00,"1,4","73,4","0,0","22,2","76,5","911,5"
2025-04-18 21:30:00,"2,5","46,8","0,0","22,0","74,8","911,8"
2025-04-18 22:30:00,"1,3","28,0","0,0","21,7","79,0","911,8"
2025-04-18 23:30:00,"2,4","40,8","0,0","21,4","79,8","911,4"
2025-04-19 00:30:00,"2,5","45,2","0,0","21,2","80,3","911,0"
2025-04-19 01:30:00,"2,2","43,1","0,0","21,1","80,3","910,7"
2025-04-19 02:30:00,"1,1","67,2","0,0","20,7","84,2","910,6"
2025-04-19 03:30:00,"2,8","63,5","0,0","20,4","84,5","910,1"
2025-04-19 04:30:00,"3,9","55,8","0,0","19,9","87,7","909,5"
2025-04-19 05:30:00,"3,6","62,3","0,0","20,0","86,3","909,7"
2025-04-19 06:30:00,"3,7","62,5","0,0","19,8","88,2","910,0"
2025-04-19 07:30:00,"4,0","49,7","0,0","20,2","86,1","910,3"
2025-04-19 08:30:00,"4,5","61,5","0,0","20,3","86,1","910,8"
2025-04-19 09:30:00,"4,7","61,8","0,0","19,9","89,4","911,3"
2025-04-19 10:30:00,"5,0","60,3","0,0","21,1","83,1","910,9"
2025-04-19 11:30:00,"3,4","63,1","0,0","22,4","77,8","910,3"
2025-04-19 12:30:00,"4,6","57,7","0,0","23,3","71,5","909,2"
2025-04-19 13:30:00,"4,7","58,8","0,0","23,9","69,1","908,3"
2025-04-19 14:30:00,"3,9","52,8","0,0","24,1","69,2","907,7"
2025-04-19 15:30:00,"3,4","58,8","0,0","24,1","70,5","907,4"
2025-04-19 16:30:00,"2,5","66,3","0,0","23,9","71,7","907,1"
2025-04-19 17:30:00,"1,7","63,5","0,0","23,7","72,2","907,0"
2025-04-19 18:30:00,"2,8","46,8","0,0","23,5","72,9","906,9"
2025-04-19 19:30:00,"2,7","38,1","0,0","23,4","72,0","907,5"
2025-04-19 20:30:00,"1,9","57,5","0,0","22,7","76,4","908,0"
2025-04-19 21:30:00,"3,8","50,5","1,5","21,9","81,1","907,8"
2025-04-19 22:30:00,"5,1","32,6","0,0","21,7","82,9","907,6"
2025-04-19 23:30:00,"3,0","35,3","1,7","21,7","83,7","908,1"
2025-04-20 00:30:00,"1,9","124,1","0,0","21,4","85,4","908,1"
2025-04-20 01:30:00,"2,5","59,6","0,0","20,6","90,0","907,5"
2025-04-20 02:30:00,"2,5","51,9","0,0","20,2","90,7","907,4"
2025-04-20 03:30:00,"2,4","44,6","0,0","20,1","90,0","906,9"
2025-04-20 04:30:00,"0,9","54,7","0,0","20,0","89,6","907,1"
2025-04-20 05:30:00,"1,6","37,1","0,0","19,9","89,7","906,9"
2025-04-20 06:30:00,"0,8","236,5","0,0","19,8","89,8","907,3"
2025-04-20 07:30:00,"0,8","261,2","0,0","20,5","87,9","907,8"
2025-04-20 08:30:00,"1,0","160,6","0,0","21,5","83,7","908,3"
2025-04-20 09:30:00,"1,0","169,8","0,0","23,2","75,7","908,6"
2025-04-20 10:30:00,"1,2","241,8","0,0","25,3","63,4","908,1"
2025-04-20 11:30:00,"1,6","266,1","0,0","25,8","58,9","907,6"
2025-04-20 12:30:00,"2,1","262,4","0,0","26,3","56,5","906,8"
2025-04-20 13:30:00,"3,3","294,9","0,0","27,1","53,0","906,1"
2025-04-20 14:30:00,"2,8","286,1","0,0","27,7","52,0","905,7"
2025-04-20 15:30:00,"2,1","266,1","0,0","27,4","52,5","905,6"
2025-04-20 16:30:00,"1,9","209,1","0,0","26,5","58,3","905,8"
2025-04-20 17:30:00,"1,5","198,4","0,0","24,6","68,9","906,1"
2025-04-20 18:30:00,"1,3","199,2","0,0","23,8","72,8","906,4"
2025-04-20 19:30:00,"1,2","209,1","0,0","23,1","78,8","907,2"
2025-04-20 20:30:00,"1,7","200,5","0,0","22,6","81,2","907,7"
2025-04-20 21:30:00,"2,2","224,0","0,0","21,9","77,2","907,9"
2025-04-20 22:30:00,"2,6","216,3","0,0","21,3","73,8","907,8"
2025-04-20 23:30:00,"2,0","209,4","0,0","21,1","75,3","907,9"
2025-04-21 00:30:00,"1,8","177,7","0,0","20,6","77,6","907,8"
2025-04-21 01:30:00,"3,4","197,6","0,0","20,0","78,0","907,5"
2025-04-21 02:30:00,"3,0","205,8","0,0","19,3","79,9","907,3"
2025-04-21 03:30:00,"1,4","236,0","0,0","18,6","83,1","907,1"
2025-04-21 04:30:00,"1,3","235,8","0,0","18,4","83,0","907,3"
2025-04-21 05:30:00,"1,0","240,5","0,0","18,1","84,0","907,7"
2025-04-21 06:30:00,"1,2","236,9","0,0","18,2","83,3","908,3"
2025-04-21 07:30:00,"0,9","228,7","0,0","18,9","79,8","908,9"
2025-04-21 08:30:00,"0,9","231,4","0,0","20,1","74,4","909,4"
2025-04-21 09:30:00,"0,9","191,2","0,0","21,0","71,6","909,7"
2025-04-21 10:30:00,"1,5","187,3","0,0","22,1","69,3","909,5"
2025-04-21 11:30:00,"1,2","137,5","0,0","23,1","65,2","908,9"
2025-04-21 12:30:00,"1,2","129,3","0,0","23,8","61,0","908,0"
2025-04-21 13:30:00,"1,1","118,6","0,0","24,8","57,8","907,2"
2025-04-21 14:30:00,"1,0","191,1","0,0","25,9","54,3","906,9"
2025-04-21 15:30:00,"1,4","133,8","0,0","25,1","59,5","906,8"
2025-04-21 16:30:00,"1,5","165,2","0,0","24,5","61,1","906,9"
2025-04-21 17:30:00,"1,6","162,5","0,0","23,3","66,4","907,0"
2025-04-21 18:30:00,"1,6","187,1","0,0","22,4","71,1","907,3"
2025-04-21 19:30:00,"1,3","204,4","0,0","21,7","74,7","907,9"
2025-04-21 20:30:00,"1,2","201,8","0,0","21,4","76,4","908,2"
2025-04-21 21:30:00,"1,2","184,0","0,0","20,9","78,4","908,4"
2025-04-21 22:30:00,"1,7","201,0","0,0","20,8","77,2","908,5"
2025-04-21 23:30:00,"2,6","212,6","0,0","19,9","80,5","908,3"
2025-04-22 00:30:00,"1,7","207,2","0,0","19,6","80,4","908,0"
2025-04-22 01:30:00,"1,4","189,3","0,0","19,4","81,1","907,9"
2025-04-22 02:30:00,"0,9","146,2","0,0","19,0","83,3","907,8"
2025-04-22 03:30:00,"0,9","166,2","0,0","18,7","85,7","907,9"
2025-04-22 04:30:00,"1,2","188,3","0,0","18,5","87,2","908,2"
2025-04-22 05:30:00,"0,9","169,3","0,0","18,4","87,9","908,6"
2025-04-22 06:30:00,"1,4","169,0","0,2","18,3","88,7","909,3"
2025-04-22 07:30:00,"1,2","148,4","0,0","18,1","90,0","909,9"
2025-04-22 08:30:00,"1,3","158,7","0,0","18,3","90,2","910,5"
2025-04-22 09:30:00,"1,3","153,8","0,0","18,2","90,2","910,9"
2025-04-22 10:30:00,"1,4","135,1","0,3","18,3","90,3","910,8"
2025-04-22 11:30:00,"1,4","156,0","0,0","18,3","90,3","910,3"
2025-04-22 12:30:00,"1,5","140,9","0,0","18,0","90,3","909,9"
2025-04-22 13:30:00,"1,1","195,4","0,0","18,0","90,2","909,7"
2025-04-22 14:30:00,"1,2","148,3","0,0","17,8","90,3","909,5"
2025-04-22 15:30:00,"1,1","153,8","0,0","17,9","90,4","909,2"
2025-04-22 16:30:00,"1,2","153,8","0,0","17,9","90,5","909,1"
2025-04-22 17:30:00,"1,1","151,3","0,0","17,7","90,5","909,3"
2025-04-22 18:30:00,"1,0","127,3","0,0","17,6","90,6","909,4"
2025-04-22 19:30:00,"1,3","145,7","0,0","17,4","90,6","909,9"
2025-04-22 20:30:00,"1,0","163,6","0,0","17,1","90,5","910,4"
2025-04-22 21:30:00,"0,8","168,6","0,0","17,1","90,2","910,5"
2025-04-22 22:30:00,"0,6","56,0","0,0","17,2","90,0","910,5"
2025-04-22 23:30:00,"0,9","35,3","0,0","17,4","88,0","910,4"
2025-04-23 00:30:00,"0,7","191,5","0,0","17,5","87,7","910,3"
2025-04-23 01:30:00,"1,0","122,5","0,0","17,1","89,0","909,7"
2025-04-23 02:30:00,"1,2","61,7","0,0","17,2","88,8","909,4"
2025-04-23 03:30:00,"1,6","60,3","0,0","17,4","88,4","909,4"
2025-04-23 04:30:00,"2,6","59,2","0,0","17,4","88,6","909,6"
2025-04-23 05:30:00,"2,7","69,9","0,0","17,3","88,9","910,1"
2025-04-23 06:30:00,"3,1","67,9","0,0","17,3","89,6","910,5"
2025-04-23 07:30:00,"2,9","73,8","0,0","17,3","89,5","911,2"
2025-04-23 08:30:00,"2,2","65,4","0,0","17,6","88,6","911,8"
2025-04-23 09:30:00,"2,8","73,5","0,0","18,0","86,6","912,4"
2025-04-23 10:30:00,"2,8","65,2","0,0","18,3","85,4","912,4"
2025-04-23 11:30:00,"3,2","66,3","0,0","18,3","85,1","911,8"
2025-04-23 12:30:00,"3,8","58,6","0,0","18,6","81,5","911,1"
2025-04-23 13:30:00,"4,2","57,9","0,0","18,9","80,3","910,7"
2025-04-23 14:30:00,"3,0","62,7","0,0","19,3","79,1","910,4"
2025-04-23 15:30:00,"2,6","53,2","0,0","19,4","79,4","910,5"
2025-04-23 16:30:00,"2,5","67,6","0,0","19,4","80,5","910,8"
2025-04-23 17:30:00,"3,7","60,6","0,0","18,9","82,5","910,8"
2025-04-23 18:30:00,"2,4","57,7","0,0","18,7","82,5","910,8"
2025-04-23 19:30:00,"2,0","65,0","0,0","18,5","83,2","910,9"
2025-04-23 20:30:00,"2,4","54,0","0,0","18,3","84,1","911,0"
2025-04-23 21:30:00,"3,0","40,1","0,0","18,1","84,0","911,0"
2025-04-23 22:30:00,"3,2","42,7","0,0","17,9","85,1","911,0"
2025-04-23 23:30:00,"3,0","41,9","0,0","17,6","87,4","910,6"
2025-04-24 00:30:00,"0,8","282,6","0,0","17,3","88,0","910,6"
2025-04-24 01:30:00,"2,5","53,9","0,0","17,1","90,0","910,5"
2025-04-24 02:30:00,"2,9","64,1","0,0","17,1","90,4","910,0"
2025-04-24 03:30:00,"2,2","60,8","0,0","17,2","90,7","909,7"
2025-04-24 04:30:00,"3,3","58,4","0,0","17,2","90,7","909,2"
2025-04-24 05:30:00,"3,3","44,2","0,0","17,6","88,6","909,7"
2025-04-24 06:30:00,"2,0","54,4","0,0","17,8","87,1","910,6"
2025-04-24 07:30:00,"3,4","52,6","0,0","18,0","87,0","910,8"
2025-04-24 08:30:00,"4,5","59,3","0,0","18,7","84,1","911,0"
2025-04-24 09:30:00,"4,6","58,1","0,0","19,8","79,2","911,3"
2025-04-24 10:30:00,"4,2","33,4","0,0","20,6","74,4","911,2"
2025-04-24 11:30:00,"5,0","39,5","0,0","21,1","71,8","910,2"
2025-04-24 12:30:00,"4,7","48,0","0,0","22,0","66,2","909,5"
2025-04-24 13:30:00,"4,0","43,3","0,0","22,6","63,9","908,6"
2025-04-24 14:30:00,"3,0","51,5","0,0","22,8","66,1","908,0"
2025-04-24 15:30:00,"4,4","56,8","0,0","22,6","67,8","907,5"
2025-04-24 16:30:00,"3,6","56,5","0,0","22,4","69,9","907,6"
2025-04-24 17:30:00,"3,5","55,0","0,0","21,7","74,0","907,7"
2025-04-24 18:30:00,"4,4","54,3","0,0","21,1","76,5","907,7"
2025-04-24 19:30:00,"3,6","51,2","0,0","21,0","77,0","908,1"
2025-04-24 20:30:00,"4,5","47,2","0,0","20,7","78,3","908,2"
2025-04-24 21:30:00,"4,5","43,0","0,0","20,4","79,9","908,6"
2025-04-24 22:30:00,"4,6","43,0","0,0","20,1","80,9","908,7"
2025-04-24 23:30:00,"5,3","37,8","0,0","19,9","81,7","908,4"
2025-04-25 00:30:00,"5,4","34,2","0,0","19,7","81,8","907,8"
2025-04-25 01:30:00,"5,1","42,8","0,0","19,5","82,4","907,3"
2025-04-25 02:30:00,"4,7","38,6","0,0","19,4","82,3","906,9"
2025-04-25 03:30:00,"5,4","31,4","0,0","19,7","79,4","906,8"
2025-04-25 04:30:00,"5,7","34,8","0,0","19,4","81,1","906,6"
2025-04-25 05:30:00,"5,5","36,8","0,0","19,1","82,7","906,8"
2025-04-25 06:30:00,"4,0","26,7","0,0","19,0","83,5","907,6"
2025-04-25 07:30:00,"2,9","59,0","0,4","18,6","87,1","908,4"
2025-04-25 08:30:00,"1,6","45,2","0,0","18,8","88,3","908,7"
2025-04-25 09:30:00,"0,6","225,8","0,0","20,5","83,0","909,1"
2025-04-25 10:30:00,"0,9","233,4","0,0","23,3","72,2","909,0"
2025-04-25 11:30:00,"1,9","280,0","0,0","24,5","64,5","908,1"
2025-04-25 12:30:00,"2,4","281,2","0,0","25,1","63,1","907,2"
2025-04-25 13:30:00,"3,0","286,6","0,0","25,5","61,2","906,3"
2025-04-25 14:30:00,"3,0","283,2","0,1","24,1","67,4","905,8"
2025-04-25 15:30:00,"3,5","301,9","0,2","22,8","73,8","905,7"
2025-04-25 16:30:00,"2,7","287,1","0,0","23,1","73,1","905,8"
2025-04-25 17:30:00,"2,5","282,4","0,0","22,9","71,9","906,2"
2025-04-25 18:30:00,"2,0","287,5","0,0","22,8","71,2","906,6"
2025-04-25 19:30:00,"1,9","281,0","0,0","22,8","70,4","907,3"
2025-04-25 20:30:00,"0,9","255,7","0,0","21,9","76,4","907,6"
2025-04-25 21:30:00,"0,9","195,7","0,0","21,1","84,8","907,8"
2025-04-25 22:30:00,"0,6","223,8","0,0","20,5","86,1","907,8"
2025-04-25 23:30:00,"1,0","199,8","0,0","20,6","85,8","907,5"
2025-04-26 00:30:00,"1,0","83,8","0,0","20,2","87,8","907,3"
2025-04-26 01:30:00,"0,5","226,1","0,0","20,2","87,5","907,1"
2025-04-26 02:30:00,"0,5","257,5","0,0","20,0","89,9","907,0"
2025-04-26 03:30:00,"0,3","254,1","0,0","20,3","87,9","906,9"
2025-04-26 04:30:00,"1,1","54,3","0,0","20,7","84,1","906,6"
2025-04-26 05:30:00,"2,1","46,1","0,3","20,6","85,0","906,7"
2025-04-26 06:30:00,"0,6","260,8","0,0","19,6","88,7","907,7"
2025-04-26 07:30:00,"0,7","275,2","0,0","19,8","90,2","908,7"
2025-04-26 08:30:00,"0,9","180,8","0,0","21,5","83,8","909,3"
2025-04-26 09:30:00,"1,2","184,5","0,0","21,8","81,7","909,5"
2025-04-26 10:30:00,"0,9","303,6","0,0","23,8","71,8","909,0"
2025-04-26 11:30:00,"1,2","75,7","0,0","24,4","68,2","908,1"
2025-04-26 12:30:00,"0,9","19,7","0,0","25,2","65,3","907,3"
2025-04-26 13:30:00,"1,2","325,1","0,0","26,5","59,6","906,5"
2025-04-26 14:30:00,"1,1","225,2","2,9","23,9","73,2","905,9"
2025-04-26 15:30:00,"0,9","165,6","0,0","25,4","65,8","905,9"
2025-04-26 16:30:00,"0,9","69,7","0,0","26,2","60,9","906,1"
2025-04-26 17:30:00,"1,6","90,5","0,0","23,6","75,1","906,6"
2025-04-26 18:30:00,"1,2","193,9","0,0","22,5","79,7","907,1"
2025-04-26 19:30:00,"1,2","200,1","0,0","21,9","79,1","907,7"
2025-04-26 20:30:00,"1,3","179,7","0,0","21,8","78,2","908,2"
2025-04-26 21:30:00,"0,8","206,1","0,0","21,8","79,0","908,4"
2025-04-26 22:30:00,"0,6","227,9","0,0","21,9","77,9","908,6"
2025-04-26 23:30:00,"1,7","62,6","0,0","21,7","79,7","908,3"
2025-04-27 00:30:00,"1,3","87,8","0,0","20,8","84,5","908,0"
2025-04-27 01:30:00,"1,1","31,8","0,0","20,6","86,7","907,7"
2025-04-27 02:30:00,"0,5","261,6","0,0","20,1","89,3","907,5"
2025-04-27 03:30:00,"1,2","79,8","0,0","20,5","86,9","907,4"
2025-04-27 04:30:00,"1,8","56,4","0,1","20,4","88,4","907,5"
2025-04-27 05:30:00,"2,3","53,0","0,0","20,3","90,2","907,8"
2025-04-27 06:30:00,"2,1","65,3","0,0","20,3","90,0","908,3"
2025-04-27 07:30:00,"2,8","64,7","0,0","20,2","90,7","908,9"
2025-04-27 08:30:00,"3,2","62,1","0,0","20,9","87,3","909,4"
2025-04-27 09:30:00,"3,3","61,2","0,0","21,7","82,5","909,8"
2025-04-27 10:30:00,"3,3","64,1","0,0","22,5","78,5","909,6"
2025-04-27 11:30:00,"4,1","58,7","0,0","23,5","73,5","908,9"
2025-04-27 12:30:00,"3,4","61,4","0,0","24,8","68,1","908,3"
2025-04-27 13:30:00,"2,8","67,1","0,0","25,1","66,1","907,3"
2025-04-27 14:30:00,"2,2","58,9","0,0","25,2","65,2","906,5"
2025-04-27 15:30:00,"2,2","84,2","0,0","25,1","66,8","906,4"
2025-04-27 16:30:00,"1,2","135,4","0,0","23,7","79,6","906,1"
2025-04-27 17:30:00,"1,1","143,8","0,0","22,9","82,5","906,3"
2025-04-27 18:30:00,"0,8","141,1","0,0","22,2","84,6","906,5"
2025-04-27 19:30:00,"2,1","201,3","0,0","20,8","83,6","907,2"
2025-04-27 20:30:00,"1,4","35,0","1,1","20,1","83,6","907,8"
2025-04-27 21:30:00,"4,4","58,4","0,0","20,2","85,0","908,4"
2025-04-27 22:30:00,"4,5","53,7","0,0","19,6","89,7","908,0"
2025-04-27 23:30:00,"4,8","42,5","0,0","19,8","88,9","907,5"
2025-04-28 00:30:00,"3,2","66,3","0,0","20,2","86,7","907,2"
2025-04-28 01:30:00,"2,4","27,4","0,0","20,3","87,7","907,2"
2025-04-28 02:30:00,"1,4","25,3","0,0","20,5","87,5","906,9"
2025-04-28 03:30:00,"2,1","48,8","0,2","20,5","88,4","906,5"
2025-04-28 04:30:00,"1,8","67,0","0,0","20,2","89,6","906,4"
2025-04-28 05:30:00,"1,8","69,5","0,1","19,8","90,8","906,9"
2025-04-28 06:30:00,"1,2","81,5","0,4","20,0","91,1","907,3"
2025-04-28 07:30:00,"3,3","39,4","0,0","20,4","91,2","907,9"
2025-04-28 08:30:00,"3,7","39,3","0,0","20,9","88,9","908,4"
2025-04-28 09:30:00,"3,7","44,0","0,0","22,1","82,6","908,9"
2025-04-28 10:30:00,"2,7","25,3","0,0","24,0","74,2","908,7"
2025-04-28 11:30:00,"2,2","3,1","0,0","25,5","67,9","908,0"
2025-04-28 12:30:00,"1,5","318,2","0,0","26,4","63,4","907,2"
2025-04-28 13:30:00,"1,9","298,1","0,0","26,5","62,3","906,0"
2025-04-28 14:30:00,"1,6","331,8","0,0","27,0","61,0","905,3"
2025-04-28 15:30:00,"3,4","273,1","0,8","24,4","68,9","905,0"
2025-04-28 16:30:00,"6,2","298,2","0,0","22,3","73,3","905,1"
2025-04-28 17:30:00,"3,1","316,9","1,0","22,0","71,1","905,7"
2025-04-28 18:30:00,"1,9","91,6","0,0","21,6","76,5","906,3"
2025-04-28 19:30:00,"2,2","53,3","0,0","21,1","81,7","906,8"
2025-04-28 20:30:00,"2,2","73,3","0,0","21,0","80,5","907,2"
2025-04-28 21:30:00,"1,7","45,9","0,0","20,9","81,5","907,2"
2025-04-28 22:30:00,"0,8","107,5","0,0","20,2","85,4","907,0"
2025-04-28 23:30:00,"1,0","65,8","0,0","21,3","78,5","906,9"
2025-04-29 00:30:00,"0,9","110,2","0,0","21,0","78,9","906,7"
2025-04-29 01:30:00,"0,6","248,9","0,0","20,3","84,3","906,2"
2025-04-29 02:30:00,"1,1","265,0","0,0","20,0","85,7","905,7"
2025-04-29 03:30:00,"1,1","251,0","0,0","20,0","85,0","905,4"
2025-04-29 04:30:00,"1,6","238,3","0,0","19,3","88,9","905,6"
2025-04-29 05:30:00,"1,9","214,2","0,0","19,3","89,0","906,2"
2025-04-29 06:30:00,"1,0","165,5","0,0","19,1","90,3","907,2"
2025-04-29 07:30:00,"0,7","156,8","0,0","19,4","90,2","908,1"
2025-04-29 08:30:00,"0,6","194,6","0,0","20,3","85,2","908,6"
2025-04-29 09:30:00,"1,3","220,4","0,0","21,6","76,0","909,3"
2025-04-29 10:30:00,"1,1","192,0","0,0","22,3","74,5","909,2"
2025-04-29 11:30:00,"1,5","204,8","0,0","23,2","69,5","908,4"
2025-04-29 12:30:00,"1,5","209,1","0,0","24,4","64,4","907,8"
2025-04-29 13:30:00,"1,1","181,2","0,0","25,2","61,0","906,7"
2025-04-29 14:30:00,"1,3","271,6","0,0","26,1","57,6","905,9"
2025-04-29 15:30:00,"1,4","206,4","0,0","25,6","59,4","905,8"
2025-04-29 16:30:00,"1,2","141,3","0,0","25,3","62,6","906,1"
2025-04-29 17:30:00,"1,5","179,7","1,1","23,6","69,9","906,3"
2025-04-29 18:30:00,"1,1","261,3","2,5","20,5","86,9","907,0"
2025-04-29 19:30:00,"1,2","153,5","0,0","20,9","86,5","907,9"
2025-04-29 20:30:00,"1,1","169,8","0,0","21,0","85,0","908,4"
2025-04-29 21:30:00,"1,6","203,0","0,0","20,5","87,5","908,7"
2025-04-29 22:30:00,"2,0","210,2","0,0","20,0","86,5","908,8"
2025-04-29 23:30:00,"2,3","196,1","0,0","19,6","85,6","908,8"
2025-04-30 00:30:00,"2,2","187,3","0,0","19,0","84,2","908,7"
2025-04-30 01:30:00,"2,2","204,4","0,0","18,6","85,1","908,4"
2025-04-30 02:30:00,"2,2","210,8","0,0","18,5","84,1","908,2"
2025-04-30 03:30:00,"2,3","207,4","0,0","18,2","85,5","908,0"
2025-04-30 04:30:00,"1,9","215,4","0,0","17,9","86,3","908,2"
2025-04-30 05:30:00,"2,1","214,1","0,0","17,6","88,5","908,6"
2025-04-30 06:30:00,"2,0","209,3","0,2","17,5","89,3","909,4"
2025-04-30 07:30:00,"1,7","214,4","1,6","17,3","90,1","910,0"
2025-04-30 08:30:00,"1,6","192,4","0,0","17,4","90,3","910,7"
2025-04-30 09:30:00,"1,5","149,5","0,0","17,7","88,5","911,2"
2025-04-30 10:30:00,"1,6","152,1","0,0","18,1","86,8","911,3"
2025-04-30 11:30:00,"1,3","144,8","0,0","18,4","85,3","910,9"
2025-04-30 12:30:00,"1,4","122,9","0,0","18,5","88,2","910,3"
2025-04-30 13:30:00,"1,5","104,1","0,0","18,9","87,4","909,7"
2025-04-30 14:30:00,"1,1","138,3","0,0","18,7","87,1","909,2"
2025-04-30 15:30:00,"1,1","134,1","0,0","18,5","87,9","909,0"
2025-04-30 16:30:00,"1,0","134,4","0,0","18,5","87,4","909,2"
2025-04-30 17:30:00,"1,2","143,3","0,0","18,1","88,0","909,8"
2025-04-30 18:30:00,"1,3","129,7","0,0","17,8","89,2","910,3"
2025-04-30 19:30:00,"0,8","143,2","0,0","17,7","89,8","910,9"
2025-04-30 20:30:00,"1,4","80,3","0,0","17,6","90,1","911,5"
2025-04-30 21:30:00,"2,0","60,9","0,0","17,7","89,4","911,6"
2025-04-30 22:30:00,"1,6","68,6","0,0","17,7","89,7","911,7"
2025-04-30 23:30:00,"1,2","67,4","0,0","17,5","90,2","911,6"
