2022-07-01 00:30:00,"1,0","32,1","0,0","17,5","69,6","913,5"
2022-07-01 01:30:00,"0,7","196,5","0,0","16,4","76,9","913,4"
2022-07-01 02:30:00,"0,7","153,3","0,0","15,7","80,0","913,0"
2022-07-01 03:30:00,"1,1","94,6","0,0","15,9","77,2","912,9"
2022-07-01 04:30:00,"1,0","44,0","0,0","15,2","79,4","912,8"
2022-07-01 05:30:00,"2,3","29,4","0,0","15,0","79,9","912,7"
2022-07-01 06:30:00,"2,8","39,4","0,0","14,4","84,1","913,2"
2022-07-01 07:30:00,"3,8","30,8","0,0","14,7","88,0","913,9"
2022-07-01 08:30:00,"2,4","39,3","0,0","14,9","87,9","914,6"
2022-07-01 09:30:00,"3,0","17,8","0,0","15,1","86,9","915,3"
2022-07-01 10:30:00,"3,1","14,7","0,0","15,8","84,2","915,6"
2022-07-01 11:30:00,"3,0","16,8","0,0","16,8","80,2","915,6"
2022-07-01 12:00:00,n,n,n,n,n,n
2022-07-01 12:30:00,"2,9","15,4","0,0","19,6","68,7","915,0"
2022-07-01 13:30:00,"3,1","24,4","0,0","20,5","62,3","914,2"
2022-07-01 14:30:00,"3,4","20,3","0,0","21,3","59,8","913,6"
2022-07-01 15:30:00,"3,3","24,4","0,0","21,2","60,2","913,3"
2022-07-01 16:30:00,"3,1","37,3","0,0","20,4","62,0","913,3"
2022-07-01 17:30:00,"2,5","24,5","0,0","19,1","66,5","913,8"
2022-07-01 18:30:00,"2,3","30,8","0,0","17,2","74,2","914,4"
2022-07-01 19:30:00,"2,3","28,2","0,0","16,4","77,2","914,8"
2022-07-01 20:30:00,"1,8","28,9","0,0","16,0","79,1","915,2"
2022-07-01 21:30:00,"2,3","19,4","0,0","16,0","78,6","915,5"
2022-07-01 22:30:00,"1,4","30,6","0,0","15,7","79,1","915,8"
2022-07-01 23:30:00,"1,2","35,4","0,0","15,4","80,0","915,9"
2022-07-02 00:30:00,"1,4","36,1","0,0","15,2","81,3","915,9"
2022-07-02 01:30:00,"1,0","30,4","0,0","14,9","83,3","915,7"
2022-07-02 02:30:00,"0,8","38,1","0,0","14,6","84,4","915,7"
2022-07-02 03:30:00,"0,7","42,4","0,0","14,4","85,1","915,5"
2022-07-02 04:30:00,"1,8","35,8","0,0","14,4","85,5","915,6"
2022-07-02 05:30:00,"2,8","37,6","0,0","14,3","88,2","915,6"
2022-07-02 06:30:00,"2,5","37,1","0,0","14,2","90,7","916,3"
2022-07-02 07:30:00,"3,2","38,2","0,0","14,9","88,3","916,6"
2022-07-02 08:30:00,"3,5","41,2","0,0","17,2","80,6","917,1"
2022-07-02 09:30:00,"4,7","37,9","0,0","17,9","77,8","917,6"
2022-07-02 10:30:00,"4,2","37,8","0,0","17,9","76,9","918,2"
2022-07-02 11:30:00,"3,7","39,2","0,0","18,8","74,1","918,3"
2022-07-02 12:00:00,n,n,n,n,n,n
2022-07-02 12:30:00,"4,0","37,8","0,0","20,5","66,1","917,6"
2022-07-02 13:30:00,"4,5","33,9","0,0","21,3","60,7","917,0"
2022-07-02 14:30:00,"4,1","38,0","0,0","22,4","56,3","916,4"
2022-07-02 15:30:00,"4,1","45,2","0,0","21,4","59,1","916,1"
2022-07-02 16:30:00,"3,7","51,6","0,0","20,6","61,2","916,1"
2022-07-02 17:30:00,"2,3","46,6","0,0","19,3","66,1","916,3"
2022-07-02 18:30:00,"2,0","39,0","0,0","18,6","68,7","916,6"
2022-07-02 19:30:00,"1,8","45,1","0,0","17,8","71,2","916,9"
2022-07-02 20:30:00,"1,7","37,6","0,0","17,2","76,0","917,4"
2022-07-02 21:30:00,"0,9","38,1","0,0","16,5","81,6","917,9"
2022-07-02 22:30:00,"1,2","30,1","0,0","15,8","85,6","918,0"
2022-07-02 23:30:00,"0,6","101,2","0,0","15,3","88,6","918,1"
2022-07-03 00:30:00,"0,5","42,2","0,0","14,9","91,3","918,1"
2022-07-03 01:30:00,"1,6","29,7","0,0","15,4","88,0","917,8"
2022-07-03 02:30:00,"2,4","26,4","0,0","15,4","87,4","917,4"
2022-07-03 03:30:00,"2,2","26,4","0,0","15,0","88,9","917,3"
2022-07-03 04:30:00,"2,0","22,2","0,0","14,6","89,7","917,3"
2022-07-03 05:30:00,"1,9","19,1","0,0","14,3","92,4","917,4"
2022-07-03 06:30:00,"1,5","20,6","0,0","13,8","97,0","917,6"
2022-07-03 07:30:00,"1,4","32,6","0,0","15,5","90,2","917,9"
2022-07-03 08:30:00,"2,0","45,0","0,0","14,5","94,6","918,6"
2022-07-03 09:30:00,"2,8","43,6","0,0","15,5","89,8","919,2"
2022-07-03 10:30:00,"3,6","40,7","0,0","18,0","79,2","919,3"
2022-07-03 11:30:00,"3,5","27,7","0,0","20,3","66,3","918,9"
2022-07-03 12:00:00,n,n,n,n,n,n
2022-07-03 12:30:00,"2,9","33,1","0,0","21,1","62,8","918,5"
2022-07-03 13:30:00,"2,5","64,7","0,0","22,1","58,8","917,7"
2022-07-03 14:30:00,"1,8","66,5","0,0","23,1","55,3","916,9"
2022-07-03 15:30:00,"1,6","183,3","0,0","24,4","52,5","916,4"
2022-07-03 16:30:00,"1,7","135,7","0,0","22,5","59,3","916,3"
2022-07-03 17:30:00,"1,8","124,5","0,0","19,9","67,1","916,7"
2022-07-03 18:30:00,"1,9","92,6","0,0","18,2","72,0","917,0"
2022-07-03 19:30:00,"2,0","57,7","0,0","17,5","73,4","917,4"
2022-07-03 20:30:00,"1,7","44,4","0,0","17,2","72,9","917,6"
2022-07-03 21:30:00,"1,5","49,5","0,0","16,9","73,1","917,8"
2022-07-03 22:30:00,"2,0","56,3","0,0","16,7","73,9","918,0"
2022-07-03 23:30:00,"1,6","47,3","0,0","16,4","75,7","917,9"
2022-07-04 00:30:00,"1,4","36,7","0,0","15,9","78,3","917,8"
2022-07-04 01:30:00,"1,3","37,2","0,0","15,5","79,3","917,5"
2022-07-04 02:30:00,"1,8","26,1","0,0","15,2","79,4","917,2"
2022-07-04 03:30:00,"2,4","24,7","0,0","14,8","80,8","917,1"
2022-07-04 04:30:00,"2,5","29,8","0,0","14,4","84,2","916,8"
2022-07-04 05:30:00,"2,5","25,3","0,0","14,1","88,6","916,8"
2022-07-04 06:30:00,"2,3","30,4","0,0","14,0","91,0","916,9"
2022-07-04 07:30:00,"2,1","32,2","0,0","16,3","82,7","917,3"
2022-07-04 08:30:00,"2,3","39,8","0,0","18,1","76,2","917,9"
2022-07-04 09:30:00,"3,1","39,8","0,0","19,2","70,6","918,4"
2022-07-04 10:30:00,"4,6","44,1","0,0","20,1","61,8","918,3"
2022-07-04 11:30:00,"5,0","42,2","0,0","21,2","55,5","917,9"
2022-07-04 12:00:00,n,n,n,n,n,n
2022-07-04 12:30:00,"4,1","56,7","0,0","21,8","53,7","917,1"
2022-07-04 13:30:00,"3,4","39,8","0,0","23,4","48,5","916,0"
2022-07-04 14:30:00,"3,1","57,1","0,0","24,0","47,3","915,2"
2022-07-04 15:30:00,"3,6","39,3","0,0","23,6","47,4","914,6"
2022-07-04 16:30:00,"3,4","33,5","0,0","22,4","50,7","914,9"
2022-07-04 17:30:00,"3,5","57,5","0,0","20,5","56,0","915,2"
2022-07-04 18:30:00,"3,5","62,3","0,0","19,3","60,8","915,4"
2022-07-04 19:30:00,"3,1","64,0","0,0","18,7","63,4","915,9"
2022-07-04 20:30:00,"3,2","63,9","0,0","18,7","59,8","916,2"
2022-07-04 21:30:00,"2,8","43,9","0,0","18,8","57,3","916,3"
2022-07-04 22:30:00,"1,8","38,8","0,0","18,1","60,4","916,3"
2022-07-04 23:30:00,"1,8","42,0","0,0","17,9","62,2","916,1"
2022-07-05 00:30:00,"1,7","38,6","0,0","17,3","68,7","916,1"
2022-07-05 01:30:00,"1,7","38,4","0,0","16,7","74,1","915,9"
2022-07-05 02:30:00,"1,2","45,6","0,0","16,2","77,1","915,6"
2022-07-05 03:30:00,"0,6","33,8","0,0","15,1","81,9","915,2"
2022-07-05 04:30:00,"1,6","26,7","0,0","15,2","85,2","915,0"
2022-07-05 05:30:00,"1,2","31,9","0,0","15,4","86,4","915,0"
2022-07-05 06:30:00,"1,0","356,8","0,0","15,1","86,2","915,4"
2022-07-05 07:30:00,"1,4","26,2","0,0","15,6","88,2","915,9"
2022-07-05 08:30:00,"2,1","29,4","0,0","15,9","92,7","916,5"
2022-07-05 09:30:00,"3,2","30,5","0,0","17,8","83,7","917,0"
2022-07-05 10:30:00,"4,0","47,5","0,0","19,9","71,1","917,0"
2022-07-05 11:30:00,"3,5","31,5","0,0","20,2","69,5","916,7"
2022-07-05 12:00:00,n,n,n,n,n,n
2022-07-05 12:30:00,"3,3","27,6","0,0","21,4","63,6","916,0"
2022-07-05 13:30:00,"2,9","27,9","0,0","21,4","63,7","915,0"
2022-07-05 14:30:00,"3,1","42,4","0,0","21,2","64,8","914,4"
2022-07-05 15:30:00,"2,9","50,2","0,0","21,2","66,0","913,9"
2022-07-05 16:30:00,"2,8","47,6",n,"21,8","62,1","913,6"
2022-07-05 17:30:00,"1,6","88,9","0,0","19,7","72,8","913,9"
2022-07-05 18:30:00,"1,5","133,7","0,0","17,4","85,1","914,2"
2022-07-05 19:30:00,"1,0","210,8","0,0","16,6","88,2","914,5"
2022-07-05 20:30:00,"0,9","226,0","0,0","16,3","89,4","914,9"
2022-07-05 21:30:00,"1,1","203,7","0,0","16,1","89,7","915,2"
2022-07-05 22:30:00,"1,0","224,0","0,0","16,2","88,8","915,4"
2022-07-05 23:30:00,"0,7","196,4","0,0","16,0","88,1","915,3"
2022-07-06 00:30:00,"0,5","201,9","0,0","15,4","89,8","915,3"
2022-07-06 01:30:00,"0,9","22,6","0,0","15,7","83,7","915,1"
2022-07-06 02:30:00,"1,5","19,5","0,0","15,7","82,0","914,9"
2022-07-06 03:30:00,"1,3","4,3","0,0","15,6","85,7","914,7"
2022-07-06 04:30:00,"2,0","25,9","0,0","15,3","87,6","914,5"
2022-07-06 05:30:00,"2,3","23,8","0,0","15,6","88,5","914,4"
2022-07-06 06:30:00,"1,9","33,1","0,0","15,5","88,8","914,6"
2022-07-06 07:30:00,"1,8","35,2","0,0","15,6","89,6","915,0"
2022-07-06 08:30:00,"1,9","42,6","0,0","16,4","87,9","915,6"
2022-07-06 09:30:00,"3,0","37,7","0,0","18,0","81,5","916,0"
2022-07-06 10:30:00,"3,6","42,6","0,0","19,5","70,1","916,2"
2022-07-06 11:30:00,"3,6","43,8","0,0","20,3","58,2","916,1"
2022-07-06 12:00:00,n,n,n,n,n,n
2022-07-06 12:30:00,"4,0","61,7","0,0","20,9","55,3","915,5"
2022-07-06 13:30:00,"4,0","64,5","0,0","21,6","53,5","914,6"
2022-07-06 14:30:00,"3,3","31,1","0,0","22,8","49,9","914,0"
2022-07-06 15:30:00,"2,5","41,6","0,0","22,7","50,2","913,5"
2022-07-06 16:30:00,n,n,n,n,n,n
2022-07-06 17:30:00,"1,8","45,0","0,0","20,1","56,4","913,5"
2022-07-06 18:30:00,"1,6","58,6","0,0","18,5","62,4","913,5"
2022-07-06 19:30:00,"1,1","240,9","0,0","16,7","70,8","913,9"
2022-07-06 20:30:00,"0,7","202,9","0,0","15,8","76,2","914,3"
2022-07-06 21:30:00,"0,5","218,3","0,0","15,7","76,8","914,6"
2022-07-06 22:30:00,"0,9","220,6","0,0","15,5","77,4","914,8"
2022-07-06 23:30:00,"0,5","234,9","0,0","15,1","78,7","914,8"
2022-07-07 00:30:00,"0,6","236,6","0,0","14,8","80,1","914,9"
2022-07-07 01:30:00,"0,5","214,7","0,0","14,6","80,5","914,8"
2022-07-07 02:30:00,"0,8","348,0","0,0","14,9","78,3","914,5"
2022-07-07 03:30:00,"1,3","51,1","0,0","14,8","78,1","914,3"
2022-07-07 04:30:00,"2,7","22,0","0,0","14,9","79,0","914,3"
2022-07-07 05:30:00,"3,2","13,1","0,0","14,9","79,6","914,5"
2022-07-07 06:30:00,"3,1","23,0","0,0","14,4","82,8","915,0"
2022-07-07 07:30:00,"2,5","27,8","0,0","16,1","77,7","915,5"
2022-07-07 08:30:00,"2,3","39,6","0,0","18,1","73,0","916,2"
2022-07-07 09:30:00,"2,8","47,5","0,0","19,0","70,3","916,9"
2022-07-07 10:30:00,"3,0","48,3","0,0","20,2","66,0","916,9"
2022-07-07 11:30:00,"4,1","47,2","0,0","21,0","57,5","916,7"
2022-07-07 12:00:00,n,n,n,n,n,n
2022-07-07 12:30:00,"4,1","43,4","0,0","20,8","54,8","916,2"
2022-07-07 13:30:00,"3,0","56,8","0,0","20,5","55,5","915,6"
2022-07-07 14:30:00,"2,1","79,2","0,0","20,8","55,0","915,0"
2022-07-07 15:30:00,"2,7","51,1","0,0","21,6","52,1","914,9"
2022-07-07 16:30:00,"2,5","46,2","0,0","20,1","54,5","915,2"
2022-07-07 17:30:00,"2,4","49,3","0,0","19,2","56,9","915,4"
2022-07-07 18:30:00,"2,4","52,3","0,0","17,4","62,3","915,7"
2022-07-07 19:30:00,"2,2","68,2","0,0","16,9","63,9","916,0"
2022-07-07 20:30:00,"1,2","112,9","0,0","16,5","65,3","916,4"
2022-07-07 21:30:00,"0,8","214,6","0,0","15,8","68,6","916,8"
2022-07-07 22:30:00,"1,3","228,3","0,0","15,8","68,4","917,0"
2022-07-07 23:30:00,"1,1","224,6","0,0","15,5","69,5","917,1"
2022-07-08 00:30:00,"1,3","224,7","0,0","15,4","70,4","917,2"
2022-07-08 01:30:00,"0,5","183,8","0,0","15,2","70,3","917,0"
2022-07-08 02:30:00,"0,8","168,7","0,0","15,0","71,5","916,6"
2022-07-08 03:30:00,"1,0","197,0","0,0","14,6","73,6","916,3"
2022-07-08 04:30:00,"0,8","228,1","0,0","14,5","73,7","916,3"
2022-07-08 05:30:00,"3,7","21,4","0,0","13,6","78,5","916,6"
2022-07-08 06:30:00,"3,5","14,1","0,0","14,4","74,7","917,0"
2022-07-08 07:30:00,"2,6","26,0","0,0","15,9","70,6","917,4"
2022-07-08 08:30:00,"2,6","32,1","0,0","18,0","68,4","917,9"
2022-07-08 09:30:00,"3,2","18,9","0,0","19,8","65,6","918,4"
2022-07-08 10:30:00,"4,0","15,7","0,0","20,5","64,6","918,4"
2022-07-08 11:30:00,"3,2","32,9","0,0","21,6","58,6","918,0"
2022-07-08 12:00:00,n,n,n,n,n,n
2022-07-08 12:30:00,"2,6","22,9","0,0","22,2","50,6","917,3"
2022-07-08 13:30:00,"2,7","42,6","0,0","23,8","44,5","916,4"
2022-07-08 14:30:00,"3,0","30,0","0,0","23,9","43,4","915,9"
2022-07-08 15:30:00,"2,2","44,5","0,0","23,8","44,9","915,8"
2022-07-08 16:30:00,"2,0","129,7","0,0","21,3","55,5","916,1"
2022-07-08 17:30:00,"1,2","139,5","0,0","20,2","58,2","916,4"
2022-07-08 18:30:00,"1,2","214,6","0,0","19,2","62,1","916,7"
2022-07-08 19:30:00,"1,3","158,8","0,0","18,4","68,8","917,1"
2022-07-08 20:30:00,"0,9","192,9","0,0","17,8","71,7","917,4"
2022-07-08 21:30:00,"0,8","204,5","0,0","17,5","72,5","917,8"
2022-07-08 22:30:00,"0,8","211,5","0,0","16,8","74,5","918,1"
2022-07-08 23:30:00,"0,5","161,8","0,0","16,6","75,6","918,0"
2022-07-09 00:30:00,"0,7","25,0","0,0","16,7","75,7","917,6"
2022-07-09 01:30:00,"1,1","47,7","0,0","16,5","77,6","917,3"
2022-07-09 02:30:00,"2,3","26,1","0,0","16,6","79,7","916,9"
2022-07-09 03:30:00,"1,3","58,8","0,0","16,3","81,7","916,9"
2022-07-09 04:30:00,"1,8","137,8","0,0","15,7","84,4","917,0"
2022-07-09 05:30:00,"1,5","122,8","0,0","15,3","88,0","917,1"
2022-07-09 06:30:00,"0,6","163,2","0,0","15,1","89,9","917,4"
2022-07-09 07:30:00,"1,0","140,4","0,0","15,3","89,9","918,0"
2022-07-09 08:30:00,"1,2","74,6","0,0","18,4","77,6","918,2"
2022-07-09 09:30:00,"2,5","42,3","0,0","20,3","69,1","918,4"
2022-07-09 10:30:00,"3,1","47,5","0,0","21,9","62,7","918,4"
2022-07-09 11:30:00,"3,4","45,4","0,0","23,1","57,1","917,8"
2022-07-09 12:00:00,n,n,n,n,n,n
2022-07-09 12:30:00,"3,9","50,1","0,0","22,3","56,4","916,9"
2022-07-09 13:30:00,"4,2","69,6","0,0","22,3","53,4","916,0"
2022-07-09 14:30:00,"4,4","35,9","0,0","23,9","46,6","915,3"
2022-07-09 15:30:00,"3,9","36,6","0,0","23,8","44,7","914,9"
2022-07-09 16:30:00,"4,1","33,0","0,0","22,8","47,2","915,0"
2022-07-09 17:30:00,"3,5","48,7","0,0","20,3","54,9","915,3"
2022-07-09 18:30:00,"2,2","46,5","0,0","19,3","58,7","915,6"
2022-07-09 19:30:00,"2,7","47,4","0,0","19,3","58,2","915,9"
2022-07-09 20:30:00,"2,2","46,0","0,0","18,9","60,9","916,1"
2022-07-09 21:30:00,"2,5","46,5","0,0","18,4","66,9","916,6"
2022-07-09 22:30:00,"2,7","53,6","0,0","18,0","70,4","916,9"
2022-07-09 23:30:00,"3,1","60,0","0,0","17,6","73,4","917,0"
2022-07-10 00:30:00,"4,0","64,2","0,0","16,9","79,6","917,0"
2022-07-10 01:30:00,"2,2","53,3","0,0","15,1","95,2","917,0"
2022-07-10 02:30:00,"2,1","43,7","0,0","15,4","92,5","916,7"
2022-07-10 03:30:00,"1,3","56,2","0,0","15,4","91,9","916,5"
2022-07-10 04:30:00,"2,6","60,3","0,0","15,3","89,6","916,5"
2022-07-10 05:30:00,"2,7","50,1","0,0","14,7","88,5","916,5"
2022-07-10 06:30:00,"3,0","46,7","0,0","14,1","87,7","916,4"
2022-07-10 07:30:00,"2,2","40,7","0,0","16,0","79,0","916,8"
2022-07-10 08:30:00,"3,0","34,2","0,0","17,2","75,5","917,2"
2022-07-10 09:30:00,"3,1","38,3","0,0","16,8","78,0","917,7"
2022-07-10 10:30:00,"3,4","50,3","0,0","18,1","73,5","917,7"
2022-07-10 11:30:00,"3,1","47,8","0,0","18,7","70,7","917,1"
2022-07-10 12:00:00,n,n,n,n,n,n
2022-07-10 12:30:00,"3,1","43,3","0,0","19,8","64,6","916,4"
2022-07-10 13:30:00,"3,6","41,7","0,0","20,6","60,1","915,4"
2022-07-10 14:30:00,"3,6","48,5","0,0","20,4","60,6","914,7"
2022-07-10 15:30:00,"3,9","42,8","0,0","20,0","62,9","914,0"
2022-07-10 16:30:00,"3,3","43,2","0,0","19,6","65,1","913,9"
2022-07-10 17:30:00,"1,6","88,4","0,0","19,0","69,4","914,1"
2022-07-10 18:30:00,"1,4","63,6","0,0","18,2","74,3","914,3"
2022-07-10 19:30:00,"2,8","64,7","0,0","18,0","74,9","914,4"
2022-07-10 20:30:00,"2,4","49,0","0,0","17,6","76,9","914,6"
2022-07-10 21:30:00,"2,1","45,2","0,0","17,2","78,6","914,8"
2022-07-10 22:30:00,"1,5","44,4","0,0","16,8","80,4","914,8"
2022-07-10 23:30:00,"1,8","45,2","0,0","16,6","81,8","914,6"
2022-07-11 00:30:00,"2,4","51,9","0,0","16,3","83,9","914,6"
2022-07-11 01:30:00,"2,2","35,9","0,0","15,7","86,6","914,2"
2022-07-11 02:30:00,"2,1","35,8","0,0","15,5","87,4","913,9"
2022-07-11 03:30:00,"1,6","56,5","0,0","15,1","89,7","913,8"
2022-07-11 04:30:00,"0,9","46,9","0,0","15,0","90,9","913,6"
2022-07-11 05:30:00,"1,6","41,8","0,0","15,0","91,5","913,5"
2022-07-11 06:30:00,"1,6","39,9","0,0","14,2","95,4","914,0"
2022-07-11 07:30:00,"1,8","37,4","0,0","15,9","88,0","914,3"
2022-07-11 08:30:00,"2,7","47,0","0,0","17,6","80,2","914,7"
2022-07-11 09:30:00,"3,7","32,6","0,0","18,5","74,3","915,0"
2022-07-11 10:30:00,"4,0","28,7","0,0","19,1","68,7","914,8"
2022-07-11 11:30:00,"3,8","44,9","0,0","20,5","59,0","914,5"
2022-07-11 12:00:00,n,n,n,n,n,n
2022-07-11 12:30:00,"4,7","43,7","0,0","21,7","49,7","913,6"
2022-07-11 13:30:00,"4,3","34,2","0,0","22,9","44,8","912,3"
2022-07-11 14:30:00,"5,2","34,9","0,0","22,8","42,1","911,4"
2022-07-11 15:30:00,"4,3","43,5","0,0","23,0","43,3","910,7"
2022-07-11 16:30:00,"3,7","36,9","0,0","22,8","44,9","910,5"
2022-07-11 17:30:00,"2,4","35,6","0,0","21,3","49,2","910,9"
2022-07-11 18:30:00,"1,4","34,8","0,0","19,7","54,4","911,3"
2022-07-11 19:30:00,"0,6","23,5","0,0","18,5","58,8","911,7"
2022-07-11 20:30:00,"0,6","346,8","0,0","17,3","64,8","912,2"
2022-07-11 21:30:00,"1,1","15,7","0,0","17,3","68,5","912,9"
2022-07-11 22:30:00,"1,7","20,3","0,0","17,4","70,9","913,6"
2022-07-11 23:30:00,"1,9","25,3","0,0","17,3","72,6","913,6"
2022-07-12 00:30:00,"1,4","34,1","0,0","16,5","75,9","913,3"
2022-07-12 01:30:00,"1,8","13,5","0,0","16,6","76,6","913,1"
2022-07-12 02:30:00,"1,8","359,3","0,0","16,8","76,9","912,8"
2022-07-12 03:30:00,"2,8","7,5","0,0","16,7","77,2","912,3"
2022-07-12 04:30:00,"2,9","24,9","0,0","15,9","80,1","912,0"
2022-07-12 05:30:00,"3,3","20,0","0,0","15,3","82,8","911,8"
2022-07-12 06:30:00,"2,6","26,8","0,0","15,0","84,6","912,2"
2022-07-12 07:30:00,"1,4","33,2","0,0","17,7","74,2","913,0"
2022-07-12 08:30:00,"1,3","55,2","0,0","20,1","66,2","914,0"
2022-07-12 09:30:00,"2,4","61,1","0,0","21,3","63,6","914,8"
2022-07-12 10:30:00,"3,1","46,0","0,0","21,7","64,1","915,0"
2022-07-12 11:30:00,"3,6","25,3","0,0","22,1","63,1","914,8"
2022-07-12 12:00:00,n,n,n,n,n,n
2022-07-12 12:30:00,"4,5","6,0","0,0","23,9","57,0","913,9"
2022-07-12 13:30:00,"3,8","8,6","0,0","24,7","52,4","912,9"
2022-07-12 14:30:00,"3,2","5,7","0,0","24,6","52,0","912,1"
2022-07-12 15:30:00,"2,5","341,9","0,0","25,7","48,1","911,6"
2022-07-12 16:30:00,"1,5","323,9","0,0","25,9","47,5","911,7"
2022-07-12 17:30:00,"1,9","278,7","0,0","23,5","49,0","911,9"
2022-07-12 18:30:00,"1,5","245,5","0,0","21,5","53,5","912,2"
2022-07-12 19:30:00,"1,3","202,0","0,0","20,8","55,2","912,8"
2022-07-12 20:30:00,"1,7","168,0","0,0","20,1","61,6","913,4"
2022-07-12 21:30:00,"1,3","179,8","0,0","19,0","73,8","914,0"
2022-07-12 22:30:00,"1,8","177,1","0,0","18,4","77,8","914,2"
2022-07-12 23:30:00,"0,8","208,1","0,0","17,5","80,8","914,3"
2022-07-13 00:30:00,"0,9","84,7","0,0","17,4","84,0","914,1"
2022-07-13 01:30:00,"2,0","352,7","0,0","17,3","81,7","913,6"
2022-07-13 02:30:00,"2,6","18,6","0,0","17,3","82,5","913,1"
2022-07-13 03:30:00,"1,9","13,3","0,0","16,6","85,0","912,9"
2022-07-13 04:30:00,"2,7","3,1","0,0","16,4","88,2","912,9"
2022-07-13 05:30:00,"3,7","8,8","0,0","16,5","89,6","913,0"
2022-07-13 06:30:00,"3,0","22,6","0,0","15,6","93,3","913,6"
2022-07-13 07:30:00,"2,9","30,2","0,0","17,3","87,3","913,9"
2022-07-13 08:30:00,"2,5","39,6","0,0","19,1","81,7","914,7"
2022-07-13 09:30:00,"3,4","45,2","0,0","20,2","77,8","915,2"
2022-07-13 10:30:00,"3,5","359,6","0,0","19,6","71,9","915,6"
2022-07-13 11:30:00,"3,4","342,3","2,6","22,4","62,4","823,0"
2022-07-13 12:00:00,n,n,n,n,n,n
2022-07-13 12:30:00,"2,2","28,3","0,0","24,2","53,3","822,8"
2022-07-13 13:30:00,"2,7","65,0","0,0","24,5","51,1","822,6"
2022-07-13 14:30:00,"3,4","42,2","0,0","25,0","43,6","822,5"
2022-07-13 15:30:00,"3,5","29,3","0,0","24,2","46,7","822,5"
2022-07-13 16:30:00,"3,0","58,8","0,0","23,7","48,3","822,4"
2022-07-13 17:30:00,"2,3","31,0","0,0","21,9","53,4","822,5"
2022-07-13 18:30:00,"2,4","14,4","0,0","20,1","59,1","822,6"
2022-07-13 19:30:00,"2,6","18,4","0,0","19,6","61,3","822,7"
2022-07-13 20:30:00,"0,8","61,6","0,0","18,6","65,8","822,8"
2022-07-13 21:30:00,"2,1","23,4","0,0","18,6","66,5","822,8"
2022-07-13 22:30:00,"1,2","62,1","0,0","17,7","70,9","822,8"
2022-07-13 23:30:00,"0,8","119,6","0,0","16,7","75,2","822,8"
2022-07-14 00:30:00,"1,6","35,8","0,0","16,9","75,0","822,9"
2022-07-14 01:30:00,"1,6","18,9","0,0","17,0","75,4","822,8"
2022-07-14 02:30:00,"1,6","50,7","0,0","16,2","79,0","822,8"
2022-07-14 03:30:00,"2,6","0,6","0,0","16,1","80,4","822,7"
2022-07-14 04:30:00,"0,9","82,0","0,0","14,8","86,1","822,7"
2022-07-14 05:30:00,"2,0","27,7","0,0","14,6","87,4","822,8"
2022-07-14 06:30:00,"3,2","2,1","0,0","15,2","85,0","822,8"
2022-07-14 07:30:00,"2,9","344,8","0,0","15,9","83,0","822,9"
2022-07-14 08:30:00,"3,7","345,7","0,0","16,2","83,4","823,0"
2022-07-14 09:30:00,"4,4","346,0","0,0","18,8","74,0","823,1"
2022-07-14 10:30:00,"3,9","342,1","0,0","20,1","67,4","823,1"
2022-07-14 11:30:00,"3,0","350,9","0,0","20,8","63,1","823,0"
2022-07-14 12:00:00,n,n,n,n,n,n
2022-07-14 12:30:00,"3,6","339,0","0,0","22,9","54,5","822,8"
2022-07-14 13:30:00,"3,8","339,2","0,0","23,9","48,5","822,6"
2022-07-14 14:30:00,"3,3","337,0","0,0","24,6","45,3","822,4"
2022-07-14 15:30:00,"3,8","337,5","0,0","24,6","42,5","822,3"
2022-07-14 16:30:00,"4,6","341,5","0,0","23,7","43,3","822,3"
2022-07-14 17:30:00,"4,0","358,8","0,0","21,4","49,8","822,3"
2022-07-14 18:30:00,"2,2","17,0","0,0","19,2","63,0","822,5"
2022-07-14 19:30:00,"1,4","342,3","0,0","18,9","62,8","822,5"
2022-07-14 20:30:00,"2,4","12,6","0,0","18,9","62,2","822,6"
2022-07-14 21:30:00,"1,0","5,1","0,0","17,7","68,6","822,6"
2022-07-14 22:30:00,"2,4","326,0","0,0","17,6","69,8","822,7"
2022-07-14 23:30:00,"2,6","324,6","0,0","17,2","72,7","822,7"
2022-07-15 00:30:00,"2,8","317,3","0,0","16,7","77,0","822,6"
2022-07-15 01:30:00,"3,1","322,4","0,0","16,2","81,4","822,6"
2022-07-15 02:30:00,"3,0","330,6","0,0","15,8","85,6","822,6"
2022-07-15 03:30:00,"2,6","321,7","0,0","15,5","88,4","822,5"
2022-07-15 04:30:00,"3,3","337,8","0,0","15,8","88,4","822,6"
2022-07-15 05:30:00,"2,2","340,4","0,0","15,7","88,8","822,6"
2022-07-15 06:30:00,"1,8","333,3","0,0","15,7","88,5","822,6"
2022-07-15 07:30:00,"1,7","338,1","0,0","16,0","88,1","822,8"
2022-07-15 08:30:00,"2,0","345,7","0,0","16,8","84,9","822,9"
2022-07-15 09:30:00,"3,2","341,6","0,0","18,6","78,4","822,9"
2022-07-15 10:30:00,"4,5","337,0","0,0","19,9","72,9","822,9"
2022-07-15 11:30:00,"5,0","339,9","0,0","20,8","67,9","822,8"
2022-07-15 12:00:00,n,n,n,n,n,n
2022-07-15 12:30:00,"4,6","336,3","0,0","21,1","65,2","822,7"
2022-07-15 13:30:00,"4,8","335,6","0,0","22,2","59,9","822,4"
2022-07-15 14:30:00,"5,4","341,9","0,0","21,7","60,8","822,3"
2022-07-15 15:30:00,"4,1","324,6","0,0","22,9","57,3","822,1"
2022-07-15 16:30:00,"4,5","337,9","0,0","22,5","58,3","822,1"
2022-07-15 17:30:00,"3,8","346,5","0,0","21,1","62,4","822,1"
2022-07-15 18:30:00,"2,9","338,2","0,0","19,3","68,9","822,1"
2022-07-15 19:30:00,"1,7","325,0","0,0","19,1","67,7","822,3"
2022-07-15 20:30:00,"1,7","334,7","0,0","18,7","68,5","822,3"
2022-07-15 21:30:00,"3,5","336,7","0,0","18,2","72,2","822,3"
2022-07-15 22:30:00,"3,4","334,6","0,0","17,6","75,7","822,4"
2022-07-15 23:30:00,"3,1","331,4","0,0","17,2","77,2","822,4"
2022-07-16 00:30:00,"2,9","325,8","0,0","16,9","78,1","822,4"
2022-07-16 01:30:00,"3,8","316,3","0,0","16,9","77,7","822,4"
2022-07-16 02:30:00,"3,8","316,5","0,0","16,6","79,7","822,3"
2022-07-16 03:30:00,"3,1","333,4","0,0","15,7","83,9","822,3"
2022-07-16 04:30:00,"3,0","332,8","0,0","15,1","85,2","822,3"
2022-07-16 05:30:00,"4,1","319,6","0,0","15,2","83,3","822,3"
2022-07-16 06:30:00,"4,6","317,6","0,0","15,0","84,8","822,3"
2022-07-16 07:30:00,"3,9","326,5","0,0","15,7","84,1","822,4"
2022-07-16 08:30:00,"4,8","347,9","0,0","16,7","80,8","822,5"
2022-07-16 09:30:00,"4,9","337,4","0,0","18,1","76,5","822,6"
2022-07-16 10:30:00,"5,8","320,8","0,0","19,6","67,3","822,6"
2022-07-16 11:30:00,"5,3","307,8","0,0","20,8","62,1","822,6"
2022-07-16 12:00:00,n,n,n,n,n,n
2022-07-16 12:30:00,"4,8","317,8","0,0","22,5","55,5","822,4"
2022-07-16 13:30:00,"4,0","311,4","0,0","23,9","50,8","822,3"
2022-07-16 14:30:00,"3,1","306,3","0,0","25,0","48,0","822,1"
2022-07-16 15:30:00,"2,4","315,0","0,0","25,6","47,6","822,0"
2022-07-16 16:30:00,"3,1","351,2","0,0","24,6","50,2","822,0"
2022-07-16 17:30:00,"3,0","338,3","0,0","22,7","52,9","822,1"
2022-07-16 18:30:00,"2,6","327,2","0,0","21,0","54,6","822,1"
2022-07-16 19:30:00,"2,4","330,9","0,0","20,3","55,4","822,2"
2022-07-16 20:30:00,"1,2","326,2","0,0","19,2","60,3","822,3"
2022-07-16 21:30:00,"1,7","324,2","0,0","18,6","64,4","822,5"
2022-07-16 22:30:00,"2,3","323,7","0,0","18,4","66,3","822,5"
2022-07-16 23:30:00,"3,2","313,5","0,0","18,2","70,6","822,6"
2022-07-17 00:30:00,"3,6","312,0","0,0","18,0","71,9","822,6"
2022-07-17 01:30:00,"3,7","303,1","0,0","18,0","71,2","822,6"
2022-07-17 02:30:00,"2,6","315,9","0,0","17,4","74,4","822,6"
2022-07-17 03:30:00,"2,1","325,7","0,0","17,0","75,7","822,6"
2022-07-17 04:30:00,"1,3","327,0","0,0","16,0","80,4","822,5"
2022-07-17 05:30:00,"2,3","324,4","0,0","16,1","78,5","822,5"
2022-07-17 06:30:00,"2,6","323,4","0,0","16,0","77,6","822,6"
2022-07-17 07:30:00,"3,7","316,0","0,0","17,3","74,5","822,7"
2022-07-17 08:30:00,"3,7","320,8","0,0","18,5","72,6","822,8"
2022-07-17 09:30:00,"3,5","319,6","0,0","20,1","67,9","823,0"
2022-07-17 10:30:00,"5,0","310,2","0,0","21,5","61,7","823,0"
2022-07-17 11:30:00,"5,0","301,9","0,0","22,2","59,1","822,9"
2022-07-17 12:00:00,n,n,n,n,n,n
2022-07-17 12:30:00,"3,0","320,3","0,0","24,3","52,6","822,8"
2022-07-17 13:30:00,"2,3","329,7","0,0","24,8","51,9","822,7"
2022-07-17 14:30:00,"2,2","2,1","0,0","25,8","46,7","822,6"
2022-07-17 15:30:00,"1,6","311,9","0,0","27,0","43,5","822,5"
2022-07-17 16:30:00,"2,4","328,0","0,0","25,7","48,9","822,5"
2022-07-17 17:30:00,"2,4","327,8","0,0","23,9","53,1","822,6"
2022-07-17 18:30:00,"3,1","335,4","0,0","21,5","60,4","822,7"
2022-07-17 19:30:00,"2,4","333,9","0,0","20,5","64,7","822,8"
2022-07-17 20:30:00,"1,2","219,5","0,0","19,1","73,7","822,9"
2022-07-17 21:30:00,"0,7","196,9","0,0","18,1","79,1","823,0"
2022-07-17 22:30:00,"0,8","310,5","0,0","18,2","77,3","823,0"
2022-07-17 23:30:00,"1,3","327,3","0,0","18,1","74,8","823,1"
2022-07-18 00:30:00,"1,9","328,3","0,0","18,1","71,7","823,0"
2022-07-18 01:30:00,"0,9","319,2","0,0","17,0","75,7","823,0"
2022-07-18 02:30:00,"1,0","326,1","0,0","16,6","77,2","823,0"
2022-07-18 03:30:00,"0,7","357,5","0,0","15,9","82,7","822,9"
2022-07-18 04:30:00,"1,6","70,8","0,0","15,7","84,3","822,9"
2022-07-18 05:30:00,"0,7","304,6","0,0","15,2","84,7","822,9"
2022-07-18 06:30:00,"0,7","295,5","0,0","14,3","89,4","823,0"
2022-07-18 07:30:00,"1,6","326,1","0,0","17,2","77,0","823,1"
2022-07-18 08:30:00,"3,4","341,1","0,0","18,6","73,0","823,2"
2022-07-18 09:30:00,"4,5","337,2","0,0","19,5","70,4","823,3"
2022-07-18 10:30:00,"4,4","329,9","0,0","20,9","65,4","823,3"
2022-07-18 11:30:00,"2,9","339,5","0,0","22,7","60,0","823,3"
2022-07-18 12:00:00,n,n,n,n,n,n
2022-07-18 12:30:00,"1,9","15,3","0,0","24,2","55,8","823,1"
2022-07-18 13:30:00,"2,8","65,8","0,0","23,9","54,9","823,1"
2022-07-18 14:30:00,"3,5","78,0","0,0","23,9","54,4","823,0"
2022-07-18 15:30:00,"3,2","61,3","0,0","23,7","53,8","823,0"
2022-07-18 16:30:00,"2,5","31,8","0,0","23,7","52,4","823,0"
2022-07-18 17:30:00,"2,2","22,6","0,0","21,5","58,1","823,1"
2022-07-18 18:30:00,"2,9","10,1","0,0","19,2","65,7","823,2"
2022-07-18 19:30:00,"1,1","4,3","0,0","18,3","67,8","823,2"
2022-07-18 20:30:00,"1,3","1,2","0,0","17,9","69,0","823,3"
2022-07-18 21:30:00,"0,7","111,2","0,0","16,8","75,7","823,3"
2022-07-18 22:30:00,"0,6","234,4","0,0","16,3","78,4","823,3"
2022-07-18 23:30:00,"0,7","327,8","0,0","16,3","78,4","823,3"
2022-07-19 00:30:00,"1,0","353,0","0,0","16,1","79,2","823,3"
2022-07-19 01:30:00,"2,5","346,0","0,0","16,1","79,6","823,1"
2022-07-19 02:30:00,"2,2","339,5","0,0","15,5","82,9","823,1"
2022-07-19 03:30:00,"1,5","30,6","0,0","14,6","87,9","823,1"
2022-07-19 04:30:00,"1,4","11,1","0,0","14,9","88,2","823,1"
2022-07-19 05:30:00,"0,6","216,7","0,0","14,3","91,2","823,1"
2022-07-19 06:30:00,"1,9","328,5","0,0","14,9","91,5","823,1"
2022-07-19 07:30:00,"1,0","8,3","0,0","15,4","89,4","823,3"
2022-07-19 08:30:00,"0,8","123,5","0,0","16,5","85,2","823,4"
2022-07-19 09:30:00,"1,6","96,9","0,0","17,6","82,2","823,5"
2022-07-19 10:30:00,"2,4","67,9","0,0","19,3","74,1","823,5"
2022-07-19 11:30:00,"2,3","3,0","0,0","21,6","58,7","823,4"
2022-07-19 12:00:00,n,n,n,n,n,n
2022-07-19 12:30:00,"2,3","10,3","0,0","23,9","51,4","823,1"
2022-07-19 13:30:00,"2,6","108,6","0,0","24,2","51,2","823,0"
2022-07-19 14:30:00,"2,2","80,7","0,0","24,2","51,0","822,9"
2022-07-19 15:30:00,"2,3","44,4","0,0","24,2","50,8","822,8"
2022-07-19 16:30:00,"2,3","31,1","0,0","23,6","51,7","822,8"
2022-07-19 17:30:00,"1,6","33,1","0,0","21,8","55,5","822,8"
2022-07-19 18:30:00,"2,2","6,3","0,0","19,2","63,6","822,8"
2022-07-19 19:30:00,"2,2","336,9","0,0","18,2","69,2","822,9"
2022-07-19 20:30:00,"0,8","38,4","0,0","17,3","73,8","823,0"
2022-07-19 21:30:00,"1,1","334,5","0,0","16,9","73,6","823,0"
2022-07-19 22:30:00,"3,4","315,7","0,0","17,0","70,1","823,0"
2022-07-19 23:30:00,"2,2","308,2","0,0","16,6","71,5","822,9"
2022-07-20 00:30:00,"1,1","309,9","0,0","15,9","74,2","822,9"
2022-07-20 01:30:00,"1,1","315,8","0,0","15,6","75,6","822,8"
2022-07-20 02:30:00,"0,5","126,4","0,0","14,6","81,9","822,8"
2022-07-20 03:30:00,"0,5","244,9","0,0","14,6","80,2","822,7"
2022-07-20 04:30:00,"0,5","93,0","0,0","14,6","81,2","822,7"
2022-07-20 05:30:00,"0,5","132,4","0,0","14,1","82,8","822,8"
2022-07-20 06:30:00,"0,9","88,5","0,0","14,1","83,2","822,8"
2022-07-20 07:30:00,"1,7","82,5","0,0","15,7","78,1","822,9"
2022-07-20 08:30:00,"1,1","84,9","0,0","18,7","68,0","823,0"
2022-07-20 09:30:00,"1,1","142,7","0,0","21,3","61,0","823,0"
2022-07-20 10:30:00,"2,7","122,7","0,0","21,5","61,2","823,0"
2022-07-20 11:30:00,"3,4","49,2","0,0","22,5","55,9","823,0"
2022-07-20 12:00:00,n,n,n,n,n,n
2022-07-20 12:30:00,"3,4","51,7","0,0","23,2","53,5","822,8"
2022-07-20 13:30:00,"3,4","41,9","0,0","24,5","47,7","822,6"
2022-07-20 14:30:00,"3,2","47,4","0,0","24,0","47,6","822,5"
2022-07-20 15:30:00,"3,0","55,7","0,0","24,0","47,4","822,4"
2022-07-20 16:30:00,"2,6","28,8","0,0","23,8","47,9","822,4"
2022-07-20 17:30:00,"2,6","68,3","0,0","21,8","55,8","822,5"
2022-07-20 18:30:00,"1,8","57,7","0,0","19,9","62,7","822,5"
2022-07-20 19:30:00,"2,1","97,2","0,0","19,4","65,9","822,5"
2022-07-20 20:30:00,"2,6","120,8","0,0","18,8","70,7","822,6"
2022-07-20 21:30:00,"2,5","125,7","0,0","18,3","72,2","822,8"
2022-07-20 22:30:00,"2,1","142,9","0,0","17,7","73,8","822,8"
2022-07-20 23:30:00,"2,4","120,5","0,0","17,4","73,0","822,8"
2022-07-21 00:30:00,"1,7","119,5","0,0","16,7","75,6","822,7"
2022-07-21 01:30:00,"1,3","98,9","0,0","16,2","78,4","822,6"
2022-07-21 02:30:00,"0,8","62,1","0,0","15,6","81,3","822,6"
2022-07-21 03:30:00,"1,4","74,5","0,0","15,7","79,8","822,6"
2022-07-21 04:30:00,"1,2","53,9","0,0","15,5","80,7","822,6"
2022-07-21 05:30:00,"1,5","74,8","0,0","15,3","81,8","822,6"
2022-07-21 06:30:00,"1,1","102,5","0,0","14,6","85,5","822,7"
2022-07-21 07:30:00,"0,7","62,7","0,0","16,6","79,3","822,8"
2022-07-21 08:30:00,"1,3","330,3","0,0","19,7","68,1","822,8"
2022-07-21 09:30:00,"3,6","338,8","0,0","18,3","74,6","822,9"
2022-07-21 10:30:00,"2,6","328,2","0,0","20,8","65,3","822,9"
2022-07-21 11:30:00,"1,8","43,8","0,0","22,7","58,3","822,8"
2022-07-21 12:00:00,n,n,n,n,n,n
2022-07-21 12:30:00,"2,0","346,7","0,0","23,0","55,4","822,7"
2022-07-21 13:30:00,"2,1","25,9","0,0","24,6","49,8","822,4"
2022-07-21 14:30:00,"2,0","349,5","0,0","23,8","50,3","822,3"
2022-07-21 15:30:00,"2,2","6,3","0,0","23,5","49,7","822,2"
2022-07-21 16:30:00,"3,3","343,8","0,0","22,6","51,5","822,1"
2022-07-21 17:30:00,"3,0","5,7","0,0","21,4","55,6","822,2"
2022-07-21 18:30:00,"1,4","14,3","0,0","19,3","62,5","822,3"
2022-07-21 19:30:00,"1,8","359,7","0,0","18,7","64,9","822,4"
2022-07-21 20:30:00,"0,8","330,4","0,0","17,9","65,8","822,5"
2022-07-21 21:30:00,"0,7","320,2","0,0","17,5","65,3","822,6"
2022-07-21 22:30:00,"0,6","314,9","0,0","17,3","65,1","822,6"
2022-07-21 23:30:00,"0,7","18,8","0,0","16,9","68,4","822,8"
2022-07-22 00:30:00,"1,0","323,5","0,0","16,9","67,6","822,7"
2022-07-22 01:30:00,"1,4","325,9","0,0","16,5","71,4","822,6"
2022-07-22 02:30:00,"2,0","322,2","0,0","16,2","75,5","822,6"
2022-07-22 03:30:00,"2,4","321,8","0,0","15,9","80,6","822,5"
2022-07-22 04:30:00,"2,9","324,2","0,0","15,6","83,9","822,5"
2022-07-22 05:30:00,"3,3","310,2","0,0","15,0","84,7","822,5"
2022-07-22 06:30:00,"3,8","312,5","0,0","14,7","87,1","822,6"
2022-07-22 07:30:00,"3,3","323,6","0,0","14,8","88,2","822,7"
2022-07-22 08:30:00,"2,3","335,4","0,0","15,5","85,9","822,8"
2022-07-22 09:30:00,"3,3","339,7","0,0","17,0","80,9","822,9"
2022-07-22 10:30:00,"3,8","316,5","0,0","19,0","71,7","822,9"
2022-07-22 11:30:00,"3,7","330,7","0,0","19,6","68,3","822,8"
2022-07-22 12:00:00,n,n,n,n,n,n
2022-07-22 12:30:00,"3,1","313,5","0,0","21,1","61,9","822,7"
2022-07-22 13:30:00,"3,7","323,2","0,0","22,6","54,3","822,5"
2022-07-22 14:30:00,"3,9","314,5","0,0","23,7","49,8","822,4"
2022-07-22 15:30:00,"3,8","319,3","0,0","23,8","47,3","822,3"
2022-07-22 16:30:00,"3,3","329,7","0,0","23,6","46,8","822,3"
2022-07-22 17:30:00,"2,7","322,8","0,0","21,7","50,2","822,3"
2022-07-22 18:30:00,"1,9","318,4","0,0","19,9","54,7","822,4"
2022-07-22 19:30:00,"2,0","47,3","0,0","18,9","61,7","822,5"
2022-07-22 20:30:00,"1,1","336,8","0,0","17,5","71,0","822,5"
2022-07-22 21:30:00,"1,2","323,5","0,0","17,5","73,2","822,6"
2022-07-22 22:30:00,"1,2","323,9","0,0","17,2","73,6","822,6"
2022-07-22 23:30:00,"1,8","323,0","0,0","17,1","74,1","822,6"
2022-07-23 00:30:00,"2,6","317,1","0,0","16,9","75,4","822,6"
2022-07-23 01:30:00,"2,8","314,1","0,0","16,9","75,5","822,5"
2022-07-23 02:30:00,"2,3","317,1","0,0","16,5","77,8","822,4"
2022-07-23 03:30:00,"2,1","323,1","0,0","16,1","80,5","822,4"
2022-07-23 04:30:00,"2,1","355,3","0,0","15,0","84,6","822,5"
2022-07-23 05:30:00,"1,8","335,6","0,0","14,6","85,9","822,5"
2022-07-23 06:30:00,"2,6","334,2","0,0","14,9","85,7","822,6"
2022-07-23 07:30:00,"2,7","336,7","0,0","15,4","84,2","822,7"
2022-07-23 08:30:00,"4,1","342,4","0,0","17,3","79,2","822,8"
2022-07-23 09:30:00,"5,7","338,8","0,0","18,1","78,3","822,9"
2022-07-23 10:30:00,"4,7","322,4","0,0","18,8","74,8","822,9"
2022-07-23 11:30:00,"4,6","322,7","0,0","20,5","65,9","822,8"
2022-07-23 12:00:00,n,n,n,n,n,n
2022-07-23 12:30:00,"3,9","333,7","0,0","21,7","59,7","822,7"
2022-07-23 13:30:00,"2,8","334,9","0,0","22,0","56,4","822,5"
2022-07-23 14:30:00,"2,4","322,9","0,0","24,6","46,9","822,4"
2022-07-23 15:30:00,"2,2","323,0","0,0","24,9","42,1","822,3"
2022-07-23 16:30:00,"2,5","328,1","0,0","24,8","41,9","822,3"
2022-07-23 17:30:00,"1,8","315,9","0,0","23,0","46,9","822,3"
2022-07-23 18:30:00,"1,5","1,9","0,0","20,7","55,0","822,5"
2022-07-23 19:30:00,"1,9","347,5","0,0","19,3","65,1","822,5"
2022-07-23 20:30:00,"0,8","333,2","0,0","18,5","69,1","822,6"
2022-07-23 21:30:00,"0,5","230,9","0,0","17,8","71,2","822,7"
2022-07-23 22:30:00,"0,5","250,9","0,0","17,8","67,5","822,8"
2022-07-23 23:30:00,"0,7","340,5","0,0","17,6","70,0","822,8"
2022-07-24 00:30:00,"0,5","295,8","0,0","16,3","72,8","822,8"
2022-07-24 01:30:00,"1,3","317,6","0,0","16,9","65,7","822,6"
2022-07-24 02:30:00,"1,7","324,5","0,0","16,8","64,0","822,6"
2022-07-24 03:30:00,"2,6","321,6","0,0","16,7","64,7","822,5"
2022-07-24 04:30:00,"3,1","318,6","0,0","16,1","71,8","822,5"
2022-07-24 05:30:00,"2,7","320,9","0,0","15,4","77,6","822,5"
2022-07-24 06:30:00,"2,8","325,3","0,0","15,2","80,8","822,6"
2022-07-24 07:30:00,"3,2","338,5","0,0","15,1","81,9","822,8"
2022-07-24 08:30:00,"3,4","336,4","0,0","15,3","84,5","822,9"
2022-07-24 09:30:00,"2,4","346,5","0,0","16,2","82,9","823,0"
2022-07-24 10:30:00,"1,3","307,3","0,0","18,0","77,0","823,1"
2022-07-24 11:30:00,"1,5","113,7","0,0","20,6","67,9","823,1"
2022-07-24 12:00:00,n,n,n,n,n,n
2022-07-24 12:30:00,"2,2","65,7","0,0","20,6","65,8","822,9"
2022-07-24 13:30:00,"2,8","333,9","0,0","22,0","57,8","822,8"
2022-07-24 14:30:00,"1,6","26,6","0,0","22,1","55,5","822,6"
2022-07-24 15:30:00,"2,0","352,1","0,0","21,5","56,5","822,6"
2022-07-24 16:30:00,"2,0","348,0","0,0","21,9","54,7","822,6"
2022-07-24 17:30:00,"2,2","15,7","0,0","20,2","59,0","822,6"
2022-07-24 18:30:00,"2,0","9,4","0,0","18,8","61,7","822,6"
2022-07-24 19:30:00,"1,1","349,1","0,0","17,6","65,1","822,7"
2022-07-24 20:30:00,"0,5","178,4","0,0","16,6","69,8","822,8"
2022-07-24 21:30:00,"0,7","330,0","0,0","16,8","68,3","823,0"
2022-07-24 22:30:00,"0,8","327,7","0,0","16,6","68,2","823,0"
2022-07-24 23:30:00,"0,7","341,3","0,0","16,1","70,3","823,0"
2022-07-25 00:30:00,"1,3","335,7","0,0","16,7","66,4","822,9"
2022-07-25 01:30:00,"0,9","328,5","0,0","16,4","67,7","822,8"
2022-07-25 02:30:00,"1,7","337,5","0,0","15,7","71,6","822,8"
2022-07-25 03:30:00,"1,5","310,9","0,0","14,4","78,8","822,8"
2022-07-25 04:30:00,"1,6","320,8","0,0","14,4","79,7","822,8"
2022-07-25 05:30:00,"1,6","330,0","0,0","13,9","84,2","822,8"
2022-07-25 06:30:00,"1,6","316,1","0,0","13,5","88,8","822,9"
2022-07-25 07:30:00,"2,1","327,3","0,0","15,5","83,7","823,0"
2022-07-25 08:30:00,"3,9","331,9","0,0","16,9","78,7","823,1"
2022-07-25 09:30:00,"4,9","330,4","0,0","17,4","76,3","823,2"
2022-07-25 10:30:00,"4,2","329,1","0,0","19,1","68,6","823,2"
2022-07-25 11:30:00,"3,6","335,1","0,0","20,8","61,9","823,1"
2022-07-25 12:00:00,n,n,n,n,n,n
2022-07-25 12:30:00,"2,0","43,2","0,0","22,8","53,7","822,9"
2022-07-25 13:30:00,"2,9","316,0","0,0","24,3","48,5","822,8"
2022-07-25 14:30:00,"2,1","320,1","0,0","25,1","45,4","822,6"
2022-07-25 15:30:00,"2,5","348,1","0,0","24,5","45,8","822,4"
2022-07-25 16:30:00,"2,5","356,9","0,0","24,1","48,1","822,4"
2022-07-25 17:30:00,"1,9","33,4","0,0","21,5","57,2","822,5"
2022-07-25 18:30:00,"2,2","11,1","0,0","18,9","65,1","822,6"
2022-07-25 19:30:00,"3,1","352,3","0,0","18,0","67,4","822,7"
2022-07-25 20:30:00,"1,9","326,7","0,0","17,3","69,3","822,8"
2022-07-25 21:30:00,"2,9","324,1","0,0","16,9","70,6","823,0"
2022-07-25 22:30:00,"3,9","313,7","0,0","16,5","72,8","823,0"
2022-07-25 23:30:00,"3,6","311,9","0,0","16,3","74,3","823,0"
2022-07-26 00:30:00,"3,0","313,6","0,0","15,9","75,4","822,9"
2022-07-26 01:30:00,"2,5","308,6","0,0","15,6","74,6","822,8"
2022-07-26 02:30:00,"1,1","313,2","0,0","14,7","77,5","822,8"
2022-07-26 03:30:00,"1,4","319,4","0,0","14,8","76,1","822,6"
2022-07-26 04:30:00,"0,8","332,9","0,0","14,1","79,6","822,6"
2022-07-26 05:30:00,"1,0","348,3","0,0","14,1","81,0","822,7"
2022-07-26 06:30:00,"1,9","322,9","0,0","13,7","84,6","822,8"
2022-07-26 07:30:00,"2,7","327,6","0,0","15,1","82,6","822,9"
2022-07-26 08:30:00,"2,9","334,2","0,0","16,2","80,1","823,1"
2022-07-26 09:30:00,"4,0","328,5","0,0","17,8","76,5","823,2"
2022-07-26 10:30:00,"4,5","342,2","0,0","19,3","67,4","823,3"
2022-07-26 11:30:00,"4,5","339,6","0,0","19,4","61,6","823,1"
2022-07-26 12:00:00,n,n,n,n,n,n
2022-07-26 12:30:00,"3,7","332,1","0,0","21,3","55,4","823,0"
2022-07-26 13:30:00,"2,5","339,0","0,0","22,7","52,2","822,9"
2022-07-26 14:30:00,"1,8","308,5","0,0","23,9","49,5","822,7"
2022-07-26 15:30:00,"1,6","68,9","0,0","23,2","50,0","822,6"
2022-07-26 16:30:00,"2,1","58,5","0,0","22,9","50,2","822,6"
2022-07-26 17:30:00,"2,4","15,9","0,0","20,8","55,1","822,6"
2022-07-26 18:30:00,"2,7","7,5","0,0","18,7","60,8","822,7"
2022-07-26 19:30:00,"2,8","347,1","0,0","17,9","63,3","822,8"
2022-07-26 20:30:00,"1,7","342,4","0,0","17,5","64,5","822,9"
2022-07-26 21:30:00,"1,3","333,5","0,0","17,1","65,7","823,0"
2022-07-26 22:30:00,"0,5","338,0","0,0","16,2","69,5","823,0"
2022-07-26 23:30:00,"0,5","169,8","0,0","15,8","70,8","823,0"
2022-07-27 00:30:00,"0,7","132,4","0,0","15,9","71,0","823,1"
2022-07-27 01:30:00,"0,9","122,2","0,0","15,7","71,8","823,0"
2022-07-27 02:30:00,"1,6","31,8","0,0","15,6","72,4","822,9"
2022-07-27 03:30:00,"1,0","330,0","0,0","15,0","75,2","822,8"
2022-07-27 04:30:00,"1,0","302,4","0,0","13,8","82,1","822,8"
2022-07-27 05:30:00,"1,4","320,1","0,0","14,0","85,7","822,8"
2022-07-27 06:30:00,"1,3","331,9","0,0","13,9","87,9","822,8"
2022-07-27 07:30:00,"0,6","343,3","0,0","14,4","85,3","823,0"
2022-07-27 08:30:00,"1,7","328,0","0,0","17,5","76,2","823,0"
2022-07-27 09:30:00,"2,3","337,7","0,0","19,0","71,1","823,1"
2022-07-27 10:30:00,"3,0","344,0","0,0","20,2","64,8","823,1"
2022-07-27 11:30:00,"3,5","346,9","0,0","20,4","60,1","823,0"
2022-07-27 12:00:00,n,n,n,n,n,n
2022-07-27 12:30:00,"2,6","343,8","0,0","21,3","56,3","822,9"
2022-07-27 13:30:00,"2,0","353,8","0,0","21,2","57,1","822,7"
2022-07-27 14:30:00,"2,2","3,2","0,0","21,3","55,8","822,6"
2022-07-27 15:30:00,"2,9","334,6","0,0","21,0","55,7","822,5"
2022-07-27 16:30:00,"3,1","328,9","0,0","22,4","50,9","822,4"
2022-07-27 17:30:00,"2,2","330,1","0,0","20,7","53,5","822,4"
2022-07-27 18:30:00,"1,8","340,7","0,0","18,8","59,1","822,5"
2022-07-27 19:30:00,"2,0","343,2","0,0","18,3","59,7","822,5"
2022-07-27 20:30:00,"1,9","331,3","0,0","17,7","61,8","822,6"
2022-07-27 21:30:00,"1,4","334,2","0,0","17,1","64,6","822,7"
2022-07-27 22:30:00,"0,9","326,6","0,0","16,5","67,3","822,7"
2022-07-27 23:30:00,"2,2","315,1","0,0","16,4","69,5","822,6"
2022-07-28 00:30:00,"2,5","311,2","0,0","16,4","71,2","822,6"
2022-07-28 01:30:00,"3,4","307,9","0,0","16,0","73,0","822,5"
2022-07-28 02:30:00,"3,4","305,3","0,0","15,8","73,6","822,4"
2022-07-28 03:30:00,"2,8","316,2","0,0","15,1","75,3","822,4"
2022-07-28 04:30:00,"3,7","323,0","0,0","14,2","79,8","822,3"
2022-07-28 05:30:00,"5,2","307,5","0,0","14,5","78,7","822,3"
2022-07-28 06:30:00,"4,8","308,0","0,0","14,2","79,4","822,3"
2022-07-28 07:30:00,"4,2","310,7","0,0","15,7","77,0","822,5"
2022-07-28 08:30:00,"4,6","312,4","0,0","17,2","74,4","822,5"
2022-07-28 09:30:00,"6,7","306,4","0,0","17,2","75,9","822,6"
2022-07-28 10:30:00,"5,9","302,9","0,0","18,4","70,9","822,5"
2022-07-28 11:30:00,"5,7","309,9","0,0","19,6","65,0","822,4"
2022-07-28 12:00:00,n,n,n,n,n,n
2022-07-28 12:30:00,"5,0","300,1","0,0","21,1","58,3","822,3"
2022-07-28 13:30:00,"4,1","299,5","0,0","22,5","49,0","822,1"
2022-07-28 14:30:00,"3,4","301,5","0,0","23,4","46,8","821,9"
2022-07-28 15:30:00,"3,4","313,2","0,0","23,2","47,8","821,7"
2022-07-28 16:30:00,"3,2","301,6","0,0","23,2","48,0","821,6"
2022-07-28 17:30:00,"2,5","322,5","0,0","21,6","51,6","821,6"
2022-07-28 18:30:00,"3,1","319,1","0,0","19,4","56,7","821,6"
2022-07-28 19:30:00,"4,0","314,4","0,0","18,8","57,8","821,7"
2022-07-28 20:30:00,"5,7","303,5","0,0","18,4","60,7","821,8"
2022-07-28 21:30:00,"5,9","300,8","0,0","18,1","61,8","821,9"
2022-07-28 22:30:00,"5,6","301,6","0,0","17,7","63,1","822,0"
2022-07-28 23:30:00,"6,2","302,6","0,0","17,3","64,6","822,0"
2022-07-29 00:30:00,"6,5","300,1","0,0","17,0","65,8","821,9"
2022-07-29 01:30:00,"6,9","297,8","0,0","16,8","67,5","821,9"
2022-07-29 02:30:00,"7,3","295,9","0,0","16,6","68,8","821,8"
2022-07-29 03:30:00,"6,5","297,4","0,0","16,3","70,0","821,8"
2022-07-29 04:30:00,"5,5","298,7","0,0","15,9","72,1","821,8"
2022-07-29 05:30:00,"5,6","298,5","0,0","15,6","73,6","821,8"
2022-07-29 06:30:00,"5,9","298,5","0,0","15,1","75,5","821,9"
2022-07-29 07:30:00,"4,8","300,3","0,0","16,7","70,5","822,0"
2022-07-29 08:30:00,"4,9","298,8","0,0","18,6","64,6","822,1"
2022-07-29 09:30:00,"5,6","292,7","0,0","20,4","59,1","822,1"
2022-07-29 10:30:00,"6,2","294,2","0,0","21,7","53,4","822,1"
2022-07-29 11:30:00,"4,8","302,5","0,0","23,6","48,3","821,9"
2022-07-29 12:00:00,n,n,n,n,n,n
2022-07-29 12:30:00,"3,8","295,9","0,0","25,3","44,6","821,8"
2022-07-29 13:30:00,"4,3","222,3","0,0","27,5","34,6","821,5"
2022-07-29 14:30:00,"5,0","209,6","0,0","27,7","30,9","821,3"
2022-07-29 15:30:00,"5,0","206,2","0,0","27,6","32,1","821,3"
2022-07-29 16:30:00,"5,0","209,4","0,0","26,6","34,0","821,3"
2022-07-29 17:30:00,"4,2","234,1","0,0","25,4","35,6","821,3"
2022-07-29 18:30:00,"4,0","234,4","0,0","24,2","36,7","821,4"
2022-07-29 19:30:00,"4,0","260,4","0,0","23,8","37,7","821,3"
2022-07-29 20:30:00,"3,4","288,0","0,0","23,0","40,0","821,4"
2022-07-29 21:30:00,"3,4","301,2","0,0","22,8","39,9","821,5"
2022-07-29 22:30:00,"4,1","298,5","0,0","22,3","41,1","821,5"
2022-07-29 23:30:00,"4,5","300,8","0,0","22,1","40,7","821,5"
2022-07-30 00:30:00,"4,8","296,5","0,0","21,6","42,1","821,5"
2022-07-30 01:30:00,"3,6","284,8","0,0","21,3","44,0","821,5"
2022-07-30 02:30:00,"3,7","266,5","0,0","21,7","42,9","821,4"
2022-07-30 03:30:00,"3,4","227,1","0,0","19,5","53,1","821,4"
2022-07-30 04:30:00,"2,5","143,1","0,0","17,6","56,0","821,5"
2022-07-30 05:30:00,"2,1","132,6","0,0","17,2","57,5","821,5"
2022-07-30 06:30:00,"2,7","113,3","0,0","15,7","68,4","821,7"
2022-07-30 07:30:00,"2,1","96,1","0,0","16,3","70,7","821,8"
2022-07-30 08:30:00,"2,0","123,8","0,0","18,3","67,2","822,0"
2022-07-30 09:30:00,"1,4","134,8","0,0","19,1","64,7","822,1"
2022-07-30 10:30:00,"1,4","108,8","0,0","21,5","57,9","822,1"
2022-07-30 11:30:00,"1,4","324,8","0,0","25,0","48,6","822,1"
2022-07-30 12:00:00,n,n,n,n,n,n
2022-07-30 12:30:00,"2,0","348,9","0,0","25,8","45,0","821,9"
2022-07-30 13:30:00,"1,7","346,0","0,0","26,4","42,5","821,8"
2022-07-30 14:30:00,"2,3","280,9","0,0","27,7","40,4","821,6"
2022-07-30 15:30:00,"4,1","211,3","0,0","26,9","40,9","821,6"
2022-07-30 16:30:00,"3,1","202,0","0,0","26,1","41,9","821,6"
2022-07-30 17:30:00,"2,3","209,7","0,0","24,9","44,9","821,7"
2022-07-30 18:30:00,"2,8","234,9","0,0","23,6","47,7","821,8"
2022-07-30 19:30:00,"2,7","171,1","0,0","22,5","53,6","821,9"
2022-07-30 20:30:00,"2,2","154,6","0,0","20,1","65,5","822,1"
2022-07-30 21:30:00,"1,4","113,1","0,0","19,4","70,1","822,2"
2022-07-30 22:30:00,"2,3","69,7","0,0","18,3","76,2","822,3"
2022-07-30 23:30:00,"1,8","82,1","0,0","16,8","83,1","822,4"
2022-07-31 00:30:00,"1,6","80,1","0,0","15,9","86,1","822,4"
2022-07-31 01:30:00,"2,0","97,4","0,0","15,3","87,9","822,5"
2022-07-31 02:30:00,"1,5","72,7","0,0","15,4","87,2","822,4"
2022-07-31 03:30:00,"1,3","56,2","0,0","15,3","86,5","822,4"
2022-07-31 04:30:00,"1,4","52,9","0,0","15,2","86,8","822,3"
2022-07-31 05:30:00,"1,1","109,1","0,0","15,1","87,8","822,5"
2022-07-31 06:30:00,"1,1","127,3","0,0","15,0","88,9","822,6"
2022-07-31 07:30:00,"0,8","88,5","0,0","15,1","89,1","822,7"
2022-07-31 08:30:00,"0,9","147,3","0,0","15,7","87,5","822,8"
2022-07-31 09:30:00,"1,1","309,9","0,0","17,0","83,8","822,9"
2022-07-31 10:30:00,"3,1","330,4","0,0","18,1","81,2","822,9"
2022-07-31 11:30:00,"3,4","319,5","0,0","19,7","75,2","822,8"
2022-07-31 12:00:00,n,n,n,n,n,n
2022-07-31 12:30:00,"3,7","309,1","0,0","21,5","68,6","822,6"
2022-07-31 13:30:00,"3,8","306,0","0,0","22,9","61,7","822,5"
2022-07-31 14:30:00,"3,5","330,8","0,0","23,1","60,6","822,3"
2022-07-31 15:30:00,"3,2","351,9","0,0","23,6","58,1","822,2"
2022-07-31 16:30:00,"2,9","336,6","0,0","24,1","56,0","822,2"
2022-07-31 17:30:00,"2,1","358,1","0,0","22,4","62,7","822,3"
2022-07-31 18:30:00,"1,5","34,9","0,0","19,8","75,0","822,3"
2022-07-31 19:30:00,"1,2","82,1","0,0","18,8","79,6","822,4"
2022-07-31 20:30:00,"0,8","56,5","0,0","17,9","83,4","822,5"
2022-07-31 21:30:00,"2,1","317,3","0,0","18,2","81,6","822,6"
2022-07-31 22:30:00,"4,0","321,0","0,0","17,9","81,5","822,6"
2022-07-31 23:30:00,"4,2","316,0","0,0","17,5","82,6","822,6"
