2022-11-01 00:30:00,"3,3","59,3","0,0","20,8","87,5","907,4"
2022-11-01 01:30:00,"6,3","62,0","0,0","20,4","90,0","906,5"
2022-11-01 02:30:00,"5,9","61,8","0,0","20,3","91,1","906,0"
2022-11-01 03:30:00,"4,9","62,2","0,0","20,2","91,2","905,8"
2022-11-01 04:30:00,"3,3","62,9","0,0","20,2","91,4","906,1"
2022-11-01 05:30:00,"2,5","85,3","0,0","20,2","91,3","906,6"
2022-11-01 06:30:00,"2,0","69,4","0,0","20,2","91,2","907,4"
2022-11-01 07:30:00,"1,3","86,4","0,0","20,4","90,1","908,2"
2022-11-01 08:30:00,"1,1","174,7","0,0","20,8","89,0","908,7"
2022-11-01 09:30:00,"1,2","168,8","0,0","22,1","83,0","909,2"
2022-11-01 10:30:00,"1,6","89,8","1,4","22,2","81,1","909,3"
2022-11-01 11:30:00,"1,4","100,8","0,1","21,6","87,5","909,2"
2022-11-01 12:00:00,n,n,n,n,n,n
2022-11-01 12:30:00,"1,5","58,9","0,0","22,3","84,9","908,8"
2022-11-01 13:30:00,"1,3","82,8","0,0","23,5","75,7","908,2"
2022-11-01 14:30:00,"1,0","227,0","0,0","24,0","72,7","907,6"
2022-11-01 15:30:00,"2,1","243,5","0,0","24,1","72,7","907,3"
2022-11-01 16:30:00,"2,0","246,8","0,0","22,7","79,7","907,2"
2022-11-01 17:30:00,"1,2","191,1","0,0","22,4","79,0","907,5"
2022-11-01 18:30:00,"1,5","180,3","0,0","22,2","79,1","908,1"
2022-11-01 19:30:00,"1,7","185,9","0,0","21,7","84,1","908,7"
2022-11-01 20:30:00,"1,8","196,5","0,0","21,3","84,6","909,4"
2022-11-01 21:30:00,"2,4","212,4","0,0","21,2","84,1","910,0"
2022-11-01 22:30:00,"4,0","218,9","0,0","21,0","82,1","910,3"
2022-11-01 23:30:00,"3,4","237,9","0,0","19,9","82,9","910,3"
2022-11-02 00:30:00,"3,4","230,8","0,0","19,0","84,3","910,1"
2022-11-02 01:30:00,"4,0","222,5","0,0","18,1","86,3","909,7"
2022-11-02 02:30:00,"3,6","221,7","0,0","17,6","86,4","909,2"
2022-11-02 03:30:00,"3,2","228,1","0,0","17,3","86,5","909,0"
2022-11-02 04:30:00,"3,8","211,7","0,0","17,1","85,7","909,2"
2022-11-02 05:30:00,"4,1","218,3","0,0","16,5","88,5","909,6"
2022-11-02 06:30:00,"4,4","209,5","0,0","16,3","87,1","910,2"
2022-11-02 07:30:00,"4,7","209,6","0,0","16,5","83,8","910,9"
2022-11-02 08:30:00,"4,5","208,8","0,0","16,6","81,7","911,5"
2022-11-02 09:30:00,"4,1","204,6","0,0","16,7","80,9","912,0"
2022-11-02 10:30:00,"4,8","216,8","0,0","16,8","80,6","912,1"
2022-11-02 11:30:00,"4,5","216,1","0,0","16,5","82,5","912,2"
2022-11-02 12:00:00,n,n,n,n,n,n
2022-11-02 12:30:00,"3,6","223,2","0,0","16,0","88,1","911,9"
2022-11-02 13:30:00,"4,3","221,3","0,4","16,0","88,3","911,3"
2022-11-02 14:30:00,"3,7","210,8","0,9","16,0","89,1","910,9"
2022-11-02 15:30:00,"3,5","203,1","0,2","16,1","88,7","910,5"
2022-11-02 16:30:00,"3,6","210,9","0,1","16,0","89,6","910,3"
2022-11-02 17:30:00,"5,0","220,6","0,4","15,5","90,0","910,6"
2022-11-02 18:30:00,"4,6","221,2","0,0","15,2","90,3","911,1"
2022-11-02 19:30:00,"4,9","217,0","0,0","14,9","89,8","911,6"
2022-11-02 20:30:00,"4,5","217,7","0,0","14,6","89,6","912,2"
2022-11-02 21:30:00,"3,9","218,4","0,1","14,3","90,2","912,5"
2022-11-02 22:30:00,"4,3","220,0","0,0","14,1","90,0","912,8"
2022-11-02 23:30:00,"3,7","218,0","0,1","13,9","90,2","912,7"
2022-11-03 00:30:00,"3,7","225,0","0,1","13,4","90,4","912,2"
2022-11-03 01:30:00,"4,1","222,0","0,0","13,1","90,5","911,6"
2022-11-03 02:30:00,"4,1","221,2","0,0","12,8","90,5","910,9"
2022-11-03 03:30:00,"3,5","216,0","0,0","12,7","90,6","910,5"
2022-11-03 04:30:00,"3,7","221,4","1,2","12,7","90,6","910,5"
2022-11-03 05:30:00,"3,1","221,8","0,2","12,7","90,6","910,8"
2022-11-03 06:30:00,"2,8","223,1","0,0","12,7","90,7","911,3"
2022-11-03 07:30:00,"2,9","223,8","0,0","12,8","90,7","912,0"
2022-11-03 08:30:00,"3,3","220,0","0,0","12,9","90,7","912,5"
2022-11-03 09:30:00,n,n,n,n,n,n
2022-11-03 10:30:00,n,n,n,n,n,n
2022-11-03 11:30:00,n,n,n,n,n,n
2022-11-03 12:00:00,n,n,n,n,n,n
2022-11-03 12:30:00,n,n,n,n,n,n
2022-11-03 13:30:00,n,n,n,n,n,n
2022-11-03 14:30:00,n,n,n,n,n,n
2022-11-03 15:30:00,n,n,n,n,n,n
2022-11-03 16:30:00,n,n,n,n,n,n
2022-11-03 17:30:00,"4,1","211,8","0,0","13,3","87,3","911,1"
2022-11-03 18:30:00,"3,8","216,4","0,0","13,0","88,6","911,5"
2022-11-03 19:30:00,"2,5","221,6","0,0","12,9","89,5","912,1"
2022-11-03 20:30:00,"3,6","219,4","0,0","12,9","89,3","912,6"
2022-11-03 21:30:00,"3,7","219,6","0,0","12,6","86,2","912,9"
2022-11-03 22:30:00,"2,7","221,7","0,0","12,4","85,3","913,2"
2022-11-03 23:30:00,"2,8","215,7","0,0","12,4","84,6","913,0"
2022-11-04 00:30:00,"2,6","216,9","0,0","12,4","85,5","912,4"
2022-11-04 01:30:00,"2,7","214,9","0,0","12,3","85,5","911,6"
2022-11-04 02:30:00,"2,6","211,5","0,0","12,1","85,7","910,8"
2022-11-04 03:30:00,"2,6","216,8","0,0","12,1","86,1","910,3"
2022-11-04 04:30:00,"3,0","216,0","0,0","12,1","85,7","910,2"
2022-11-04 05:30:00,"2,5","217,0","0,0","11,9","86,6","910,4"
2022-11-04 06:30:00,"2,8","217,6","0,0","12,0","85,1","910,9"
2022-11-04 07:30:00,"3,5","212,7","0,0","12,2","81,4","911,6"
2022-11-04 08:30:00,"3,3","218,4","0,0","12,5","80,1","912,0"
2022-11-04 09:30:00,"2,3","207,1","0,0","13,2","78,5","912,3"
2022-11-04 10:30:00,"2,4","213,5","0,0","13,7","76,3","912,4"
2022-11-04 11:30:00,"2,0","197,8","0,0","14,8","70,6","912,0"
2022-11-04 12:00:00,n,n,n,n,n,n
2022-11-04 12:30:00,"2,1","214,4","0,0","15,4","68,8","911,6"
2022-11-04 13:30:00,"2,7","217,7","0,0","16,3","65,8","911,1"
2022-11-04 14:30:00,"2,4","224,9","0,0","16,7","64,5","910,5"
2022-11-04 15:30:00,"2,6","223,8","0,0","16,3","67,5","910,2"
2022-11-04 16:30:00,"2,8","226,3","0,0","16,0","67,8","910,1"
2022-11-04 17:30:00,"2,2","214,7","0,0","16,2","67,4","910,2"
2022-11-04 18:30:00,"2,7","207,1","0,0","16,3","66,8","910,4"
2022-11-04 19:30:00,"2,1","209,7","0,0","15,6","70,4","910,8"
2022-11-04 20:30:00,"2,0","223,2","0,0","15,2","72,1","911,5"
2022-11-04 21:30:00,"1,2","233,2","0,0","15,0","72,2","912,0"
2022-11-04 22:30:00,"1,1","236,4","0,0","14,9","72,2","912,3"
2022-11-04 23:30:00,"1,0","237,8","0,0","14,5","74,0","912,1"
2022-11-05 00:30:00,"0,7","241,8","0,0","14,2","76,1","911,4"
2022-11-05 01:30:00,"1,0","222,9","0,0","14,1","76,1","910,9"
2022-11-05 02:30:00,"1,2","230,9","0,0","13,7","79,2","910,2"
2022-11-05 03:30:00,"0,7","240,0","0,0","13,1","82,1","909,8"
2022-11-05 04:30:00,"1,1","224,9","0,0","13,0","80,8","909,8"
2022-11-05 05:30:00,"1,6","215,9","0,0","12,7","83,5","910,1"
2022-11-05 06:30:00,"1,4","239,6","0,0","11,8","88,8","910,6"
2022-11-05 07:30:00,"1,2","253,1","0,0","12,5","84,5","911,3"
2022-11-05 08:30:00,"2,1","224,9","0,0","13,7","78,1","912,2"
2022-11-05 09:30:00,"1,9","190,9","0,0","15,4","69,0","912,7"
2022-11-05 10:30:00,"1,8","184,2","0,0","17,1","61,5","912,7"
2022-11-05 11:30:00,"1,6","198,3","0,0","18,6","56,8","912,3"
2022-11-05 12:00:00,n,n,n,n,n,n
2022-11-05 12:30:00,"1,5","200,6","0,0","19,8","52,0","911,8"
2022-11-05 13:30:00,"1,9","112,9","0,0","20,9","48,2","910,9"
2022-11-05 14:30:00,"1,8","184,6","0,0","21,7","43,9","909,9"
2022-11-05 15:30:00,"1,9","154,2","0,0","21,8","42,0","909,2"
2022-11-05 16:30:00,"1,9","174,7","0,0","21,7","42,5","909,0"
2022-11-05 17:30:00,"1,6","169,7","0,0","21,7","43,3","909,2"
2022-11-05 18:30:00,"1,9","153,3","0,0","20,6","46,3","909,7"
2022-11-05 19:30:00,"1,1","147,9","0,0","19,9","50,7","910,3"
2022-11-05 20:30:00,"0,8","141,0","0,0","19,4","51,3","910,7"
2022-11-05 21:30:00,"0,9","200,3","0,0","19,0","52,0","911,1"
2022-11-05 22:30:00,"1,5","208,3","0,0","18,7","52,8","911,4"
2022-11-05 23:30:00,"1,2","204,2","0,0","18,3","52,1","911,4"
2022-11-06 00:30:00,"1,5","225,6","0,0","17,1","62,6","910,8"
2022-11-06 01:30:00,"0,8","258,5","0,0","16,5","57,3","910,3"
2022-11-06 02:30:00,"1,0","137,7","0,0","16,5","55,2","910,1"
2022-11-06 03:30:00,"1,3","146,8","0,0","15,8","59,1","909,9"
2022-11-06 04:30:00,"0,7","183,3","0,0","14,8","68,5","910,0"
2022-11-06 05:30:00,"1,7","161,3","0,0","14,1","69,9","910,5"
2022-11-06 06:30:00,"1,2","177,8","0,0","13,6","72,5","911,2"
2022-11-06 07:30:00,"1,1","152,6","0,0","14,0","71,4","912,1"
2022-11-06 08:30:00,"1,6","153,6","0,0","15,3","69,0","912,8"
2022-11-06 09:30:00,"1,0","101,4","0,0","16,0","69,2","913,5"
2022-11-06 10:30:00,"1,4","171,1","0,0","16,7","68,6","913,6"
2022-11-06 11:30:00,"2,1","111,8","0,0","18,2","62,3","913,2"
2022-11-06 12:00:00,n,n,n,n,n,n
2022-11-06 12:30:00,"1,8","63,5","0,0","19,7","55,5","912,6"
2022-11-06 13:30:00,"2,1","89,5","0,0","20,9","51,8","911,9"
2022-11-06 14:30:00,"2,2","89,2","0,0","21,6","49,2","911,1"
2022-11-06 15:30:00,"1,9","104,7","0,0","22,1","48,2","910,7"
2022-11-06 16:30:00,"2,5","88,6","0,0","22,5","48,1","910,2"
2022-11-06 17:30:00,"2,2","84,8","0,0","22,4","48,4","909,9"
2022-11-06 18:30:00,"2,1","100,0","0,0","22,0","49,5","910,1"
2022-11-06 19:30:00,"1,9","99,2","0,0","20,7","53,2","910,4"
2022-11-06 20:30:00,"2,6","74,5","0,0","19,9","55,3","910,9"
2022-11-06 21:30:00,"3,8","57,9","0,0","19,5","57,2","911,3"
2022-11-06 22:30:00,"1,9","67,5","0,0","18,9","59,4","911,6"
2022-11-06 23:30:00,"1,4","84,2","0,0","18,6","58,7","911,5"
2022-11-07 00:30:00,"1,4","69,8","0,0","18,5","56,4","910,9"
2022-11-07 01:30:00,"2,0","82,0","0,0","18,1","56,6","910,1"
2022-11-07 02:30:00,"2,8","64,3","0,0","17,1","62,1","909,8"
2022-11-07 03:30:00,"3,9","63,3","0,0","16,7","63,7","909,6"
2022-11-07 04:30:00,"4,1","72,4","0,0","16,0","68,8","909,5"
2022-11-07 05:30:00,"4,0","76,2","0,0","15,4","74,9","909,9"
2022-11-07 06:30:00,"4,6","71,6","0,0","15,3","78,1","910,5"
2022-11-07 07:30:00,"4,1","60,3","0,0","15,6","78,0","911,4"
2022-11-07 08:30:00,"4,4","66,6","0,0","15,8","77,9","912,1"
2022-11-07 09:30:00,"4,4","74,6","0,0","16,3","76,1","912,6"
2022-11-07 10:30:00,"5,3","63,6","0,0","17,5","68,5","912,6"
2022-11-07 11:30:00,"3,9","72,1","0,1","18,5","65,9","912,5"
2022-11-07 12:00:00,n,n,n,n,n,n
2022-11-07 12:30:00,"4,8","67,9","0,0","19,8","60,2","911,8"
2022-11-07 13:30:00,"3,9","77,0","0,0","21,3","54,8","911,0"
2022-11-07 14:30:00,"3,8","86,1","0,0","22,9","49,9","910,0"
2022-11-07 15:30:00,"3,9","66,8","0,0","23,6","48,6","909,2"
2022-11-07 16:30:00,"4,0","80,3","0,0","24,1","47,7","908,5"
2022-11-07 17:30:00,"4,1","66,6","0,0","24,0","48,4","908,2"
2022-11-07 18:30:00,"3,5","71,7","0,0","23,0","53,6","908,5"
2022-11-07 19:30:00,"1,3","145,2","0,0","21,3","62,8","909,2"
2022-11-07 20:30:00,"2,6","33,6","8,9","19,5","72,1","910,1"
2022-11-07 21:30:00,"3,7","61,1","3,6","18,4","76,1","910,6"
2022-11-07 22:30:00,"0,9","131,9","0,0","18,0","77,9","911,5"
2022-11-07 23:30:00,"2,8","74,1","0,0","18,0","79,3","911,3"
2022-11-08 00:30:00,n,n,n,n,n,n
2022-11-08 01:30:00,"3,5","47,5","0,0","17,0","82,6","910,5"
2022-11-08 02:30:00,"2,6","77,7","0,0","16,4","87,8","909,8"
2022-11-08 03:30:00,"1,4","61,9","0,0","16,1","87,9","909,5"
2022-11-08 04:30:00,"2,4","48,4","0,0","16,7","80,6","909,7"
2022-11-08 05:30:00,"3,0","63,2","0,0","16,2","83,5","909,8"
2022-11-08 06:30:00,"2,9","63,1","0,0","16,1","85,4","910,4"
2022-11-08 07:30:00,"2,4","77,2","0,0","16,1","84,8","911,1"
2022-11-08 08:30:00,"3,7","76,2","0,0","16,9","80,2","911,8"
2022-11-08 09:30:00,"4,0","78,2","0,0","17,4","78,9","912,3"
2022-11-08 10:30:00,"2,8","64,3","0,0","19,5","69,7","912,4"
2022-11-08 11:30:00,"3,2","57,8","0,0","21,2","61,6","912,2"
2022-11-08 12:00:00,n,n,n,n,n,n
2022-11-08 12:30:00,"3,4","70,2","0,0","22,5","56,2","911,4"
2022-11-08 13:30:00,"3,9","71,1","0,0","23,8","53,4","910,6"
2022-11-08 14:30:00,"3,9","78,1","0,0","24,9","50,9","909,4"
2022-11-08 15:30:00,"4,4","70,5","0,0","25,2","49,9","908,3"
2022-11-08 16:30:00,"4,2","68,1","0,0","25,1","50,7","907,7"
2022-11-08 17:30:00,"3,5","74,1","0,0","24,8","52,8","907,5"
2022-11-08 18:30:00,"2,9","75,1","0,0","24,4","53,9","907,7"
2022-11-08 19:30:00,"2,1","79,8","0,0","23,7","57,1","908,5"
2022-11-08 20:30:00,"3,8","285,6","0,3","21,2","69,0","909,7"
2022-11-08 21:30:00,"4,1","285,2","7,6","17,4","83,0","911,9"
2022-11-08 22:30:00,"1,8","188,5","7,4","17,0","89,1","913,3"
2022-11-08 23:30:00,"2,0","71,2","2,6","16,2","89,6","912,2"
2022-11-09 00:30:00,"1,3","251,9","0,0","16,2","89,7","912,0"
2022-11-09 01:30:00,"2,8","61,7","0,0","16,1","88,4","911,1"
2022-11-09 02:30:00,"2,1","46,1","0,0","16,3","88,1","910,6"
2022-11-09 03:30:00,"3,1","24,1","0,1","16,3","89,3","911,0"
2022-11-09 04:30:00,"3,6","55,4","17,8","16,4","88,8","911,9"
2022-11-09 05:30:00,"5,3","68,2","0,1","16,2","91,0","910,9"
2022-11-09 06:30:00,"5,6","64,6","0,0","16,2","90,8","911,2"
2022-11-09 07:30:00,"3,8","64,2","0,0","16,7","87,4","911,4"
2022-11-09 08:30:00,"5,3","61,6","0,0","17,3","83,4","911,8"
2022-11-09 09:30:00,"4,2","60,1","0,0","18,2","80,0","912,1"
2022-11-09 10:30:00,"4,6","49,8","0,0","18,7","76,5","912,1"
2022-11-09 11:30:00,"3,5","58,6","0,0","20,5","69,3","911,9"
2022-11-09 12:00:00,n,n,n,n,n,n
2022-11-09 12:30:00,"2,4","69,7","0,0","22,1","62,9","911,4"
2022-11-09 13:30:00,"1,8","58,8","0,0","23,4","57,8","910,5"
2022-11-09 14:30:00,"2,5","76,2","0,0","24,0","56,8","909,4"
2022-11-09 15:30:00,"2,5","83,6","0,0","24,9","53,7","908,3"
2022-11-09 16:30:00,"1,8","79,5","0,0","25,2","53,1","907,7"
2022-11-09 17:30:00,"1,8","110,2","0,0","24,9","56,2","907,7"
2022-11-09 18:30:00,"1,8","163,7","2,5","22,4","71,1","908,2"
2022-11-09 19:30:00,"2,6","183,9","18,5","18,2","87,7","909,3"
2022-11-09 20:30:00,"2,4","238,6","9,0","17,2","89,7","909,9"
2022-11-09 21:30:00,"2,1","62,6","0,0","17,1","88,7","910,9"
2022-11-09 22:30:00,"4,3","56,3","0,0","17,7","83,5","911,1"
2022-11-09 23:30:00,"2,9","50,5","0,1","17,8","79,5","911,0"
2022-11-10 00:30:00,"3,5","51,7","0,0","18,0","75,9","910,2"
2022-11-10 01:30:00,"3,2","43,4","0,0","18,1","77,2","909,6"
2022-11-10 02:30:00,"3,5","47,3","0,0","17,6","80,9","909,5"
2022-11-10 03:30:00,"2,9","72,3","0,0","16,7","85,2","909,4"
2022-11-10 04:30:00,"3,1","66,1","0,0","17,0","84,6","909,5"
2022-11-10 05:30:00,"2,5","48,1","0,0","17,0","86,1","910,1"
2022-11-10 06:30:00,"3,0","66,4","0,0","17,2","85,7","910,6"
2022-11-10 07:30:00,"1,8","66,9","0,0","17,4","86,2","911,2"
2022-11-10 08:30:00,"1,7","83,7","0,0","18,4","83,7","911,9"
2022-11-10 09:30:00,"5,0","72,4","0,0","19,4","77,9","912,3"
2022-11-10 10:30:00,"4,2","54,1","0,0","20,1","74,0","912,4"
2022-11-10 11:30:00,"3,7","50,9","0,0","21,2","70,7","912,2"
2022-11-10 12:00:00,n,n,n,n,n,n
2022-11-10 12:30:00,"3,3","61,9","0,0","22,9","65,8","911,7"
2022-11-10 13:30:00,"3,4","64,0","0,0","24,1","61,1","911,1"
2022-11-10 14:30:00,"3,0","57,9","0,0","25,1","58,1","910,0"
2022-11-10 15:30:00,"2,3","56,2","0,0","25,8","55,6","909,0"
2022-11-10 16:30:00,"2,1","68,9","0,0","26,2","54,4","908,0"
2022-11-10 17:30:00,"3,1","69,4","0,0","25,7","56,6","907,4"
2022-11-10 18:30:00,"2,7","69,4","0,0","25,2","58,5","907,6"
2022-11-10 19:30:00,"1,7","102,4","0,0","24,2","64,6","908,0"
2022-11-10 20:30:00,"1,6","209,5","0,0","22,7","74,5","908,9"
2022-11-10 21:30:00,"0,6","213,4","0,0","21,9","77,0","909,3"
2022-11-10 22:30:00,"0,7","231,1","0,0","21,8","77,6","910,0"
2022-11-10 23:30:00,"1,1","202,5","0,0","21,2","80,8","910,4"
2022-11-11 00:30:00,"0,5","198,2","0,0","21,0","81,1","910,1"
2022-11-11 01:30:00,"1,2","102,7","0,0","20,8","81,5","909,5"
2022-11-11 02:30:00,"0,6","268,1","0,0","20,4","84,6","909,0"
2022-11-11 03:30:00,"1,6","71,1","0,0","20,5","82,0","908,8"
2022-11-11 04:30:00,"1,3","82,9","0,0","20,5","82,0","908,8"
2022-11-11 05:30:00,"0,9","83,2","0,0","20,1","83,3","908,7"
2022-11-11 06:30:00,"0,7","170,0","0,0","19,6","86,9","908,9"
2022-11-11 07:30:00,"1,0","61,3","0,0","20,7","80,9","909,3"
2022-11-11 08:30:00,"3,2","73,5","0,0","21,8","71,7","909,5"
2022-11-11 09:30:00,"2,7","74,6","0,0","23,2","66,2","910,1"
2022-11-11 10:30:00,"2,2","37,8","0,0","24,7","59,8","910,5"
2022-11-11 11:30:00,"2,1","63,5","0,0","26,3","55,4","910,1"
2022-11-11 12:00:00,n,n,n,n,n,n
2022-11-11 12:30:00,"1,8","89,4","0,0","27,1","53,3","909,4"
2022-11-11 13:30:00,"2,4","78,6","0,0","27,6","50,5","908,5"
2022-11-11 14:30:00,"2,2","56,6","4,9","27,4","49,4","907,4"
2022-11-11 15:30:00,"2,6","104,4","0,0","26,8","58,0","906,6"
2022-11-11 16:30:00,"3,5","86,3","0,0","25,0","65,4","906,1"
2022-11-11 17:30:00,"1,7","239,6","0,0","23,7","73,4","906,4"
2022-11-11 18:30:00,"6,0","279,4","7,4","20,0","79,5","906,9"
2022-11-11 19:30:00,"7,4","287,5","12,9","17,9","84,4","908,0"
2022-11-11 20:30:00,"4,0","275,3","4,0","17,8","82,0","909,5"
2022-11-11 21:30:00,"3,1","66,0","1,2","18,4","75,3","909,2"
2022-11-11 22:30:00,"3,6","56,7","0,0","17,9","79,5","908,7"
2022-11-11 23:30:00,"3,7","30,8","0,0","19,1","70,7","908,8"
2022-11-12 00:30:00,"2,6","239,8","0,1","17,2","87,7","909,4"
2022-11-12 01:30:00,"3,0","256,6","0,0","17,1","87,4","909,3"
2022-11-12 02:30:00,"3,4","251,2","0,0","18,0","80,0","908,8"
2022-11-12 03:30:00,"1,8","161,3","0,3","17,2","86,4","908,1"
2022-11-12 04:30:00,"1,0","86,8","0,0","16,8","88,9","908,3"
2022-11-12 05:30:00,"0,6","101,2","0,0","17,2","85,3","908,6"
2022-11-12 06:30:00,"0,5","297,1","0,0","17,5","85,0","908,8"
2022-11-12 07:30:00,"0,8","106,6","0,0","17,7","87,3","909,2"
2022-11-12 08:30:00,"2,5","45,7","0,0","18,7","80,9","909,6"
2022-11-12 09:30:00,"3,5","42,4","0,0","18,6","82,5","910,0"
2022-11-12 10:30:00,"3,3","46,1","0,0","18,7","84,1","910,1"
2022-11-12 11:30:00,"3,7","54,3","0,0","19,0","83,6","910,1"
2022-11-12 12:00:00,n,n,n,n,n,n
2022-11-12 12:30:00,"3,2","65,0","0,0","19,4","82,1","909,7"
2022-11-12 13:30:00,"2,6","42,2","0,0","20,6","76,3","909,2"
2022-11-12 14:30:00,"3,9","41,9","0,0","22,0","70,0","908,0"
2022-11-12 15:30:00,"2,4","47,7","0,0","23,6","64,0","907,4"
2022-11-12 16:30:00,"3,2","68,8","0,0","23,6","65,8","906,5"
2022-11-12 17:30:00,"3,5","69,7","0,0","23,6","67,5","906,2"
2022-11-12 18:30:00,"3,3","59,3","0,0","23,0","70,9","906,3"
2022-11-12 19:30:00,"4,3","49,3","0,0","22,3","74,2","906,6"
2022-11-12 20:30:00,"5,0","47,7","0,0","21,8","77,9","907,2"
2022-11-12 21:30:00,"4,9","53,1","0,0","21,3","80,9","907,8"
2022-11-12 22:30:00,"4,7","51,3","0,0","20,9","83,3","908,3"
2022-11-12 23:30:00,"5,9","52,3","0,0","20,1","86,8","908,2"
2022-11-13 00:30:00,"6,2","61,6","0,0","19,6","89,4","908,0"
2022-11-13 01:30:00,"4,6","65,1","0,0","19,4","90,8","907,8"
2022-11-13 02:30:00,"4,8","63,8","0,0","19,4","91,0","907,5"
2022-11-13 03:30:00,"4,6","60,7","0,0","19,3","90,8","907,2"
2022-11-13 04:30:00,"4,0","50,9","0,0","19,4","89,7","907,3"
2022-11-13 05:30:00,"4,1","63,3","0,0","19,4","89,3","907,5"
2022-11-13 06:30:00,"3,3","77,4","0,0","19,3","89,7","908,2"
2022-11-13 07:30:00,"2,4","88,7","0,0","19,4","89,3","908,9"
2022-11-13 08:30:00,"1,3","150,2","0,0","19,3","89,7","909,6"
2022-11-13 09:30:00,"1,3","270,8","0,0","19,5","86,4","909,7"
2022-11-13 10:30:00,"1,1","303,9","0,0","22,7","72,4","909,5"
2022-11-13 11:30:00,"1,3","42,4","0,0","25,4","60,0","908,9"
2022-11-13 12:00:00,n,n,n,n,n,n
2022-11-13 12:30:00,"2,4","53,9","0,0","26,3","54,4","908,2"
2022-11-13 13:30:00,"2,9","79,5","0,0","26,7","53,7","907,3"
2022-11-13 14:30:00,"3,4","67,6","0,0","27,3","51,8","906,6"
2022-11-13 15:30:00,"3,3","70,4","0,0","27,8","48,7","906,0"
2022-11-13 16:30:00,"2,4","69,8","0,0","27,7","49,7","905,6"
2022-11-13 17:30:00,"1,5","163,5","0,5","25,6","67,5","905,6"
2022-11-13 18:30:00,"1,3","256,6","0,0","24,8","69,6","906,0"
2022-11-13 19:30:00,"0,8","193,8","0,0","23,9","73,7","906,9"
2022-11-13 20:30:00,"1,1","243,9","0,0","23,1","78,8","907,3"
2022-11-13 21:30:00,"2,3","66,6","0,0","22,8","78,1","907,6"
2022-11-13 22:30:00,"6,1","51,5","0,0","22,7","74,5","908,6"
2022-11-13 23:30:00,"5,6","42,9","0,0","21,2","73,2","908,8"
2022-11-14 00:30:00,"5,5","45,5","0,0","20,2","76,5","908,3"
2022-11-14 01:30:00,"4,0","43,2","0,0","19,8","79,5","907,9"
2022-11-14 02:30:00,"4,7","48,2","0,0","19,7","80,5","907,8"
2022-11-14 03:30:00,"4,7","39,5","0,0","19,8","83,0","907,6"
2022-11-14 04:30:00,"4,9","41,8","0,0","19,9","83,6","907,6"
2022-11-14 05:30:00,"4,1","42,2","0,0","19,7","85,2","907,8"
2022-11-14 06:30:00,"4,3","55,0","0,0","19,3","86,9","908,4"
2022-11-14 07:30:00,"5,2","59,3","0,0","19,2","87,8","909,0"
2022-11-14 08:30:00,"4,7","51,0","0,0","20,1","85,1","909,5"
2022-11-14 09:30:00,"4,1","43,7","0,0","21,1","81,9","909,7"
2022-11-14 10:30:00,"5,3","49,0","0,0","21,8","78,4","909,8"
2022-11-14 11:30:00,"5,8","47,5","0,0","23,3","70,8","909,6"
2022-11-14 12:00:00,n,n,n,n,n,n
2022-11-14 12:30:00,"5,5","46,8","0,0","24,5","65,7","908,7"
2022-11-14 13:30:00,"4,7","58,9","0,0","25,5","62,5","907,6"
2022-11-14 14:30:00,"4,3","42,3","0,0","25,9","61,7","906,7"
2022-11-14 15:30:00,"3,5","45,9","0,0","26,5","58,9","906,1"
2022-11-14 16:30:00,"3,3","59,4","0,1","24,8","67,3","905,9"
2022-11-14 17:30:00,"4,3","57,8","9,4","21,1","80,9","906,8"
2022-11-14 18:30:00,"1,8","59,9","0,0","21,9","80,3","907,5"
2022-11-14 19:30:00,"2,7","262,3","19,0","20,1","87,9","908,6"
2022-11-14 20:30:00,"1,6","252,3","0,4","19,4","90,1","909,4"
2022-11-14 21:30:00,"2,6","68,9","0,7","19,4","90,3","910,1"
2022-11-14 22:30:00,"4,0","41,5","0,3","19,2","89,9","910,8"
2022-11-14 23:30:00,"4,1","53,7","1,6","18,8","87,1","910,7"
2022-11-15 00:30:00,"2,5","49,8","0,0","18,7","88,3","910,2"
2022-11-15 01:30:00,"1,6","80,4","0,0","19,1","85,9","909,5"
2022-11-15 02:30:00,"2,7","48,4","0,0","18,7","88,8","908,7"
2022-11-15 03:30:00,"3,8","56,5","0,0","18,4","91,0","908,3"
2022-11-15 04:30:00,"3,5","52,5","0,0","18,4","91,0","908,5"
2022-11-15 05:30:00,"4,4","45,9","0,0","18,4","90,4","908,9"
2022-11-15 06:30:00,"5,2","44,5","0,0","18,4","90,9","909,2"
2022-11-15 07:30:00,"4,5","49,1","0,0","18,6","91,0","910,0"
2022-11-15 08:30:00,"3,8","44,9","0,0","18,8","90,7","910,8"
2022-11-15 09:30:00,"4,2","44,3","0,0","19,0","90,2","911,2"
2022-11-15 10:30:00,"3,9","47,0","0,0","19,9","86,6","911,3"
2022-11-15 11:30:00,"3,2","48,2","0,0","21,6","78,4","911,2"
2022-11-15 12:00:00,n,n,n,n,n,n
2022-11-15 12:30:00,"3,6","60,1","0,0","23,7","68,9","910,4"
2022-11-15 13:30:00,"3,1","72,5","0,0","24,7","65,8","909,4"
2022-11-15 14:30:00,"3,3","70,0","0,1","23,5","73,7","908,6"
2022-11-15 15:30:00,"1,8","324,3","0,1","22,2","81,7","908,5"
2022-11-15 16:30:00,"2,2","224,8","3,9","20,4","88,7","908,7"
2022-11-15 17:30:00,"0,9","251,7","2,4","19,8","90,7","908,9"
2022-11-15 18:30:00,"0,6","237,4","4,1","19,8","90,8","908,7"
2022-11-15 19:30:00,"0,8","128,3","0,7","19,8","90,7","908,8"
2022-11-15 20:30:00,"0,9","56,1","0,0","19,7","90,8","909,6"
2022-11-15 21:30:00,"1,0","226,9","0,0","19,8","90,8","910,3"
2022-11-15 22:30:00,"0,8","96,5","0,0","19,8","91,0","910,9"
2022-11-15 23:30:00,"1,8","60,7","0,0","19,7","90,9","910,5"
2022-11-16 00:30:00,"4,1","61,8","0,0","19,6","90,7","909,7"
2022-11-16 01:30:00,"4,1","52,3","0,0","19,3","90,2","909,2"
2022-11-16 02:30:00,"2,5","73,9","0,0","19,1","90,5","908,8"
2022-11-16 03:30:00,"2,5","72,9","0,0","18,9","90,7","908,5"
2022-11-16 04:30:00,"3,1","74,5","0,0","18,6","91,1","908,3"
2022-11-16 05:30:00,"2,8","71,8","0,0","18,5","90,9","908,5"
2022-11-16 06:30:00,"2,9","77,0","0,0","18,5","91,0","908,6"
2022-11-16 07:30:00,"1,3","77,9","0,0","18,7","91,1","909,0"
2022-11-16 08:30:00,"1,1","84,8","0,0","19,3","87,9","909,7"
2022-11-16 09:30:00,"1,2","110,9","0,0","20,0","84,4","910,2"
2022-11-16 10:30:00,"0,8","119,2","0,8","19,7","86,3","910,2"
2022-11-16 11:30:00,"1,8","61,2","0,2","20,1","85,6","910,1"
2022-11-16 12:00:00,n,n,n,n,n,n
2022-11-16 12:30:00,"2,0","70,2","0,1","21,1","79,3","909,8"
2022-11-16 13:30:00,"3,2","44,0","1,7","20,2","83,6","909,3"
2022-11-16 14:30:00,"4,2","62,9","0,0","21,1","78,9","908,8"
2022-11-16 15:30:00,"3,8","79,5","0,0","22,3","72,7","908,1"
2022-11-16 16:30:00,"4,2","78,2","0,0","22,2","70,3","907,6"
2022-11-16 17:30:00,"1,4","108,6","0,0","21,7","77,4","908,1"
2022-11-16 18:30:00,"1,1","166,2","0,0","20,9","83,4","908,6"
2022-11-16 19:30:00,"1,1","138,5","0,0","20,3","86,3","908,8"
2022-11-16 20:30:00,"1,4","221,5","0,0","19,9","86,7","909,9"
2022-11-16 21:30:00,"1,2","176,6","0,0","19,6","88,0","910,2"
2022-11-16 22:30:00,"1,5","212,7","0,0","19,3","88,9","910,7"
2022-11-16 23:30:00,"1,4","162,2","0,0","19,0","89,1","910,6"
2022-11-17 00:30:00,"1,1","186,9","0,0","18,6","89,9","910,0"
2022-11-17 01:30:00,"1,7","215,1","0,0","18,5","90,2","910,2"
2022-11-17 02:30:00,"1,6","174,4","0,0","18,5","88,7","909,9"
2022-11-17 03:30:00,"1,5","209,7","0,0","18,2","89,5","909,4"
2022-11-17 04:30:00,"2,2","212,3","0,0","18,0","89,7","909,1"
2022-11-17 05:30:00,"2,9","212,7","0,0","17,4","88,3","909,2"
2022-11-17 06:30:00,"2,7","225,0","0,0","17,0","84,6","909,7"
2022-11-17 07:30:00,"2,0","228,0","0,0","17,1","81,9","910,1"
2022-11-17 08:30:00,"2,1","228,9","0,0","18,1","75,0","910,5"
2022-11-17 09:30:00,"1,4","230,6","0,0","20,1","66,1","910,7"
2022-11-17 10:30:00,"1,8","131,7","0,0","21,7","63,6","910,7"
2022-11-17 11:30:00,"1,8","146,9","0,0","22,4","61,0","910,4"
2022-11-17 12:00:00,n,n,n,n,n,n
2022-11-17 12:30:00,"2,1","167,2","0,0","23,6","55,8","910,1"
2022-11-17 13:30:00,"1,8","134,3","0,0","24,6","52,8","909,4"
2022-11-17 14:30:00,"1,9","144,6","0,0","25,1","51,5","908,5"
2022-11-17 15:30:00,"1,6","125,9","0,0","26,1","47,7","907,9"
2022-11-17 16:30:00,"2,0","168,9","0,0","26,1","47,9","907,4"
2022-11-17 17:30:00,"1,9","158,7","0,0","25,7","49,1","907,2"
2022-11-17 18:30:00,"2,1","168,6","0,0","24,9","51,3","907,4"
2022-11-17 19:30:00,"1,8","166,4","0,0","23,5","53,9","907,8"
2022-11-17 20:30:00,"1,2","138,8","0,0","22,6","56,8","908,5"
2022-11-17 21:30:00,"2,1","202,8","0,0","21,9","60,3","909,2"
2022-11-17 22:30:00,"2,8","212,2","0,0","21,0","61,2","909,7"
2022-11-17 23:30:00,"1,4","187,5","0,0","20,4","61,9","909,8"
2022-11-18 00:30:00,"1,4","212,0","0,0","19,9","64,2","909,6"
2022-11-18 01:30:00,"0,5","254,1","0,0","19,4","68,2","909,4"
2022-11-18 02:30:00,"1,0","200,4","0,0","18,9","71,2","908,8"
2022-11-18 03:30:00,"2,5","208,4","0,0","18,0","72,2","908,4"
2022-11-18 04:30:00,"1,6","208,2","0,0","17,1","76,5","908,4"
2022-11-18 05:30:00,"1,9","221,5","0,0","16,6","78,9","908,7"
2022-11-18 06:30:00,"1,1","215,1","0,0","16,4","79,6","909,3"
2022-11-18 07:30:00,"1,2","148,6","0,0","17,4","74,6","910,0"
2022-11-18 08:30:00,"1,2","172,7","0,0","18,6","70,0","910,5"
2022-11-18 09:30:00,"1,7","127,6","0,0","19,7","65,8","910,7"
2022-11-18 10:30:00,"1,8","160,1","0,0","20,3","65,5","910,9"
2022-11-18 11:30:00,"1,4","171,3","0,0","21,7","60,3","910,8"
2022-11-18 12:00:00,n,n,n,n,n,n
2022-11-18 12:30:00,"1,5","211,2","0,0","23,3","54,7","910,2"
2022-11-18 13:30:00,"1,8","198,7","0,0","23,9","51,5","909,5"
2022-11-18 14:30:00,"1,5","156,1","0,0","25,0","48,0","908,7"
2022-11-18 15:30:00,"1,9","195,1","0,0","25,9","42,8","908,0"
2022-11-18 16:30:00,"2,2","142,2","0,0","25,8","42,3","907,5"
2022-11-18 17:30:00,"2,3","174,2","0,0","25,5","42,5","907,4"
2022-11-18 18:30:00,"2,5","164,8","0,0","24,1","49,3","907,7"
2022-11-18 19:30:00,"1,8","165,0","0,0","22,9","55,1","908,4"
2022-11-18 20:30:00,"2,0","185,0","0,0","22,4","56,6","909,1"
2022-11-18 21:30:00,"2,3","198,6","0,0","21,4","61,0","909,6"
2022-11-18 22:30:00,"1,9","197,1","0,0","20,5","61,1","910,3"
2022-11-18 23:30:00,"2,1","206,5","0,0","19,8","60,6","910,2"
2022-11-19 00:30:00,"1,6","228,7","0,0","19,1","63,5","909,8"
2022-11-19 01:30:00,"1,2","223,3","0,0","18,7","63,7","909,6"
2022-11-19 02:30:00,"0,6","172,7","0,0","18,3","66,1","909,4"
2022-11-19 03:30:00,"0,6","140,2","0,0","17,8","67,1","909,1"
2022-11-19 04:30:00,"0,5","270,0","0,0","17,7","68,2","909,3"
2022-11-19 05:30:00,"0,9","177,5","0,0","17,3","71,4","909,9"
2022-11-19 06:30:00,"1,3","163,1","0,0","16,8","73,0","910,6"
2022-11-19 07:30:00,"1,4","160,8","0,0","16,8","74,1","911,3"
2022-11-19 08:30:00,"1,1","162,6","0,0","17,2","74,8","912,0"
2022-11-19 09:30:00,"0,9","114,9","0,0","18,1","73,1","912,2"
2022-11-19 10:30:00,"1,3","85,8","0,0","19,3","69,9","912,3"
2022-11-19 11:30:00,"1,9","59,1","0,0","19,6","68,4","912,2"
2022-11-19 12:00:00,n,n,n,n,n,n
2022-11-19 12:30:00,"2,3","58,0","0,0","20,1","66,3","912,0"
2022-11-19 13:30:00,"2,4","76,6","0,0","21,2","60,6","911,5"
2022-11-19 14:30:00,"2,6","68,1","0,0","22,1","56,4","910,8"
2022-11-19 15:30:00,"1,3","77,3","0,0","22,8","52,9","910,1"
2022-11-19 16:30:00,"1,0","67,3","0,0","23,9","49,6","909,3"
2022-11-19 17:30:00,"0,8","155,0","0,0","23,2","53,2","908,9"
2022-11-19 18:30:00,"1,1","117,2","0,0","22,3","59,7","908,8"
2022-11-19 19:30:00,"1,2","107,4","0,0","21,5","62,1","908,9"
2022-11-19 20:30:00,"1,8","87,6","0,0","21,0","63,5","909,3"
2022-11-19 21:30:00,"1,2","90,7","0,0","20,6","67,4","909,8"
2022-11-19 22:30:00,"0,7","159,3","0,0","20,2","69,0","910,4"
2022-11-19 23:30:00,"0,6","127,3","0,0","20,1","69,0","910,8"
2022-11-20 00:30:00,n,n,n,n,n,n
2022-11-20 01:30:00,"2,0","62,1","0,0","19,5","69,4","909,7"
2022-11-20 02:30:00,"1,6","80,0","0,0","19,2","69,2","909,5"
2022-11-20 03:30:00,"0,8","134,5","0,0","18,1","78,1","909,5"
2022-11-20 04:30:00,"1,5","65,5","0,0","17,9","78,7","909,7"
2022-11-20 05:30:00,"3,3","68,9","0,0","17,8","77,0","909,9"
2022-11-20 06:30:00,"1,6","228,7","0,0","19,1","63,5","909,8"
2022-11-20 07:30:00,"2,4","75,1","0,0","18,3","77,1","910,8"
2022-11-20 08:30:00,"2,8","60,3","0,0","19,2","73,1","911,3"
2022-11-20 09:30:00,"2,6","49,8","0,0","19,7","68,7","911,7"
2022-11-20 10:30:00,"3,1","60,1","0,0","20,7","66,1","911,6"
2022-11-20 11:30:00,"3,0","48,1","0,0","22,3","58,3","911,2"
2022-11-20 12:00:00,n,n,n,n,n,n
2022-11-20 12:30:00,"2,7","61,0","0,0","23,7","49,7","910,7"
2022-11-20 13:30:00,"2,2","109,3","0,0","24,5","46,3","909,9"
2022-11-20 14:30:00,"2,1","122,3","0,0","24,5","51,7","909,4"
2022-11-20 15:30:00,"1,4","99,0","0,0","24,5","50,9","908,9"
2022-11-20 16:30:00,"1,9","125,6","0,0","25,0","48,1","908,3"
2022-11-20 17:30:00,"1,7","109,9","0,0","25,0","47,6","908,6"
2022-11-20 18:30:00,"2,5","97,7","0,0","24,0","48,7","908,8"
2022-11-20 19:30:00,"1,3","103,4","0,0","22,9","51,3","909,2"
2022-11-20 20:30:00,"1,2","94,6","0,0","22,4","52,6","909,8"
2022-11-20 21:30:00,"2,3","73,4","0,0","21,8","54,2","910,4"
2022-11-20 22:30:00,"2,2","65,0","0,0","21,4","54,7","911,0"
2022-11-20 23:30:00,"1,7","79,2","0,0","21,0","54,7","911,3"
2022-11-21 00:30:00,n,n,n,n,n,n
2022-11-21 01:30:00,"2,5","84,0","0,0","20,2","59,8","910,2"
2022-11-21 02:30:00,"2,5","77,3","0,0","19,4","64,5","909,6"
2022-11-21 03:30:00,"1,7","78,6","0,0","18,9","68,6","909,2"
2022-11-21 04:30:00,"2,2","65,4","0,0","18,5","71,8","908,8"
2022-11-21 05:30:00,"3,8","64,7","0,0","18,3","77,3","908,8"
2022-11-21 06:30:00,"1,0","85,0","0,0","20,0","67,9","910,3"
2022-11-21 07:30:00,"1,7","71,2","0,0","18,5","78,7","909,7"
2022-11-21 08:30:00,"1,6","96,6","0,0","20,1","72,0","910,4"
2022-11-21 09:30:00,"2,3","88,2","0,0","20,6","69,4","910,6"
2022-11-21 10:30:00,"2,1","102,2","0,0","22,0","61,4","910,7"
2022-11-21 11:30:00,"1,9","137,9","0,0","23,6","54,5","910,5"
2022-11-21 12:00:00,n,n,n,n,n,n
2022-11-21 12:30:00,"2,0","121,8","0,0","24,6","49,5","909,9"
2022-11-21 13:30:00,"2,0","169,0","0,0","24,9","47,8","909,3"
2022-11-21 14:30:00,"1,8","140,5","0,0","26,0","44,0","908,4"
2022-11-21 15:30:00,"2,7","93,3","0,0","26,3","44,7","907,5"
2022-11-21 16:30:00,"2,3","101,3","0,0","26,0","45,0","907,0"
2022-11-21 17:30:00,"2,1","105,9","0,0","26,1","43,1","906,9"
2022-11-21 18:30:00,"1,3","116,9","0,0","25,3","46,0","907,2"
2022-11-21 19:30:00,"2,1","101,6","0,0","24,2","49,0","907,3"
2022-11-21 20:30:00,"3,5","98,5","0,0","22,2","63,7","908,1"
2022-11-21 21:30:00,"2,6","96,6","0,0","20,8","72,2","909,5"
2022-11-21 22:30:00,"1,5","135,8","0,0","20,0","75,0","910,2"
2022-11-21 23:30:00,"2,5","101,1","0,0","19,5","75,9","910,5"
2022-11-22 00:30:00,"3,6","93,1","0,0","19,3","75,0","910,2"
2022-11-22 01:30:00,"4,1","79,6","0,0","19,0","76,3","909,7"
2022-11-22 02:30:00,"3,5","62,0","0,0","18,6","80,3","909,6"
2022-11-22 03:30:00,"3,8","64,0","0,0","18,0","83,9","909,5"
2022-11-22 04:30:00,"2,6","77,1","0,0","17,6","86,5","909,6"
2022-11-22 05:30:00,"1,4","103,5","0,0","17,5","87,7","909,9"
2022-11-22 06:30:00,"1,1","101,0","0,0","17,4","89,9","910,3"
2022-11-22 07:30:00,"1,4","97,1","0,0","17,8","88,6","910,9"
2022-11-22 08:30:00,"3,2","78,8","0,0","19,1","80,7","911,1"
2022-11-22 09:30:00,"4,2","77,5","0,0","20,1","74,7","911,3"
2022-11-22 10:30:00,"3,9","77,6","0,0","21,5","67,9","911,0"
2022-11-22 11:30:00,"3,3","70,8","0,0","22,6","64,0","910,6"
2022-11-22 12:00:00,n,n,n,n,n,n
2022-11-22 12:30:00,"3,1","82,6","0,0","23,5","60,5","910,0"
2022-11-22 13:30:00,"2,8","115,4","0,0","23,9","61,4","909,2"
2022-11-22 14:30:00,"1,8","143,0","0,0","23,7","65,9","908,6"
2022-11-22 15:30:00,"1,9","163,5","0,0","24,2","62,8","907,8"
2022-11-22 16:30:00,"2,0","138,3","0,0","24,7","59,3","907,2"
2022-11-22 17:30:00,"2,0","144,5","0,0","24,7","59,8","906,7"
2022-11-22 18:30:00,"1,7","149,7","0,0","24,1","61,3","907,0"
2022-11-22 19:30:00,"2,1","98,8","0,0","22,9","65,8","907,3"
2022-11-22 20:30:00,"2,7","90,9","0,0","22,0","68,9","907,9"
2022-11-22 21:30:00,"3,2","84,4","0,0","21,3","72,3","908,6"
2022-11-22 22:30:00,"3,9","79,7","0,0","20,8","75,4","909,1"
2022-11-22 23:30:00,"1,9","89,6","0,0","20,5","77,3","909,4"
2022-11-23 00:30:00,"1,4","86,7","0,0","20,4","77,2","909,2"
2022-11-23 01:30:00,"2,6","69,7","0,0","19,9","79,9","908,4"
2022-11-23 02:30:00,"3,3","67,3","0,0","19,1","84,5","907,8"
2022-11-23 03:30:00,"2,8","80,0","0,0","18,9","86,2","907,3"
2022-11-23 04:30:00,"2,2","88,1","0,0","18,8","87,0","907,5"
2022-11-23 05:30:00,"1,3","139,0","0,0","18,5","89,9","907,7"
2022-11-23 06:30:00,"1,9","78,4","0,0","18,3","90,1","908,2"
2022-11-23 07:30:00,"2,5","69,0","0,0","18,9","84,4","908,8"
2022-11-23 08:30:00,"3,6","63,2","0,0","19,6","80,0","909,3"
2022-11-23 09:30:00,"3,8","66,6","0,0","20,1","77,8","909,6"
2022-11-23 10:30:00,"4,2","66,1","0,0","21,0","73,3","909,8"
2022-11-23 11:30:00,"4,2","75,1","0,0","22,1","68,5","909,4"
2022-11-23 12:00:00,n,n,n,n,n,n
2022-11-23 12:30:00,"4,0","76,9","0,0","22,6","66,6","908,8"
2022-11-23 13:30:00,"3,4","84,9","0,0","23,1","64,7","908,0"
2022-11-23 14:30:00,"2,0","122,5","0,0","23,5","65,3","907,2"
2022-11-23 15:30:00,"1,4","118,1","0,5","23,3","67,8","906,7"
2022-11-23 16:30:00,"1,5","143,3","0,3","21,6","80,5","906,5"
2022-11-23 17:30:00,"1,2","115,8","0,0","21,4","81,7","906,5"
2022-11-23 18:30:00,"1,9","59,3","0,0","20,8","83,6","906,2"
2022-11-23 19:30:00,"2,4","46,5","0,0","20,4","85,6","906,4"
2022-11-23 20:30:00,"4,2","57,6","0,0","19,9","87,7","906,7"
2022-11-23 21:30:00,"3,9","45,5","0,0","19,7","87,4","907,3"
2022-11-23 22:30:00,"3,2","47,5","0,0","19,5","87,5","908,1"
2022-11-23 23:30:00,"2,5","55,9","0,0","19,5","87,3","908,3"
2022-11-24 00:30:00,"3,1","57,0","0,0","19,2","89,0","907,6"
2022-11-24 01:30:00,"3,5","58,0","0,0","19,0","89,5","907,0"
2022-11-24 02:30:00,"3,4","68,1","0,0","18,9","90,4","906,3"
2022-11-24 03:30:00,"4,3","65,1","0,0","18,7","90,3","905,7"
2022-11-24 04:30:00,"4,1","60,0","0,0","18,6","90,2","905,6"
2022-11-24 05:30:00,"2,6","64,5","0,0","18,6","89,3","905,8"
2022-11-24 06:30:00,"3,4","66,7","0,0","18,6","89,4","906,0"
2022-11-24 07:30:00,"2,7","69,6","1,4","18,6","90,5","906,5"
2022-11-24 08:30:00,"2,0","81,1","0,0","18,8","90,3","906,9"
2022-11-24 09:30:00,"2,6","80,7","0,0","19,0","89,9","907,2"
2022-11-24 10:30:00,"3,1","78,3","0,0","19,5","88,7","907,1"
2022-11-24 11:30:00,"3,2","76,6","0,0","20,2","84,8","906,7"
2022-11-24 12:00:00,n,n,n,n,n,n
2022-11-24 12:30:00,"2,0","72,9","3,1","20,5","83,1","906,1"
2022-11-24 13:30:00,"1,7","202,1","0,4","20,2","86,5","905,8"
2022-11-24 14:30:00,"2,9","211,9","0,1","19,5","87,3","905,4"
2022-11-24 15:30:00,"1,8","185,2","3,8","18,9","89,6","905,3"
2022-11-24 16:30:00,"2,7","178,4","1,2","18,2","88,5","905,0"
2022-11-24 17:30:00,"1,6","244,1","0,0","18,0","88,0","904,8"
2022-11-24 18:30:00,"2,9","232,1","0,0","18,1","86,9","904,7"
2022-11-24 19:30:00,"2,7","202,7","0,0","17,6","88,1","905,1"
2022-11-24 20:30:00,"1,5","161,1","0,0","16,3","86,0","906,4"
2022-11-24 21:30:00,"0,9","101,8","0,0","16,1","86,8","907,5"
2022-11-24 22:30:00,"0,9","200,0","0,0","16,4","84,3","907,9"
2022-11-24 23:30:00,"1,1","205,5","0,0","16,3","85,7","907,8"
2022-11-25 00:30:00,"0,9","261,3","0,0","16,1","87,3","907,0"
2022-11-25 01:30:00,"1,0","261,3","0,0","16,0","87,8","906,4"
2022-11-25 02:30:00,"1,4","257,0","0,0","15,8","83,1","905,9"
2022-11-25 03:30:00,"1,5","251,9","0,0","15,9","80,2","905,6"
2022-11-25 04:30:00,"1,3","246,3","0,0","15,8","80,9","905,4"
2022-11-25 05:30:00,"1,1","241,6","0,0","15,3","84,1","905,6"
2022-11-25 06:30:00,"0,6","262,1","0,0","15,2","84,9","906,1"
2022-11-25 07:30:00,"1,0","238,0","0,0","16,1","83,0","906,7"
2022-11-25 08:30:00,"1,9","212,1","0,0","16,3","84,1","907,1"
2022-11-25 09:30:00,"1,7","228,1","0,0","17,2","78,5","907,5"
2022-11-25 10:30:00,"1,1","239,3","0,0","19,2","69,4","907,7"
2022-11-25 11:30:00,"1,1","265,7","0,0","21,1","65,1","907,6"
2022-11-25 12:00:00,n,n,n,n,n,n
2022-11-25 12:30:00,"1,5","136,5","0,0","22,3","60,4","907,3"
2022-11-25 13:30:00,"1,6","137,7","0,0","23,2","58,2","906,8"
2022-11-25 14:30:00,"1,4","154,0","0,0","24,4","54,5","906,2"
2022-11-25 15:30:00,"1,7","183,9","0,0","25,2","52,0","905,2"
2022-11-25 16:30:00,"1,8","168,6","0,0","25,1","52,0","904,7"
2022-11-25 17:30:00,"1,9","153,4","0,0","24,7","52,8","904,4"
2022-11-25 18:30:00,"1,7","167,9","0,0","24,1","53,5","904,8"
2022-11-25 19:30:00,"1,3","186,2","0,0","22,8","60,1","905,4"
2022-11-25 20:30:00,"0,9","193,4","0,0","21,8","67,6","906,1"
2022-11-25 21:30:00,"0,8","236,9","0,0","21,1","71,2","906,5"
2022-11-25 22:30:00,"0,8","240,6","0,0","20,8","73,6","906,8"
2022-11-25 23:30:00,"1,0","123,4","0,0","21,1","71,2","907,3"
2022-11-26 00:30:00,"1,6","60,3","0,3","21,0","70,9","907,0"
2022-11-26 01:30:00,"2,6","249,4","0,0","19,6","80,3","906,4"
2022-11-26 02:30:00,"3,0","244,1","0,1","17,6","87,4","906,2"
2022-11-26 03:30:00,"1,4","246,7","0,0","17,3","89,0","906,0"
2022-11-26 04:30:00,"1,1","175,9","0,0","17,3","89,4","906,0"
2022-11-26 05:30:00,"0,9","182,8","0,0","17,2","89,2","906,1"
2022-11-26 06:30:00,"1,0","180,7","0,0","17,1","89,4","906,6"
2022-11-26 07:30:00,"0,8","133,5","0,0","17,6","88,6","907,3"
2022-11-26 08:30:00,"1,1","209,9","0,0","18,5","85,0","907,6"
2022-11-26 09:30:00,"1,3","142,1","0,0","20,2","77,1","908,0"
2022-11-26 10:30:00,"1,4","108,3","0,0","21,1","73,2","908,4"
2022-11-26 11:30:00,"2,1","52,9","0,0","22,0","68,5","908,4"
2022-11-26 12:00:00,n,n,n,n,n,n
2022-11-26 12:30:00,"2,1","57,4","0,0","23,3","64,1","908,0"
2022-11-26 13:30:00,"2,2","82,5","0,0","24,0","61,9","907,2"
2022-11-26 14:30:00,"2,4","76,8","0,0","24,7","58,1","906,4"
2022-11-26 15:30:00,"3,5","79,1","0,0","25,2","55,0","905,6"
2022-11-26 16:30:00,"2,7","79,2","0,0","25,6","52,1","905,0"
2022-11-26 17:30:00,"2,8","186,1","0,0","23,7","63,0","905,3"
2022-11-26 18:30:00,"1,5","242,5","0,0","21,7","74,4","905,8"
2022-11-26 19:30:00,"1,3","184,9","0,0","21,1","75,5","906,2"
2022-11-26 20:30:00,"1,1","227,3","1,9","20,8","75,7","906,8"
2022-11-26 21:30:00,"5,5","247,7","28,5","18,1","88,1","907,9"
2022-11-26 22:30:00,"1,7","228,8","1,6","17,3","90,8","908,5"
2022-11-26 23:30:00,"1,4","204,9","0,0","17,3","90,8","908,3"
2022-11-27 00:30:00,"1,1","233,0","0,0","17,4","91,0","907,7"
2022-11-27 01:30:00,"0,6","208,5","0,0","17,5","91,1","907,3"
2022-11-27 02:30:00,"0,7","234,0","0,0","17,6","91,0","906,9"
2022-11-27 03:30:00,"0,8","242,8","0,0","17,5","91,0","906,7"
2022-11-27 04:30:00,"0,5","237,9","0,0","17,4","90,8","906,3"
2022-11-27 05:30:00,"1,0","254,4","0,0","17,4","90,8","906,2"
2022-11-27 06:30:00,"1,0","159,1","0,0","17,6","90,6","906,4"
2022-11-27 07:30:00,"1,3","90,1","0,0","18,0","89,8","906,9"
2022-11-27 08:30:00,"1,7","93,2","0,0","18,3","86,9","907,2"
2022-11-27 09:30:00,"1,7","80,0","0,0","19,3","80,8","907,7"
2022-11-27 10:30:00,"1,8","103,2","0,0","20,8","74,5","907,9"
2022-11-27 11:30:00,"1,2","219,0","0,0","22,7","67,3","907,6"
2022-11-27 12:00:00,n,n,n,n,n,n
2022-11-27 12:30:00,"1,5","163,5","0,0","23,3","64,7","907,0"
2022-11-27 13:30:00,"1,0","104,3","0,0","23,6","64,0","906,1"
2022-11-27 14:30:00,"1,0","20,0","0,0","23,0","69,1","905,8"
2022-11-27 15:30:00,"0,8","29,1","0,2","21,9","76,6","905,3"
2022-11-27 16:30:00,"1,3","229,4","0,1","21,8","80,2","904,7"
2022-11-27 17:30:00,"2,1","190,8","0,0","21,5","82,9","905,2"
2022-11-27 18:30:00,"1,7","222,5","0,0","21,0","84,0","905,3"
2022-11-27 19:30:00,"1,5","225,7","0,0","20,6","85,5","905,0"
2022-11-27 20:30:00,"0,8","3,8","0,0","20,8","77,7","905,4"
2022-11-27 21:30:00,"1,1","185,4","0,0","20,5","82,9","906,1"
2022-11-27 22:30:00,"1,4","232,1","0,0","19,9","90,1","906,4"
2022-11-27 23:30:00,"0,9","266,2","0,0","19,6","90,5","906,6"
2022-11-28 00:30:00,"0,8","80,2","0,0","20,1","82,1","906,0"
2022-11-28 01:30:00,"0,7","79,9","0,0","19,4","88,1","904,8"
2022-11-28 02:30:00,"0,8","248,2","0,0","19,1","89,6","904,2"
2022-11-28 03:30:00,"0,9","222,8","0,0","18,9","90,4","903,9"
2022-11-28 04:30:00,"1,0","323,3","0,0","18,8","90,7","903,7"
2022-11-28 05:30:00,"0,8","57,1","0,0","18,6","89,0","903,3"
2022-11-28 06:30:00,"1,3","190,5","0,0","18,9","87,8","903,7"
2022-11-28 07:30:00,"0,9","224,3","0,0","18,6","90,8","904,3"
2022-11-28 08:30:00,"1,3","216,8","0,0","18,8","90,5","904,6"
2022-11-28 09:30:00,"1,2","220,7","0,0","19,4","87,4","904,8"
2022-11-28 10:30:00,"1,0","231,3","0,0","21,1","78,7","904,8"
2022-11-28 11:30:00,"1,2","195,1","0,0","23,0","69,7","904,6"
2022-11-28 12:00:00,n,n,n,n,n,n
2022-11-28 12:30:00,"1,3","274,8","0,0","24,3","62,8","903,8"
2022-11-28 13:30:00,"1,3","215,1","0,0","25,2","57,4","902,8"
2022-11-28 14:30:00,"0,9","266,5","0,0","26,1","53,9","901,9"
2022-11-28 15:30:00,"1,5","86,4","0,0","26,7","51,4","900,8"
2022-11-28 16:30:00,"3,1","93,4","0,0","25,2","61,0","899,9"
2022-11-28 17:30:00,"2,2","97,5","0,0","24,5","63,2","899,9"
2022-11-28 18:30:00,"2,9","137,9","0,0","23,3","63,4","900,6"
2022-11-28 19:30:00,"3,6","216,5","9,2","17,9","79,2","901,9"
2022-11-28 20:30:00,"4,1","62,6","0,3","16,3","89,7","902,6"
2022-11-28 21:30:00,"3,7","60,2","0,0","16,7","85,9","902,9"
2022-11-28 22:30:00,"3,1","43,9","0,0","17,4","81,2","903,0"
2022-11-28 23:30:00,"2,1","265,4","0,0","17,5","82,3","903,2"
2022-11-29 00:30:00,"2,6","244,6","0,0","16,3","89,7","903,3"
2022-11-29 01:30:00,"0,7","264,9","0,0","16,9","86,5","903,2"
2022-11-29 02:30:00,"1,5","257,0","0,0","17,7","83,3","903,0"
2022-11-29 03:30:00,"0,9","255,7","0,8","17,5","86,3","902,4"
2022-11-29 04:30:00,"2,9","62,4","0,6","17,1","89,2","901,9"
2022-11-29 05:30:00,"5,2","60,6","0,0","16,6","90,3","901,2"
2022-11-29 06:30:00,"3,2","55,0","0,1","16,7","91,2","901,4"
2022-11-29 07:30:00,"1,3","8,5","0,0","17,2","90,9","901,9"
2022-11-29 08:30:00,"1,7","103,6","0,0","17,9","90,0","902,3"
2022-11-29 09:30:00,n,n,n,n,n,n
2022-11-29 10:30:00,n,n,n,n,n,n
2022-11-29 11:30:00,n,n,n,n,n,n
2022-11-29 12:00:00,n,n,n,n,n,n
2022-11-29 12:30:00,n,n,n,n,n,n
2022-11-29 13:30:00,n,n,n,n,n,n
2022-11-29 14:30:00,n,n,n,n,n,n
2022-11-29 15:30:00,n,n,n,n,n,n
2022-11-29 16:30:00,n,n,n,n,n,n
2022-11-29 17:30:00,n,n,n,n,n,n
2022-11-29 18:30:00,n,n,n,n,n,n
2022-11-29 19:30:00,n,n,n,n,n,n
2022-11-29 20:30:00,n,n,n,n,n,n
2022-11-29 21:30:00,n,n,n,n,n,n
2022-11-29 22:30:00,n,n,n,n,n,n
2022-11-29 23:30:00,n,n,n,n,n,n
2022-11-30 00:30:00,n,n,n,n,n,n
2022-11-30 01:30:00,n,n,n,n,n,n
2022-11-30 02:30:00,n,n,n,n,n,n
2022-11-30 03:30:00,n,n,n,n,n,n
2022-11-30 04:30:00,n,n,n,n,n,n
2022-11-30 05:30:00,n,n,n,n,n,n
2022-11-30 06:30:00,n,n,n,n,n,n
2022-11-30 07:30:00,n,n,n,n,n,n
2022-11-30 08:30:00,n,n,n,n,n,n
2022-11-30 09:30:00,n,n,n,n,n,n
2022-11-30 10:30:00,n,n,n,n,n,n
2022-11-30 11:30:00,n,n,n,n,n,n
2022-11-30 12:00:00,n,n,n,n,n,n
2022-11-30 12:30:00,n,n,n,n,n,n
2022-11-30 13:30:00,n,n,n,n,n,n
2022-11-30 14:30:00,n,n,n,n,n,n
2022-11-30 15:30:00,n,n,n,n,n,n
2022-11-30 16:30:00,n,n,n,n,n,n
2022-11-30 17:30:00,n,n,n,n,n,n
2022-11-30 18:30:00,n,n,n,n,n,n
2022-11-30 19:30:00,n,n,n,n,n,n
2022-11-30 20:30:00,n,n,n,n,n,n
2022-11-30 21:30:00,n,n,n,n,n,n
2022-11-30 22:30:00,n,n,n,n,n,n
2022-11-30 23:30:00,n,n,n,n,n,n
